District,Year,Type of Court,Functioning Courts
Ahilyanagar,2006,Civil Court,
Ahilyanagar,2006,Consumer Forum,
Ahilyanagar,2006,Criminal Court,
Ahilyanagar,2006,District Magistrate And Executive Magistrate,
Ahilyanagar,2006,Family Court,
Ahilyanagar,2006,Industrial Court,
Ahilyanagar,2006,Labor Court,
Ahilyanagar,2006,Public Court,
Ahilyanagar,2008,Civil Court,
Ahilyanagar,2008,Consumer Forum,
Ahilyanagar,2008,Criminal Court,
Ahilyanagar,2008,District Magistrate And Executive Magistrate,
Ahilyanagar,2008,Family Court,
Ahilyanagar,2008,Industrial Court,
Ahilyanagar,2008,Labor Court,
Ahilyanagar,2008,Public Court,
Ahilyanagar,2009,Civil Court,38.0
Ahilyanagar,2009,Consumer Forum,1.0
Ahilyanagar,2009,Criminal Court,54.0
Ahilyanagar,2009,District Magistrate And Executive Magistrate,1.0
Ahilyanagar,2009,Family Court,
Ahilyanagar,2009,Industrial Court,1.0
Ahilyanagar,2009,Labor Court,2.0
Ahilyanagar,2009,Public Court,
Ahilyanagar,2010,Civil Court,38.0
Ahilyanagar,2010,Consumer Forum,1.0
Ahilyanagar,2010,Criminal Court,54.0
Ahilyanagar,2010,District Magistrate And Executive Magistrate,1.0
Ahilyanagar,2010,Family Court,
Ahilyanagar,2010,Industrial Court,1.0
Ahilyanagar,2010,Labor Court,2.0
Ahilyanagar,2010,Public Court,
Ahilyanagar,2011,Civil Court,38.0
Ahilyanagar,2011,Consumer Forum,1.0
Ahilyanagar,2011,Criminal Court,54.0
Ahilyanagar,2011,District Magistrate And Executive Magistrate,1.0
Ahilyanagar,2011,Family Court,
Ahilyanagar,2011,Industrial Court,1.0
Ahilyanagar,2011,Labor Court,2.0
Ahilyanagar,2011,Public Court,
Ahilyanagar,2012,Civil Court,38.0
Ahilyanagar,2012,Consumer Forum,1.0
Ahilyanagar,2012,Criminal Court,54.0
Ahilyanagar,2012,District Magistrate And Executive Magistrate,1.0
Ahilyanagar,2012,Family Court,
Ahilyanagar,2012,Industrial Court,1.0
Ahilyanagar,2012,Labor Court,2.0
Ahilyanagar,2012,Public Court,
Ahilyanagar,2013,Civil Court,38.0
Ahilyanagar,2013,Consumer Forum,1.0
Ahilyanagar,2013,Criminal Court,54.0
Ahilyanagar,2013,District Magistrate And Executive Magistrate,1.0
Ahilyanagar,2013,"Family Court
",
Ahilyanagar,2013,Industrial Court,1.0
Ahilyanagar,2013,Labor Court,2.0
Ahilyanagar,2013,Public Court,
Ahilyanagar,2014,Civil Court,32.0
Ahilyanagar,2014,Consumer Forum,1.0
Ahilyanagar,2014,Criminal Court,46.0
Ahilyanagar,2014,District Magistrate And Executive Magistrate,1.0
Ahilyanagar,2014,"Family Court
",
Ahilyanagar,2014,Industrial Court,1.0
Ahilyanagar,2014,Labor Court,2.0
Ahilyanagar,2014,Public Court,
Ahilyanagar,2015,Civil Court,62.0
Ahilyanagar,2015,Consumer Forum,1.0
Ahilyanagar,2015,Criminal Court,46.0
Ahilyanagar,2015,District Magistrate And Executive Magistrate,1.0
Ahilyanagar,2015,"Family Court
",
Ahilyanagar,2015,Industrial Court,1.0
Ahilyanagar,2015,Labor Court,2.0
Ahilyanagar,2015,Public Court,1.0
Ahilyanagar,2016,Civil Court,66.0
Ahilyanagar,2016,Consumer Forum,1.0
Ahilyanagar,2016,Criminal Court,49.0
Ahilyanagar,2016,District Magistrate And Executive Magistrate,1.0
Ahilyanagar,2016,Family Court,
Ahilyanagar,2016,Industrial Court,1.0
Ahilyanagar,2016,Labor Court,2.0
Ahilyanagar,2016,Public Court,1.0
Ahilyanagar,2017,Civil Court,66.0
Ahilyanagar,2017,Consumer Forum,1.0
Ahilyanagar,2017,Criminal Court,49.0
Ahilyanagar,2017,District Magistrate And Executive Magistrate,1.0
Ahilyanagar,2017,Family Court,
Ahilyanagar,2017,Industrial Court,1.0
Ahilyanagar,2017,Labor Court,2.0
Ahilyanagar,2017,Public Court,1.0
Ahilyanagar,2018,Civil Court,66.0
Ahilyanagar,2018,Consumer Forum,1.0
Ahilyanagar,2018,Criminal Court,49.0
Ahilyanagar,2018,District Magistrate And Executive Magistrate,1.0
Ahilyanagar,2018,"Family Court
",
Ahilyanagar,2018,Industrial Court,1.0
Ahilyanagar,2018,Labor Court,2.0
Ahilyanagar,2018,Public Court,1.0
Ahilyanagar,2019,Civil Court,4.0
Ahilyanagar,2019,Consumer Forum,1.0
Ahilyanagar,2019,Criminal Court,4.0
Ahilyanagar,2019,District Magistrate And Executive Magistrate,1.0
Ahilyanagar,2019,"Family Court
",
Ahilyanagar,2019,Industrial Court,1.0
Ahilyanagar,2019,Labor Court,2.0
Ahilyanagar,2019,Public Court,1.0
Ahilyanagar,2020,Civil Court,42.0
Ahilyanagar,2020,Consumer Forum,1.0
Ahilyanagar,2020,Criminal Court,42.0
Ahilyanagar,2020,District Magistrate And Executive Magistrate,1.0
Ahilyanagar,2020,"Family Court
",
Ahilyanagar,2020,Industrial Court,1.0
Ahilyanagar,2020,Labor Court,2.0
Ahilyanagar,2020,Public Court,1.0
Ahilyanagar,2021,Civil Court,47.0
Ahilyanagar,2021,Consumer Forum,1.0
Ahilyanagar,2021,Criminal Court,47.0
Ahilyanagar,2021,District Magistrate And Executive Magistrate,1.0
Ahilyanagar,2021,"Family Court
",
Ahilyanagar,2021,Industrial Court,1.0
Ahilyanagar,2021,Labor Court,2.0
Ahilyanagar,2021,Public Court,1.0
Akola,2012,Civil Court,32.0
Akola,2012,Consumer Forum,1.0
Akola,2012,Criminal Court,31.0
Akola,2012,District Magistrate And Executive Magistrate,7.0
Akola,2012,Family Court,1.0
Akola,2012,Industrial Court,1.0
Akola,2012,Labor Court,1.0
Akola,2012,Public Court,
Akola,2013,Civil Court,34.0
Akola,2013,Consumer Forum,1.0
Akola,2013,Criminal Court,31.0
Akola,2013,District Magistrate And Executive Magistrate,7.0
Akola,2013,"Family Court
",1.0
Akola,2013,Industrial Court,1.0
Akola,2013,Labor Court,1.0
Akola,2013,Public Court,
Akola,2014,Civil Court,31.0
Akola,2014,Consumer Forum,1.0
Akola,2014,Criminal Court,33.0
Akola,2014,District Magistrate And Executive Magistrate,7.0
Akola,2014,"Family Court
",1.0
Akola,2014,Industrial Court,1.0
Akola,2014,Labor Court,1.0
Akola,2014,Public Court,
Akola,2015,Civil Court,35.0
Akola,2015,Consumer Forum,1.0
Akola,2015,Criminal Court,3.0
Akola,2015,District Magistrate And Executive Magistrate,7.0
Akola,2015,"Family Court
",1.0
Akola,2015,Industrial Court,1.0
Akola,2015,Labor Court,1.0
Akola,2015,Public Court,
Akola,2016,Civil Court,4.0
Akola,2016,Consumer Forum,1.0
Akola,2016,Criminal Court,34.0
Akola,2016,District Magistrate And Executive Magistrate,7.0
Akola,2016,Family Court,1.0
Akola,2016,Industrial Court,1.0
Akola,2016,Labor Court,1.0
Akola,2016,Public Court,
Akola,2017,Civil Court,43.0
Akola,2017,Consumer Forum,1.0
Akola,2017,Criminal Court,42.0
Akola,2017,District Magistrate And Executive Magistrate,7.0
Akola,2017,"Family Court
",1.0
Akola,2017,Industrial Court,1.0
Akola,2017,Labor Court,1.0
Akola,2017,Public Court,
Akola,2018,Civil Court,43.0
Akola,2018,Consumer Forum,1.0
Akola,2018,Criminal Court,42.0
Akola,2018,District Magistrate And Executive Magistrate,7.0
Akola,2018,"Family Court
",1.0
Akola,2018,Industrial Court,1.0
Akola,2018,Labor Court,1.0
Akola,2018,Public Court,
Akola,2019,Civil Court,43.0
Akola,2019,Consumer Forum,1.0
Akola,2019,Criminal Court,42.0
Akola,2019,District Magistrate And Executive Magistrate,7.0
Akola,2019,"Family Court
",1.0
Akola,2019,Industrial Court,1.0
Akola,2019,Labor Court,1.0
Akola,2019,Public Court,
Akola,2020,Civil Court,43.0
Akola,2020,Consumer Forum,1.0
Akola,2020,Criminal Court,33.0
Akola,2020,District Magistrate And Executive Magistrate,7.0
Akola,2020,"Family Court
",1.0
Akola,2020,Industrial Court,1.0
Akola,2020,Labor Court,1.0
Akola,2020,Public Court,
Akola,2021,Civil Court,3.0
Akola,2021,Consumer Forum,1.0
Akola,2021,Criminal Court,33.0
Akola,2021,District Magistrate And Executive Magistrate,2.0
Akola,2021,"Family Court
",1.0
Akola,2021,Industrial Court,1.0
Akola,2021,Labor Court,1.0
Akola,2021,Public Court,
Amravati,2006,Civil Court,
Amravati,2006,Consumer Forum,
Amravati,2006,Criminal Court,
Amravati,2006,District Magistrate And Executive Magistrate,
Amravati,2006,Family Court,
Amravati,2006,Industrial Court,
Amravati,2006,Labor Court,
Amravati,2006,Public Court,
Amravati,2008,Civil Court,
Amravati,2008,Consumer Forum,
Amravati,2008,Criminal Court,
Amravati,2008,District Magistrate And Executive Magistrate,
Amravati,2008,Family Court,
Amravati,2008,Industrial Court,
Amravati,2008,Labor Court,
Amravati,2008,Public Court,
Amravati,2009,Civil Court,55.0
Amravati,2009,Consumer Forum,1.0
Amravati,2009,Criminal Court,48.0
Amravati,2009,District Magistrate And Executive Magistrate,21.0
Amravati,2009,Family Court,1.0
Amravati,2009,Industrial Court,1.0
Amravati,2009,Labor Court,1.0
Amravati,2009,Public Court,
Amravati,2010,Civil Court,54.0
Amravati,2010,Consumer Forum,1.0
Amravati,2010,Criminal Court,47.0
Amravati,2010,District Magistrate And Executive Magistrate,21.0
Amravati,2010,Family Court,1.0
Amravati,2010,Industrial Court,1.0
Amravati,2010,Labor Court,1.0
Amravati,2010,Public Court,
Amravati,2011,Civil Court,52.0
Amravati,2011,Consumer Forum,1.0
Amravati,2011,Criminal Court,47.0
Amravati,2011,District Magistrate And Executive Magistrate,22.0
Amravati,2011,Family Court,1.0
Amravati,2011,Industrial Court,1.0
Amravati,2011,Labor Court,1.0
Amravati,2011,Public Court,
Amravati,2012,Civil Court,51.0
Amravati,2012,Consumer Forum,1.0
Amravati,2012,Criminal Court,46.0
Amravati,2012,District Magistrate And Executive Magistrate,22.0
Amravati,2012,Family Court,
Amravati,2012,Industrial Court,1.0
Amravati,2012,Labor Court,1.0
Amravati,2012,Public Court,
Amravati,2013,Civil Court,56.0
Amravati,2013,Consumer Forum,1.0
Amravati,2013,Criminal Court,48.0
Amravati,2013,District Magistrate And Executive Magistrate,
Amravati,2013,"Family Court
",1.0
Amravati,2013,Industrial Court,1.0
Amravati,2013,Labor Court,1.0
Amravati,2013,Public Court,
Amravati,2014,Civil Court,41.0
Amravati,2014,Consumer Forum,1.0
Amravati,2014,Criminal Court,
Amravati,2014,District Magistrate And Executive Magistrate,
Amravati,2014,"Family Court
",1.0
Amravati,2014,Industrial Court,1.0
Amravati,2014,Labor Court,1.0
Amravati,2014,Public Court,
Amravati,2015,Civil Court,54.0
Amravati,2015,Consumer Forum,1.0
Amravati,2015,Criminal Court,
Amravati,2015,District Magistrate And Executive Magistrate,23.0
Amravati,2015,"Family Court
",1.0
Amravati,2015,Industrial Court,1.0
Amravati,2015,Labor Court,1.0
Amravati,2015,Public Court,
Amravati,2016,Civil Court,59.0
Amravati,2016,Consumer Forum,1.0
Amravati,2016,Criminal Court,
Amravati,2016,District Magistrate And Executive Magistrate,
Amravati,2016,Family Court,1.0
Amravati,2016,Industrial Court,1.0
Amravati,2016,Labor Court,1.0
Amravati,2016,Public Court,
Amravati,2017,Civil Court,56.0
Amravati,2017,Consumer Forum,1.0
Amravati,2017,Criminal Court,
Amravati,2017,District Magistrate And Executive Magistrate,
Amravati,2017,"Family Court
",1.0
Amravati,2017,Industrial Court,1.0
Amravati,2017,Labor Court,1.0
Amravati,2017,Public Court,
Amravati,2018,Civil Court,65.0
Amravati,2018,Consumer Forum,1.0
Amravati,2018,Criminal Court,
Amravati,2018,District Magistrate And Executive Magistrate,25.0
Amravati,2018,"Family Court
",1.0
Amravati,2018,Industrial Court,1.0
Amravati,2018,Labor Court,1.0
Amravati,2018,Public Court,
Amravati,2019,Civil Court,67.0
Amravati,2019,Consumer Forum,1.0
Amravati,2019,Criminal Court,
Amravati,2019,District Magistrate And Executive Magistrate,31.0
Amravati,2019,"Family Court
",1.0
Amravati,2019,Industrial Court,1.0
Amravati,2019,Labor Court,1.0
Amravati,2019,Public Court,
Amravati,2020,Civil Court,64.0
Amravati,2020,Consumer Forum,1.0
Amravati,2020,Criminal Court,
Amravati,2020,District Magistrate And Executive Magistrate,4.0
Amravati,2020,"Family Court
",1.0
Amravati,2020,Industrial Court,1.0
Amravati,2020,Labor Court,1.0
Amravati,2020,Public Court,
Amravati,2021,Civil Court,68.0
Amravati,2021,Consumer Forum,1.0
Amravati,2021,Criminal Court,
Amravati,2021,District Magistrate And Executive Magistrate,41.0
Amravati,2021,"Family Court
",1.0
Amravati,2021,Industrial Court,1.0
Amravati,2021,Labor Court,1.0
Amravati,2021,Public Court,
Beed,2013,Civil Court,48.0
Beed,2013,Consumer Forum,1.0
Beed,2013,Criminal Court,1.0
Beed,2013,District Magistrate And Executive Magistrate,
Beed,2013,"Family Court
",
Beed,2013,Industrial Court,1.0
Beed,2013,Labor Court,2.0
Beed,2013,Public Court,
Beed,2014,Civil Court,47.0
Beed,2014,Consumer Forum,1.0
Beed,2014,Criminal Court,1.0
Beed,2014,District Magistrate And Executive Magistrate,
Beed,2014,"Family Court
",
Beed,2014,Industrial Court,1.0
Beed,2014,Labor Court,2.0
Beed,2014,Public Court,
Beed,2015,Civil Court,51.0
Beed,2015,Consumer Forum,1.0
Beed,2015,Criminal Court,1.0
Beed,2015,District Magistrate And Executive Magistrate,
Beed,2015,"Family Court
",
Beed,2015,Industrial Court,1.0
Beed,2015,Labor Court,2.0
Beed,2015,Public Court,
Beed,2016,Civil Court,54.0
Beed,2016,Consumer Forum,1.0
Beed,2016,Criminal Court,55.0
Beed,2016,District Magistrate And Executive Magistrate,
Beed,2016,Family Court,
Beed,2016,Industrial Court,
Beed,2016,Labor Court,
Beed,2016,Public Court,
Beed,2017,Civil Court,53.0
Beed,2017,Consumer Forum,1.0
Beed,2017,Criminal Court,54.0
Beed,2017,District Magistrate And Executive Magistrate,
Beed,2017,"Family Court
",
Beed,2017,Industrial Court,
Beed,2017,Labor Court,
Beed,2017,Public Court,
Beed,2018,Civil Court,58.0
Beed,2018,Consumer Forum,1.0
Beed,2018,Criminal Court,59.0
Beed,2018,District Magistrate And Executive Magistrate,
Beed,2018,"Family Court
",
Beed,2018,Industrial Court,
Beed,2018,Labor Court,
Beed,2018,Public Court,
Beed,2019,Civil Court,6.0
Beed,2019,Consumer Forum,1.0
Beed,2019,Criminal Court,58.0
Beed,2019,District Magistrate And Executive Magistrate,
Beed,2019,"Family Court
",
Beed,2019,Industrial Court,
Beed,2019,Labor Court,
Beed,2019,Public Court,
Beed,2020,Civil Court,58.0
Beed,2020,Consumer Forum,1.0
Beed,2020,Criminal Court,59.0
Beed,2020,District Magistrate And Executive Magistrate,
Beed,2020,"Family Court
",1.0
Beed,2020,Industrial Court,
Beed,2020,Labor Court,
Beed,2020,Public Court,
Beed,2021,Civil Court,55.0
Beed,2021,Consumer Forum,1.0
Beed,2021,Criminal Court,56.0
Beed,2021,District Magistrate And Executive Magistrate,18.0
Beed,2021,"Family Court
",1.0
Beed,2021,Industrial Court,
Beed,2021,Labor Court,
Beed,2021,Public Court,
Bhandara,2012,Civil Court,1.0
Bhandara,2012,Consumer Forum,1.0
Bhandara,2012,Criminal Court,18.0
Bhandara,2012,District Magistrate And Executive Magistrate,
Bhandara,2012,Family Court,
Bhandara,2012,Industrial Court,1.0
Bhandara,2012,Labor Court,1.0
Bhandara,2012,Public Court,
Bhandara,2013,Civil Court,1.0
Bhandara,2013,Consumer Forum,1.0
Bhandara,2013,Criminal Court,18.0
Bhandara,2013,District Magistrate And Executive Magistrate,
Bhandara,2013,"Family Court
",
Bhandara,2013,Industrial Court,1.0
Bhandara,2013,Labor Court,1.0
Bhandara,2013,Public Court,
Bhandara,2014,Civil Court,1.0
Bhandara,2014,Consumer Forum,1.0
Bhandara,2014,Criminal Court,2.0
Bhandara,2014,District Magistrate And Executive Magistrate,
Bhandara,2014,"Family Court
",
Bhandara,2014,Industrial Court,1.0
Bhandara,2014,Labor Court,1.0
Bhandara,2014,Public Court,
Bhandara,2015,Civil Court,2.0
Bhandara,2015,Consumer Forum,1.0
Bhandara,2015,Criminal Court,23.0
Bhandara,2015,District Magistrate And Executive Magistrate,
Bhandara,2015,"Family Court
",
Bhandara,2015,Industrial Court,1.0
Bhandara,2015,Labor Court,1.0
Bhandara,2015,Public Court,
Bhandara,2016,Civil Court,2.0
Bhandara,2016,Consumer Forum,1.0
Bhandara,2016,Criminal Court,24.0
Bhandara,2016,District Magistrate And Executive Magistrate,1.0
Bhandara,2016,Family Court,
Bhandara,2016,Industrial Court,1.0
Bhandara,2016,Labor Court,1.0
Bhandara,2016,Public Court,
Bhandara,2017,Civil Court,2.0
Bhandara,2017,Consumer Forum,1.0
Bhandara,2017,Criminal Court,19.0
Bhandara,2017,District Magistrate And Executive Magistrate,1.0
Bhandara,2017,"Family Court
",
Bhandara,2017,Industrial Court,1.0
Bhandara,2017,Labor Court,1.0
Bhandara,2017,Public Court,
Bhandara,2018,Civil Court,2.0
Bhandara,2018,Consumer Forum,1.0
Bhandara,2018,Criminal Court,17.0
Bhandara,2018,District Magistrate And Executive Magistrate,
Bhandara,2018,"Family Court
",
Bhandara,2018,Industrial Court,1.0
Bhandara,2018,Labor Court,1.0
Bhandara,2018,Public Court,
Bhandara,2019,Civil Court,3.0
Bhandara,2019,Consumer Forum,1.0
Bhandara,2019,Criminal Court,2.0
Bhandara,2019,District Magistrate And Executive Magistrate,
Bhandara,2019,"Family Court
",
Bhandara,2019,Industrial Court,1.0
Bhandara,2019,Labor Court,1.0
Bhandara,2019,Public Court,
Bhandara,2020,Civil Court,6.0
Bhandara,2020,Consumer Forum,1.0
Bhandara,2020,Criminal Court,16.0
Bhandara,2020,District Magistrate And Executive Magistrate,11.0
Bhandara,2020,"Family Court
",1.0
Bhandara,2020,Industrial Court,1.0
Bhandara,2020,Labor Court,1.0
Bhandara,2020,Public Court,
Bhandara,2021,Civil Court,5.0
Bhandara,2021,Consumer Forum,1.0
Bhandara,2021,Criminal Court,2.0
Bhandara,2021,District Magistrate And Executive Magistrate,11.0
Bhandara,2021,"Family Court
",1.0
Bhandara,2021,Industrial Court,1.0
Bhandara,2021,Labor Court,1.0
Bhandara,2021,Public Court,
Buldhana,2013,Civil Court,4.0
Buldhana,2013,Consumer Forum,1.0
Buldhana,2013,Criminal Court,51.0
Buldhana,2013,District Magistrate And Executive Magistrate,
Buldhana,2013,"Family Court
",
Buldhana,2013,Industrial Court,1.0
Buldhana,2013,Labor Court,1.0
Buldhana,2013,Public Court,
Buldhana,2014,Civil Court,4.0
Buldhana,2014,Consumer Forum,
Buldhana,2014,Criminal Court,51.0
Buldhana,2014,District Magistrate And Executive Magistrate,
Buldhana,2014,"Family Court
",
Buldhana,2014,Industrial Court,1.0
Buldhana,2014,Labor Court,1.0
Buldhana,2014,Public Court,
Buldhana,2015,Civil Court,6.0
Buldhana,2015,Consumer Forum,1.0
Buldhana,2015,Criminal Court,35.0
Buldhana,2015,District Magistrate And Executive Magistrate,34.0
Buldhana,2015,"Family Court
",
Buldhana,2015,Industrial Court,1.0
Buldhana,2015,Labor Court,1.0
Buldhana,2015,Public Court,
Buldhana,2016,Civil Court,4.0
Buldhana,2016,Consumer Forum,1.0
Buldhana,2016,Criminal Court,38.0
Buldhana,2016,District Magistrate And Executive Magistrate,34.0
Buldhana,2016,Family Court,
Buldhana,2016,Industrial Court,1.0
Buldhana,2016,Labor Court,1.0
Buldhana,2016,Public Court,
Buldhana,2017,Civil Court,42.0
Buldhana,2017,Consumer Forum,1.0
Buldhana,2017,Criminal Court,4.0
Buldhana,2017,District Magistrate And Executive Magistrate,21.0
Buldhana,2017,"Family Court
",
Buldhana,2017,Industrial Court,1.0
Buldhana,2017,Labor Court,1.0
Buldhana,2017,Public Court,
Buldhana,2018,Civil Court,37.0
Buldhana,2018,Consumer Forum,1.0
Buldhana,2018,Criminal Court,33.0
Buldhana,2018,District Magistrate And Executive Magistrate,21.0
Buldhana,2018,"Family Court
",1.0
Buldhana,2018,Industrial Court,1.0
Buldhana,2018,Labor Court,1.0
Buldhana,2018,Public Court,
Buldhana,2019,Civil Court,37.0
Buldhana,2019,Consumer Forum,1.0
Buldhana,2019,Criminal Court,33.0
Buldhana,2019,District Magistrate And Executive Magistrate,21.0
Buldhana,2019,"Family Court
",1.0
Buldhana,2019,Industrial Court,1.0
Buldhana,2019,Labor Court,1.0
Buldhana,2019,Public Court,
Buldhana,2020,Civil Court,39.0
Buldhana,2020,Consumer Forum,1.0
Buldhana,2020,Criminal Court,34.0
Buldhana,2020,District Magistrate And Executive Magistrate,21.0
Buldhana,2020,"Family Court
",1.0
Buldhana,2020,Industrial Court,1.0
Buldhana,2020,Labor Court,1.0
Buldhana,2020,Public Court,1.0
Buldhana,2021,Civil Court,39.0
Buldhana,2021,Consumer Forum,1.0
Buldhana,2021,Criminal Court,36.0
Buldhana,2021,District Magistrate And Executive Magistrate,21.0
Buldhana,2021,"Family Court
",1.0
Buldhana,2021,Industrial Court,1.0
Buldhana,2021,Labor Court,1.0
Buldhana,2021,Public Court,
Chandrapur,2006,Civil Court,
Chandrapur,2006,Consumer Forum,
Chandrapur,2006,Criminal Court,
Chandrapur,2006,District Magistrate And Executive Magistrate,
Chandrapur,2006,Family Court,
Chandrapur,2006,Industrial Court,
Chandrapur,2006,Labor Court,
Chandrapur,2006,Public Court,
Chandrapur,2008,Civil Court,
Chandrapur,2008,Consumer Forum,
Chandrapur,2008,Criminal Court,
Chandrapur,2008,District Magistrate And Executive Magistrate,
Chandrapur,2008,Family Court,
Chandrapur,2008,Industrial Court,
Chandrapur,2008,Labor Court,
Chandrapur,2008,Public Court,
Chandrapur,2009,Civil Court,46.0
Chandrapur,2009,Consumer Forum,1.0
Chandrapur,2009,Criminal Court,46.0
Chandrapur,2009,District Magistrate And Executive Magistrate,
Chandrapur,2009,Family Court,
Chandrapur,2009,Industrial Court,1.0
Chandrapur,2009,Labor Court,1.0
Chandrapur,2009,Public Court,13.0
Chandrapur,2010,Civil Court,46.0
Chandrapur,2010,Consumer Forum,1.0
Chandrapur,2010,Criminal Court,46.0
Chandrapur,2010,District Magistrate And Executive Magistrate,
Chandrapur,2010,Family Court,
Chandrapur,2010,Industrial Court,1.0
Chandrapur,2010,Labor Court,1.0
Chandrapur,2010,Public Court,
Chandrapur,2011,Civil Court,42.0
Chandrapur,2011,Consumer Forum,1.0
Chandrapur,2011,Criminal Court,39.0
Chandrapur,2011,District Magistrate And Executive Magistrate,
Chandrapur,2011,Family Court,
Chandrapur,2011,Industrial Court,1.0
Chandrapur,2011,Labor Court,1.0
Chandrapur,2011,Public Court,
Chandrapur,2012,Civil Court*,36.0
Chandrapur,2012,Consumer Forum,1.0
Chandrapur,2012,Criminal Court*,33.0
Chandrapur,2012,District Magistrate And Executive Magistrate,
Chandrapur,2012,Family Court,
Chandrapur,2012,Industrial Court,1.0
Chandrapur,2012,Labor Court,1.0
Chandrapur,2012,Public Court,
Chandrapur,2013,Civil Court*,35.0
Chandrapur,2013,Consumer Forum,1.0
Chandrapur,2013,Criminal Court*,32.0
Chandrapur,2013,District Magistrate And Executive Magistrate,
Chandrapur,2013,"Family Court
",
Chandrapur,2013,Industrial Court,1.0
Chandrapur,2013,Labor Court,1.0
Chandrapur,2013,Public Court,
Chandrapur,2014,Civil Court,36.0
Chandrapur,2014,Consumer Forum,1.0
Chandrapur,2014,Criminal Court,33.0
Chandrapur,2014,District Magistrate And Executive Magistrate,
Chandrapur,2014,"Family Court
",
Chandrapur,2014,Industrial Court,1.0
Chandrapur,2014,Labor Court,1.0
Chandrapur,2014,Public Court,
Chandrapur,2015,Civil Court,36.0
Chandrapur,2015,Consumer Forum,1.0
Chandrapur,2015,Criminal Court,33.0
Chandrapur,2015,District Magistrate And Executive Magistrate,
Chandrapur,2015,"Family Court
",
Chandrapur,2015,Industrial Court,1.0
Chandrapur,2015,Labor Court,1.0
Chandrapur,2015,Public Court,
Chandrapur,2016,Civil Court,46.0
Chandrapur,2016,Consumer Forum,1.0
Chandrapur,2016,Criminal Court,4.0
Chandrapur,2016,District Magistrate And Executive Magistrate,
Chandrapur,2016,Family Court,
Chandrapur,2016,Industrial Court,1.0
Chandrapur,2016,Labor Court,1.0
Chandrapur,2016,Public Court,
Chandrapur,2017,Civil Court,43.0
Chandrapur,2017,Consumer Forum,1.0
Chandrapur,2017,Criminal Court,39.0
Chandrapur,2017,District Magistrate And Executive Magistrate,
Chandrapur,2017,"Family Court
",
Chandrapur,2017,Industrial Court,1.0
Chandrapur,2017,Labor Court,1.0
Chandrapur,2017,Public Court,
Chandrapur,2018,Civil Court,38.0
Chandrapur,2018,Consumer Forum,1.0
Chandrapur,2018,Criminal Court,34.0
Chandrapur,2018,District Magistrate And Executive Magistrate,26.0
Chandrapur,2018,"Family Court
",
Chandrapur,2018,Industrial Court,1.0
Chandrapur,2018,Labor Court,1.0
Chandrapur,2018,Public Court,
Chandrapur,2019,Civil Court,38.0
Chandrapur,2019,Consumer Forum,1.0
Chandrapur,2019,Criminal Court,31.0
Chandrapur,2019,District Magistrate And Executive Magistrate,26.0
Chandrapur,2019,"Family Court
",
Chandrapur,2019,Industrial Court,1.0
Chandrapur,2019,Labor Court,1.0
Chandrapur,2019,Public Court,
Chandrapur,2020,Civil Court,41.0
Chandrapur,2020,Consumer Forum,1.0
Chandrapur,2020,Criminal Court,34.0
Chandrapur,2020,District Magistrate And Executive Magistrate,26.0
Chandrapur,2020,"Family Court
",
Chandrapur,2020,Industrial Court,1.0
Chandrapur,2020,Labor Court,1.0
Chandrapur,2020,Public Court,
Chandrapur,2021,Civil Court,4.0
Chandrapur,2021,Consumer Forum,1.0
Chandrapur,2021,Criminal Court,35.0
Chandrapur,2021,District Magistrate And Executive Magistrate,26.0
Chandrapur,2021,"Family Court
",
Chandrapur,2021,Industrial Court,1.0
Chandrapur,2021,Labor Court,1.0
Chandrapur,2021,Public Court,
Gadchiroli,2006,Civil Court,
Gadchiroli,2006,Consumer Forum,
Gadchiroli,2006,Criminal Court,
Gadchiroli,2006,District Magistrate And Executive Magistrate,
Gadchiroli,2006,Family Court,
Gadchiroli,2006,Industrial Court,
Gadchiroli,2006,Labor Court,
Gadchiroli,2006,Public Court,
Gadchiroli,2008,Civil Court,
Gadchiroli,2008,Consumer Forum,
Gadchiroli,2008,Criminal Court,
Gadchiroli,2008,District Magistrate And Executive Magistrate,
Gadchiroli,2008,Family Court,
Gadchiroli,2008,Industrial Court,
Gadchiroli,2008,Labor Court,
Gadchiroli,2008,Public Court,
Gadchiroli,2009,Civil Court,2.0
Gadchiroli,2009,Consumer Forum,37.0
Gadchiroli,2009,Criminal Court,19.0
Gadchiroli,2009,District Magistrate And Executive Magistrate,16.0
Gadchiroli,2009,Family Court,
Gadchiroli,2009,Industrial Court,
Gadchiroli,2009,Labor Court,
Gadchiroli,2009,Public Court,
Gadchiroli,2010,Civil Court,1.0
Gadchiroli,2010,Consumer Forum,37.0
Gadchiroli,2010,Criminal Court,16.0
Gadchiroli,2010,District Magistrate And Executive Magistrate,16.0
Gadchiroli,2010,Family Court,
Gadchiroli,2010,Industrial Court,
Gadchiroli,2010,Labor Court,
Gadchiroli,2010,Public Court,
Gadchiroli,2011,Civil Court,1.0
Gadchiroli,2011,Consumer Forum,1.0
Gadchiroli,2011,Criminal Court,14.0
Gadchiroli,2011,District Magistrate And Executive Magistrate,19.0
Gadchiroli,2011,Family Court,
Gadchiroli,2011,Industrial Court,
Gadchiroli,2011,Labor Court,
Gadchiroli,2011,Public Court,
Gadchiroli,2012,Civil Court,1.0
Gadchiroli,2012,Consumer Forum,1.0
Gadchiroli,2012,Criminal Court,13.0
Gadchiroli,2012,District Magistrate And Executive Magistrate,19.0
Gadchiroli,2012,Family Court,
Gadchiroli,2012,Industrial Court,
Gadchiroli,2012,Labor Court,
Gadchiroli,2012,Public Court,
Gadchiroli,2013,Civil Court,1.0
Gadchiroli,2013,Consumer Forum,1.0
Gadchiroli,2013,Criminal Court,15.0
Gadchiroli,2013,District Magistrate And Executive Magistrate,19.0
Gadchiroli,2013,"Family Court
",
Gadchiroli,2013,Industrial Court,
Gadchiroli,2013,Labor Court,
Gadchiroli,2013,Public Court,
Gadchiroli,2014,Civil Court,1.0
Gadchiroli,2014,Consumer Forum,1.0
Gadchiroli,2014,Criminal Court,15.0
Gadchiroli,2014,District Magistrate And Executive Magistrate,19.0
Gadchiroli,2014,"Family Court
",
Gadchiroli,2014,Industrial Court,
Gadchiroli,2014,Labor Court,
Gadchiroli,2014,Public Court,
Gadchiroli,2015,Civil Court,1.0
Gadchiroli,2015,Consumer Forum,1.0
Gadchiroli,2015,Criminal Court,16.0
Gadchiroli,2015,District Magistrate And Executive Magistrate,19.0
Gadchiroli,2015,"Family Court
",
Gadchiroli,2015,Industrial Court,
Gadchiroli,2015,Labor Court,
Gadchiroli,2015,Public Court,
Gadchiroli,2016,Civil Court,1.0
Gadchiroli,2016,Consumer Forum,1.0
Gadchiroli,2016,Criminal Court,16.0
Gadchiroli,2016,District Magistrate And Executive Magistrate,19.0
Gadchiroli,2016,Family Court,
Gadchiroli,2016,Industrial Court,
Gadchiroli,2016,Labor Court,
Gadchiroli,2016,Public Court,
Gadchiroli,2017,Civil Court,1.0
Gadchiroli,2017,Consumer Forum,1.0
Gadchiroli,2017,Criminal Court,16.0
Gadchiroli,2017,District Magistrate And Executive Magistrate,19.0
Gadchiroli,2017,"Family Court
",
Gadchiroli,2017,Industrial Court,
Gadchiroli,2017,Labor Court,
Gadchiroli,2017,Public Court,
Gadchiroli,2018,Civil Court,16.0
Gadchiroli,2018,Consumer Forum,1.0
Gadchiroli,2018,Criminal Court,
Gadchiroli,2018,District Magistrate And Executive Magistrate,19.0
Gadchiroli,2018,"Family Court
",
Gadchiroli,2018,Industrial Court,
Gadchiroli,2018,Labor Court,
Gadchiroli,2018,Public Court,
Gadchiroli,2019,Civil Court,19.0
Gadchiroli,2019,Consumer Forum,1.0
Gadchiroli,2019,Criminal Court,
Gadchiroli,2019,District Magistrate And Executive Magistrate,19.0
Gadchiroli,2019,"Family Court
",
Gadchiroli,2019,Industrial Court,
Gadchiroli,2019,Labor Court,
Gadchiroli,2019,Public Court,
Gadchiroli,2020,Civil Court,19.0
Gadchiroli,2020,Consumer Forum,1.0
Gadchiroli,2020,Criminal Court,
Gadchiroli,2020,District Magistrate And Executive Magistrate,19.0
Gadchiroli,2020,"Family Court
",
Gadchiroli,2020,Industrial Court,
Gadchiroli,2020,Labor Court,
Gadchiroli,2020,Public Court,
Gadchiroli,2021,Civil Court,19.0
Gadchiroli,2021,Consumer Forum,1.0
Gadchiroli,2021,Criminal Court,
Gadchiroli,2021,District Magistrate And Executive Magistrate,19.0
Gadchiroli,2021,"Family Court
",
Gadchiroli,2021,Industrial Court,
Gadchiroli,2021,Labor Court,
Gadchiroli,2021,Public Court,
Gondia,2012,Civil Court,1.0
Gondia,2012,Consumer Forum,1.0
Gondia,2012,Criminal Court,18.0
Gondia,2012,District Magistrate And Executive Magistrate,22.0
Gondia,2012,Family Court,
Gondia,2012,Industrial Court,1.0
Gondia,2012,Labor Court,1.0
Gondia,2012,Public Court,
Gondia,2013,Civil Court,1.0
Gondia,2013,Consumer Forum,1.0
Gondia,2013,Criminal Court,18.0
Gondia,2013,District Magistrate And Executive Magistrate,22.0
Gondia,2013,"Family Court
",
Gondia,2013,Industrial Court,1.0
Gondia,2013,Labor Court,1.0
Gondia,2013,Public Court,
Gondia,2014,Civil Court,1.0
Gondia,2014,Consumer Forum,1.0
Gondia,2014,Criminal Court,14.0
Gondia,2014,District Magistrate And Executive Magistrate,13.0
Gondia,2014,"Family Court
",
Gondia,2014,Industrial Court,1.0
Gondia,2014,Labor Court,1.0
Gondia,2014,Public Court,
Gondia,2015,Civil Court,12.0
Gondia,2015,Consumer Forum,1.0
Gondia,2015,Criminal Court,2.0
Gondia,2015,District Magistrate And Executive Magistrate,15.0
Gondia,2015,"Family Court
",
Gondia,2015,Industrial Court,1.0
Gondia,2015,Labor Court,1.0
Gondia,2015,Public Court,
Gondia,2016,Civil Court,2.0
Gondia,2016,Consumer Forum,1.0
Gondia,2016,Criminal Court,3.0
Gondia,2016,District Magistrate And Executive Magistrate,15.0
Gondia,2016,Family Court,
Gondia,2016,Industrial Court,1.0
Gondia,2016,Labor Court,1.0
Gondia,2016,Public Court,
Gondia,2017,Civil Court,19.0
Gondia,2017,Consumer Forum,1.0
Gondia,2017,Criminal Court,3.0
Gondia,2017,District Magistrate And Executive Magistrate,16.0
Gondia,2017,"Family Court
",
Gondia,2017,Industrial Court,1.0
Gondia,2017,Labor Court,1.0
Gondia,2017,Public Court,
Gondia,2018,Civil Court,21.0
Gondia,2018,Consumer Forum,1.0
Gondia,2018,Criminal Court,2.0
Gondia,2018,District Magistrate And Executive Magistrate,17.0
Gondia,2018,"Family Court
",
Gondia,2018,Industrial Court,1.0
Gondia,2018,Labor Court,1.0
Gondia,2018,Public Court,
Gondia,2019,Civil Court,21.0
Gondia,2019,Consumer Forum,1.0
Gondia,2019,Criminal Court,2.0
Gondia,2019,District Magistrate And Executive Magistrate,17.0
Gondia,2019,"Family Court
",
Gondia,2019,Industrial Court,1.0
Gondia,2019,Labor Court,1.0
Gondia,2019,Public Court,
Gondia,2020,Civil Court,2.0
Gondia,2020,Consumer Forum,1.0
Gondia,2020,Criminal Court,2.0
Gondia,2020,District Magistrate And Executive Magistrate,17.0
Gondia,2020,"Family Court
",
Gondia,2020,Industrial Court,1.0
Gondia,2020,Labor Court,1.0
Gondia,2020,Public Court,
Gondia,2021,Civil Court,19.0
Gondia,2021,Consumer Forum,1.0
Gondia,2021,Criminal Court,2.0
Gondia,2021,District Magistrate And Executive Magistrate,17.0
Gondia,2021,"Family Court
",
Gondia,2021,Industrial Court,1.0
Gondia,2021,Labor Court,1.0
Gondia,2021,Public Court,
Hingoli,2012,Civil Court,5.0
Hingoli,2012,Consumer Forum,1.0
Hingoli,2012,Criminal Court,5.0
Hingoli,2012,District Magistrate And Executive Magistrate,1.0
Hingoli,2012,Family Court,
Hingoli,2012,Industrial Court,
Hingoli,2012,Labor Court,
Hingoli,2012,Public Court,
Hingoli,2013,Civil Court,15.0
Hingoli,2013,Consumer Forum,1.0
Hingoli,2013,Criminal Court,13.0
Hingoli,2013,District Magistrate And Executive Magistrate,1.0
Hingoli,2013,Family Court,
Hingoli,2013,Industrial Court,
Hingoli,2013,Labor Court,
Hingoli,2013,Public Court,
Hingoli,2014,Civil Court,5.0
Hingoli,2014,Consumer Forum,1.0
Hingoli,2014,Criminal Court,5.0
Hingoli,2014,District Magistrate And Executive Magistrate,1.0
Hingoli,2014,Family Court,
Hingoli,2014,Industrial Court,
Hingoli,2014,Labor Court,
Hingoli,2014,Public Court,
Hingoli,2015,Civil Court,5.0
Hingoli,2015,Consumer Forum,1.0
Hingoli,2015,Criminal Court,5.0
Hingoli,2015,District Magistrate And Executive Magistrate,1.0
Hingoli,2015,Family Court,
Hingoli,2015,Industrial Court,
Hingoli,2015,Labor Court,
Hingoli,2015,Public Court,
Hingoli,2016,Civil Court,5.0
Hingoli,2016,Consumer Forum,1.0
Hingoli,2016,Criminal Court,5.0
Hingoli,2016,District Magistrate And Executive Magistrate,1.0
Hingoli,2016,Family Court,
Hingoli,2016,Industrial Court,
Hingoli,2016,Labor Court,
Hingoli,2016,Public Court,
Hingoli,2017,Civil Court,5.0
Hingoli,2017,Consumer Forum,1.0
Hingoli,2017,Criminal Court,5.0
Hingoli,2017,District Magistrate And Executive Magistrate,1.0
Hingoli,2017,Family Court,
Hingoli,2017,Industrial Court,
Hingoli,2017,Labor Court,
Hingoli,2017,Public Court,
Hingoli,2018,Civil Court,5.0
Hingoli,2018,Consumer Forum,1.0
Hingoli,2018,Criminal Court,5.0
Hingoli,2018,District Magistrate And Executive Magistrate,1.0
Hingoli,2018,Family Court,
Hingoli,2018,Industrial Court,
Hingoli,2018,Labor Court,
Hingoli,2018,Public Court,
Hingoli,2019,Civil Court,2.0
Hingoli,2019,Consumer Forum,1.0
Hingoli,2019,Criminal Court,2.0
Hingoli,2019,District Magistrate And Executive Magistrate,1.0
Hingoli,2019,Family Court,
Hingoli,2019,Industrial Court,
Hingoli,2019,Labor Court,
Hingoli,2019,Public Court,
Hingoli,2020,Civil Court,2.0
Hingoli,2020,Consumer Forum,1.0
Hingoli,2020,Criminal Court,2.0
Hingoli,2020,District Magistrate And Executive Magistrate,1.0
Hingoli,2020,Family Court,
Hingoli,2020,Industrial Court,
Hingoli,2020,Labor Court,
Hingoli,2020,Public Court,
Hingoli,2021,Civil Court,2.0
Hingoli,2021,Consumer Forum,1.0
Hingoli,2021,Criminal Court,2.0
Hingoli,2021,District Magistrate And Executive Magistrate,1.0
Hingoli,2021,Family Court,
Hingoli,2021,Industrial Court,
Hingoli,2021,Labor Court,
Hingoli,2021,Public Court,
Jalgaon,2009,Civil Court,55.0
Jalgaon,2009,Consumer Forum,1.0
Jalgaon,2009,Criminal Court,56.0
Jalgaon,2009,District Magistrate And Executive Magistrate,15.0
Jalgaon,2009,Family Court,
Jalgaon,2009,Industrial Court,1.0
Jalgaon,2009,Labor Court,1.0
Jalgaon,2009,Public Court,
Jalgaon,2010,Civil Court,55.0
Jalgaon,2010,Consumer Forum,1.0
Jalgaon,2010,Criminal Court,56.0
Jalgaon,2010,District Magistrate And Executive Magistrate,15.0
Jalgaon,2010,Family Court,
Jalgaon,2010,Industrial Court,1.0
Jalgaon,2010,Labor Court,1.0
Jalgaon,2010,Public Court,
Jalgaon,2011,Civil Court,56.0
Jalgaon,2011,Consumer Forum,1.0
Jalgaon,2011,Criminal Court,56.0
Jalgaon,2011,District Magistrate And Executive Magistrate,1.0
Jalgaon,2011,Family Court,1.0
Jalgaon,2011,Industrial Court,1.0
Jalgaon,2011,Labor Court,1.0
Jalgaon,2011,Public Court,
Jalgaon,2012,Civil Court,7.0
Jalgaon,2012,Consumer Forum,1.0
Jalgaon,2012,Criminal Court,43.0
Jalgaon,2012,District Magistrate And Executive Magistrate,21.0
Jalgaon,2012,Family Court,1.0
Jalgaon,2012,Industrial Court,1.0
Jalgaon,2012,Labor Court,1.0
Jalgaon,2012,Public Court,
Jalgaon,2013,Civil Court,8.0
Jalgaon,2013,Consumer Forum,3.0
Jalgaon,2013,Criminal Court,44.0
Jalgaon,2013,District Magistrate And Executive Magistrate,1.0
Jalgaon,2013,Family Court,1.0
Jalgaon,2013,Industrial Court,1.0
Jalgaon,2013,Labor Court,1.0
Jalgaon,2013,Public Court,
Jalgaon,2014,Civil Court,43.0
Jalgaon,2014,Consumer Forum,9.0
Jalgaon,2014,Criminal Court,
Jalgaon,2014,District Magistrate And Executive Magistrate,1.0
Jalgaon,2014,Family Court,22.0
Jalgaon,2014,Industrial Court,1.0
Jalgaon,2014,Labor Court,1.0
Jalgaon,2014,Public Court,1.0
Jalgaon,2015,Civil Court,51.0
Jalgaon,2015,Consumer Forum,1.0
Jalgaon,2015,Criminal Court,
Jalgaon,2015,District Magistrate And Executive Magistrate,1.0
Jalgaon,2015,Family Court,22.0
Jalgaon,2015,Industrial Court,
Jalgaon,2015,Labor Court,1.0
Jalgaon,2015,Public Court,1.0
Jalgaon,2016,Civil Court,57.0
Jalgaon,2016,Consumer Forum,1.0
Jalgaon,2016,Criminal Court,
Jalgaon,2016,District Magistrate And Executive Magistrate,22.0
Jalgaon,2016,Family Court,1.0
Jalgaon,2016,Industrial Court,1.0
Jalgaon,2016,Labor Court,1.0
Jalgaon,2016,Public Court,
Jalgaon,2017,Civil Court,13.0
Jalgaon,2017,Consumer Forum,1.0
Jalgaon,2017,Criminal Court,57.0
Jalgaon,2017,District Magistrate And Executive Magistrate,23.0
Jalgaon,2017,Family Court,1.0
Jalgaon,2017,Industrial Court,1.0
Jalgaon,2017,Labor Court,1.0
Jalgaon,2017,Public Court,
Jalgaon,2018,Civil Court,12.0
Jalgaon,2018,Consumer Forum,1.0
Jalgaon,2018,Criminal Court,55.0
Jalgaon,2018,District Magistrate And Executive Magistrate,23.0
Jalgaon,2018,Family Court,1.0
Jalgaon,2018,Industrial Court,1.0
Jalgaon,2018,Labor Court,1.0
Jalgaon,2018,Public Court,
Jalgaon,2019,Civil Court,12.0
Jalgaon,2019,Consumer Forum,1.0
Jalgaon,2019,Criminal Court,55.0
Jalgaon,2019,District Magistrate And Executive Magistrate,23.0
Jalgaon,2019,Family Court,1.0
Jalgaon,2019,Industrial Court,1.0
Jalgaon,2019,Labor Court,1.0
Jalgaon,2019,Public Court,
Jalgaon,2020,Civil Court,12.0
Jalgaon,2020,Consumer Forum,1.0
Jalgaon,2020,Criminal Court,55.0
Jalgaon,2020,District Magistrate And Executive Magistrate,24.0
Jalgaon,2020,Family Court,1.0
Jalgaon,2020,Industrial Court,1.0
Jalgaon,2020,Labor Court,1.0
Jalgaon,2020,Public Court,
Jalgaon,2021,Civil Court,1.0
Jalgaon,2021,Consumer Forum,1.0
Jalgaon,2021,Criminal Court,46.0
Jalgaon,2021,District Magistrate And Executive Magistrate,24.0
Jalgaon,2021,Family Court,1.0
Jalgaon,2021,Industrial Court,1.0
Jalgaon,2021,Labor Court,1.0
Jalgaon,2021,Public Court,1.0
Jalna,2013,Civil Court,27.0
Jalna,2013,Consumer Forum,1.0
Jalna,2013,Criminal Court,1.0
Jalna,2013,District Magistrate And Executive Magistrate,
Jalna,2013,"Family Court
",
Jalna,2013,Industrial Court,1.0
Jalna,2013,Labor Court,1.0
Jalna,2013,Public Court,
Jalna,2014,Civil Court,32.0
Jalna,2014,Consumer Forum,1.0
Jalna,2014,Criminal Court,1.0
Jalna,2014,District Magistrate And Executive Magistrate,
Jalna,2014,"Family Court
",
Jalna,2014,Industrial Court,1.0
Jalna,2014,Labor Court,1.0
Jalna,2014,Public Court,
Jalna,2015,Civil Court,32.0
Jalna,2015,Consumer Forum,1.0
Jalna,2015,Criminal Court,1.0
Jalna,2015,District Magistrate And Executive Magistrate,
Jalna,2015,"Family Court
",
Jalna,2015,Industrial Court,1.0
Jalna,2015,Labor Court,1.0
Jalna,2015,Public Court,
Jalna,2016,Civil Court,34.0
Jalna,2016,Consumer Forum,133.0
Jalna,2016,Criminal Court,1.0
Jalna,2016,District Magistrate And Executive Magistrate,
Jalna,2016,Family Court,
Jalna,2016,Industrial Court,1.0
Jalna,2016,Labor Court,1.0
Jalna,2016,Public Court,
Jalna,2017,Civil Court,35.0
Jalna,2017,Consumer Forum,1.0
Jalna,2017,Criminal Court,27.0
Jalna,2017,District Magistrate And Executive Magistrate,
Jalna,2017,"Family Court
",
Jalna,2017,Industrial Court,1.0
Jalna,2017,Labor Court,1.0
Jalna,2017,Public Court,
Jalna,2018,Civil Court,39.0
Jalna,2018,Consumer Forum,1.0
Jalna,2018,Criminal Court,
Jalna,2018,District Magistrate And Executive Magistrate,35.0
Jalna,2018,"Family Court
",1.0
Jalna,2018,Industrial Court,1.0
Jalna,2018,Labor Court,1.0
Jalna,2018,Public Court,1.0
Jalna,2019,Civil Court,37.0
Jalna,2019,Consumer Forum,1.0
Jalna,2019,Criminal Court,
Jalna,2019,District Magistrate And Executive Magistrate,36.0
Jalna,2019,"Family Court
",1.0
Jalna,2019,Industrial Court,1.0
Jalna,2019,Labor Court,1.0
Jalna,2019,Public Court,1.0
Jalna,2020,Civil Court,34.0
Jalna,2020,Consumer Forum,1.0
Jalna,2020,Criminal Court,
Jalna,2020,District Magistrate And Executive Magistrate,36.0
Jalna,2020,"Family Court
",1.0
Jalna,2020,Industrial Court,1.0
Jalna,2020,Labor Court,1.0
Jalna,2020,Public Court,1.0
Jalna,2021,Civil Court,36.0
Jalna,2021,Consumer Forum,1.0
Jalna,2021,Criminal Court,1.0
Jalna,2021,District Magistrate And Executive Magistrate,14.0
Jalna,2021,"Family Court
",1.0
Jalna,2021,Industrial Court,1.0
Jalna,2021,Labor Court,1.0
Jalna,2021,Public Court,4.0
Mumbai,2013,Civil Court,26.0
Mumbai,2013,Consumer Forum,
Mumbai,2013,Cooperative Court,6.0
Mumbai,2013,Court Of Chief Judicial Magistrate,74.0
Mumbai,2013,Criminal Court,33.0
Mumbai,2013,"Family Court
",7.0
Mumbai,2013,Industrial Court,5.0
Mumbai,2013,Labor Court,9.0
Mumbai,2013,Public Court,
Mumbai,2013,Small Causes Court,41.0
Mumbai,2014,Civil Court,57.0
Mumbai,2014,Consumer Forum,2.0
Mumbai,2014,Cooperative Court,6.0
Mumbai,2014,Court Of Chief Judicial Magistrate,4.0
Mumbai,2014,Criminal Court,
Mumbai,2014,Family Court,7.0
Mumbai,2014,Industrial Court,5.0
Mumbai,2014,Labor Court,9.0
Mumbai,2014,Public Court,
Mumbai,2014,Small Causes Court,24.0
Mumbai,2015,Civil Court,67.0
Mumbai,2015,Consumer Forum,2.0
Mumbai,2015,Cooperative Court,6.0
Mumbai,2015,Court Of Chief Judicial Magistrate,73.0
Mumbai,2015,Criminal Court,
Mumbai,2015,Family Court,7.0
Mumbai,2015,Industrial Court,5.0
Mumbai,2015,Labor Court,3.0
Mumbai,2015,Public Court,
Mumbai,2015,Small Causes Court,42.0
Mumbai,2016,Civil Court,67.0
Mumbai,2016,Consumer Forum,2.0
Mumbai,2016,Cooperative Court,41.0
Mumbai,2016,Court Of Chief Judicial Magistrate,74.0
Mumbai,2016,Criminal Court,
Mumbai,2016,Family Court,7.0
Mumbai,2016,Industrial Court,4.0
Mumbai,2016,Labor Court,11.0
Mumbai,2016,Public Court,
Mumbai,2016,Small Causes Court,4.0
Mumbai,2017,Civil Court,54.0
Mumbai,2017,Consumer Forum,2.0
Mumbai,2017,Cooperative Court,3.0
Mumbai,2017,Court Of Chief Judicial Magistrate,29.0
Mumbai,2017,Criminal Court,
Mumbai,2017,"Family Court
",7.0
Mumbai,2017,Industrial Court,4.0
Mumbai,2017,Labor Court,6.0
Mumbai,2017,Public Court,
Mumbai,2017,Small Causes Court,7.0
Mumbai,2018,Civil Court,73.0
Mumbai,2018,Consumer Forum,2.0
Mumbai,2018,Court Of Chief Judicial Magistrate,29.0
Mumbai,2018,Criminal Court,
Mumbai,2018,Industrial Court,
Mumbai,2018,Labor Court,
Mumbai,2018,Public Court,
Mumbai,2019,Civil Court,68.0
Mumbai,2019,Consumer Forum,2.0
Mumbai,2019,Court Of Chief Judicial Magistrate,37.0
Mumbai,2019,Criminal Court,
Mumbai,2019,"Family Court
",
Mumbai,2019,Industrial Court,
Mumbai,2019,Labor Court,
Mumbai,2019,Public Court,
Mumbai,2020,Civil Court,58.0
Mumbai,2020,Consumer Forum,2.0
Mumbai,2020,Court Of Chief Judicial Magistrate,37.0
Mumbai,2020,Criminal Court,58.0
Mumbai,2020,"Family Court
",
Mumbai,2020,Industrial Court,
Mumbai,2020,Labor Court,
Mumbai,2020,Public Court,
Mumbai,2021,Civil Court,84.0
Mumbai,2021,Consumer Forum,2.0
Mumbai,2021,Court Of Chief Judicial Magistrate,36.0
Mumbai,2021,Criminal Court,
Mumbai,2021,"Family Court
",7.0
Mumbai,2021,Industrial Court,9.0
Mumbai,2021,Labor Court,11.0
Mumbai,2021,Public Court,
Mumbai Suburban,2016,Civil Court,12.0
Mumbai Suburban,2016,Consumer Forum,2.0
Mumbai Suburban,2016,Cooperative Court,
Mumbai Suburban,2016,Criminal Court,
Mumbai Suburban,2016,District Magistrate And Executive Magistrate,38.0
Mumbai Suburban,2016,Family Court,7.0
Mumbai Suburban,2016,Industrial Court,4.0
Mumbai Suburban,2016,Labor Court,11.0
Mumbai Suburban,2016,Public Court,
Mumbai Suburban,2016,Small Causes Court,48.0
Mumbai Suburban,2017,Civil Court,12.0
Mumbai Suburban,2017,Consumer Forum,2.0
Mumbai Suburban,2017,Cooperative Court,
Mumbai Suburban,2017,Criminal Court,
Mumbai Suburban,2017,District Magistrate And Executive Magistrate,37.0
Mumbai Suburban,2017,"Family Court
",7.0
Mumbai Suburban,2017,Industrial Court,7.0
Mumbai Suburban,2017,Labor Court,1.0
Mumbai Suburban,2017,Public Court,
Mumbai Suburban,2017,Small Causes Court,11.0
Mumbai Suburban,2018,Civil Court,11.0
Mumbai Suburban,2018,Consumer Forum,2.0
Mumbai Suburban,2018,Criminal Court,
Mumbai Suburban,2018,District Magistrate And Executive Magistrate,33.0
Mumbai Suburban,2018,"Family Court
",7.0
Mumbai Suburban,2018,Industrial Court,7.0
Mumbai Suburban,2018,Labor Court,11.0
Mumbai Suburban,2018,Public Court,
Mumbai Suburban,2019,Civil Court,14.0
Mumbai Suburban,2019,Consumer Forum,2.0
Mumbai Suburban,2019,Criminal Court,
Mumbai Suburban,2019,District Magistrate And Executive Magistrate,38.0
Mumbai Suburban,2019,"Family Court
",7.0
Mumbai Suburban,2019,Industrial Court,9.0
Mumbai Suburban,2019,Labor Court,11.0
Mumbai Suburban,2019,Public Court,
Mumbai Suburban,2020,Civil Court,15.0
Mumbai Suburban,2020,Consumer Forum,2.0
Mumbai Suburban,2020,Criminal Court,
Mumbai Suburban,2020,District Magistrate And Executive Magistrate,38.0
Mumbai Suburban,2020,"Family Court
",7.0
Mumbai Suburban,2020,Industrial Court,9.0
Mumbai Suburban,2020,Labor Court,11.0
Mumbai Suburban,2020,Public Court,
Mumbai Suburban,2021,Civil Court,15.0
Mumbai Suburban,2021,Consumer Forum,2.0
Mumbai Suburban,2021,Criminal Court,
Mumbai Suburban,2021,District Magistrate And Executive Magistrate,38.0
Mumbai Suburban,2021,"Family Court
",7.0
Mumbai Suburban,2021,Industrial Court,9.0
Mumbai Suburban,2021,Labor Court,11.0
Mumbai Suburban,2021,Public Court,
Nagpur,2012,Civil Court,18.0
Nagpur,2012,Consumer Forum,3.0
Nagpur,2012,Criminal Court,79.0
Nagpur,2012,District Magistrate And Executive Magistrate,2.0
Nagpur,2012,Family Court,4.0
Nagpur,2012,Industrial Court,4.0
Nagpur,2012,Labor Court,4.0
Nagpur,2012,Public Court,1.0
Nagpur,2012,Small Cause Court,2.0
Nagpur,2013,Civil Court,18.0
Nagpur,2013,Consumer Forum,3.0
Nagpur,2013,Criminal Court,79.0
Nagpur,2013,District Magistrate And Executive Magistrate,2.0
Nagpur,2013,"Family Court
",4.0
Nagpur,2013,Industrial Court,4.0
Nagpur,2013,Labor Court,4.0
Nagpur,2013,Public Court,1.0
Nagpur,2013,Small Cause Court,2.0
Nagpur,2014,Civil Court,18.0
Nagpur,2014,Consumer Forum,4.0
Nagpur,2014,Criminal Court,79.0
Nagpur,2014,District Magistrate And Executive Magistrate,2.0
Nagpur,2014,"Family Court
",4.0
Nagpur,2014,Industrial Court,4.0
Nagpur,2014,Labor Court,4.0
Nagpur,2014,Public Court,1.0
Nagpur,2014,Small Cause Court,3.0
Nagpur,2015,Civil Court,2.0
Nagpur,2015,Consumer Forum,2.0
Nagpur,2015,Criminal Court,76.0
Nagpur,2015,District Magistrate And Executive Magistrate,2.0
Nagpur,2015,"Family Court
",4.0
Nagpur,2015,Industrial Court,4.0
Nagpur,2015,Labor Court,4.0
Nagpur,2015,Public Court,1.0
Nagpur,2015,Small Cause Court,3.0
Nagpur,2016,Civil Court,22.0
Nagpur,2016,Consumer Forum,3.0
Nagpur,2016,Criminal Court,8.0
Nagpur,2016,District Magistrate And Executive Magistrate,2.0
Nagpur,2016,Family Court,4.0
Nagpur,2016,Industrial Court,5.0
Nagpur,2016,Labor Court,4.0
Nagpur,2016,Public Court,1.0
Nagpur,2016,Small Cause Court,3.0
Nagpur,2017,Civil Court,22.0
Nagpur,2017,Consumer Forum,4.0
Nagpur,2017,Criminal Court,8.0
Nagpur,2017,District Magistrate And Executive Magistrate,2.0
Nagpur,2017,"Family Court
",4.0
Nagpur,2017,Industrial Court,5.0
Nagpur,2017,Labor Court,4.0
Nagpur,2017,Public Court,1.0
Nagpur,2017,Small Cause Court,3.0
Nagpur,2018,Civil Court,3.0
Nagpur,2018,Consumer Forum,4.0
Nagpur,2018,Criminal Court,71.0
Nagpur,2018,District Magistrate And Executive Magistrate,22.0
Nagpur,2018,"Family Court
",4.0
Nagpur,2018,Industrial Court,5.0
Nagpur,2018,Labor Court,4.0
Nagpur,2018,Public Court,3.0
Nagpur,2018,Small Cause Court,
Nagpur,2019,Civil Court,25.0
Nagpur,2019,Consumer Forum,4.0
Nagpur,2019,Criminal Court,72.0
Nagpur,2019,District Magistrate And Executive Magistrate,22.0
Nagpur,2019,"Family Court
",4.0
Nagpur,2019,Industrial Court,5.0
Nagpur,2019,Labor Court,4.0
Nagpur,2019,Public Court,3.0
Nagpur,2019,Small Cause Court,
Nagpur,2020,Civil Court,25.0
Nagpur,2020,Consumer Forum,4.0
Nagpur,2020,Criminal Court,75.0
Nagpur,2020,District Magistrate And Executive Magistrate,22.0
Nagpur,2020,"Family Court
",4.0
Nagpur,2020,Industrial Court,5.0
Nagpur,2020,Labor Court,4.0
Nagpur,2020,Public Court,3.0
Nagpur,2021,Civil Court,29.0
Nagpur,2021,Consumer Forum,4.0
Nagpur,2021,Criminal Court,71.0
Nagpur,2021,District Magistrate And Executive Magistrate,83.0
Nagpur,2021,"Family Court
",4.0
Nagpur,2021,Industrial Court,5.0
Nagpur,2021,Labor Court,4.0
Nagpur,2021,Public Court,2.0
Nanded,2014,Civil Court,43.0
Nanded,2014,Consumer Forum,1.0
Nanded,2014,Criminal Court,4.0
Nanded,2014,District Magistrate And Executive Magistrate,25.0
Nanded,2014,"Family Court
",
Nanded,2014,Industrial Court,
Nanded,2014,Labor Court,1.0
Nanded,2014,Public Court,1.0
Nanded,2015,Civil Court,51.0
Nanded,2015,Consumer Forum,1.0
Nanded,2015,Criminal Court,51.0
Nanded,2015,District Magistrate And Executive Magistrate,25.0
Nanded,2015,"Family Court
",
Nanded,2015,Industrial Court,
Nanded,2015,Labor Court,1.0
Nanded,2015,Public Court,1.0
Nanded,2016,Civil Court,53.0
Nanded,2016,Consumer Forum,1.0
Nanded,2016,Criminal Court,53.0
Nanded,2016,District Magistrate And Executive Magistrate,3.0
Nanded,2016,Family Court,
Nanded,2016,Industrial Court,
Nanded,2016,Labor Court,1.0
Nanded,2016,Public Court,1.0
Nanded,2017,Civil Court,52.0
Nanded,2017,Consumer Forum,1.0
Nanded,2017,Criminal Court,49.0
Nanded,2017,District Magistrate And Executive Magistrate,3.0
Nanded,2017,"Family Court
",
Nanded,2017,Industrial Court,
Nanded,2017,Labor Court,1.0
Nanded,2017,Public Court,1.0
Nanded,2018,Civil Court,56.0
Nanded,2018,Consumer Forum,1.0
Nanded,2018,Criminal Court,1.0
Nanded,2018,District Magistrate And Executive Magistrate,3.0
Nanded,2018,"Family Court
",1.0
Nanded,2018,Industrial Court,
Nanded,2018,Labor Court,1.0
Nanded,2018,Public Court,1.0
Nanded,2019,Civil Court,56.0
Nanded,2019,Consumer Forum,1.0
Nanded,2019,Criminal Court,1.0
Nanded,2019,District Magistrate And Executive Magistrate,3.0
Nanded,2019,"Family Court
",1.0
Nanded,2019,Industrial Court,
Nanded,2019,Labor Court,1.0
Nanded,2019,Public Court,1.0
Nanded,2020,Civil Court,56.0
Nanded,2020,Consumer Forum,1.0
Nanded,2020,Criminal Court,1.0
Nanded,2020,District Magistrate And Executive Magistrate,25.0
Nanded,2020,"Family Court
",1.0
Nanded,2020,Industrial Court,1.0
Nanded,2020,Labor Court,1.0
Nanded,2020,Public Court,1.0
Nanded,2021,Civil Court,54.0
Nanded,2021,Consumer Forum,1.0
Nanded,2021,Criminal Court,54.0
Nanded,2021,District Magistrate And Executive Magistrate,25.0
Nanded,2021,"Family Court
",1.0
Nanded,2021,Industrial Court,
Nanded,2021,Labor Court,1.0
Nanded,2021,Public Court,55.0
Nandurbar,2006,Civil Court,
Nandurbar,2006,Consumer Forum,
Nandurbar,2006,Criminal Court,
Nandurbar,2006,District Magistrate And Executive Magistrate,
Nandurbar,2006,Family Court,
Nandurbar,2006,Industrial Court,
Nandurbar,2006,Labor Court,
Nandurbar,2006,Public Court,
Nandurbar,2008,Civil Court,
Nandurbar,2008,Consumer Forum,
Nandurbar,2008,Criminal Court,
Nandurbar,2008,District Magistrate And Executive Magistrate,
Nandurbar,2008,Family Court,
Nandurbar,2008,Industrial Court,
Nandurbar,2008,Labor Court,
Nandurbar,2008,Public Court,
Nandurbar,2009,Civil Court,2.0
Nandurbar,2009,Consumer Forum,1.0
Nandurbar,2009,Criminal Court,15.0
Nandurbar,2009,District Magistrate And Executive Magistrate,1.0
Nandurbar,2009,Family Court,
Nandurbar,2009,Industrial Court,1.0
Nandurbar,2009,Labor Court,1.0
Nandurbar,2009,Public Court,5.0
Nandurbar,2010,Civil Court,4.0
Nandurbar,2010,Consumer Forum,1.0
Nandurbar,2010,Criminal Court,15.0
Nandurbar,2010,District Magistrate And Executive Magistrate,1.0
Nandurbar,2010,Family Court,
Nandurbar,2010,Industrial Court,1.0
Nandurbar,2010,Labor Court,1.0
Nandurbar,2010,Public Court,5.0
Nandurbar,2011,Civil Court,4.0
Nandurbar,2011,Consumer Forum,1.0
Nandurbar,2011,Criminal Court,15.0
Nandurbar,2011,District Magistrate And Executive Magistrate,1.0
Nandurbar,2011,Family Court,
Nandurbar,2011,Industrial Court,1.0
Nandurbar,2011,Labor Court,1.0
Nandurbar,2011,Public Court,15.0
Nandurbar,2012,Civil Court,4.0
Nandurbar,2012,Consumer Forum,1.0
Nandurbar,2012,Criminal Court,1.0
Nandurbar,2012,District Magistrate And Executive Magistrate,7.0
Nandurbar,2012,Family Court,
Nandurbar,2012,Industrial Court,1.0
Nandurbar,2012,Labor Court,1.0
Nandurbar,2012,Public Court,1.0
Nandurbar,2013,Civil Court,4.0
Nandurbar,2013,Consumer Forum,1.0
Nandurbar,2013,Criminal Court,1.0
Nandurbar,2013,District Magistrate And Executive Magistrate,7.0
Nandurbar,2013,"Family Court
",
Nandurbar,2013,Industrial Court,1.0
Nandurbar,2013,Labor Court,1.0
Nandurbar,2013,Public Court,1.0
Nandurbar,2014,Civil Court,2.0
Nandurbar,2014,Consumer Forum,1.0
Nandurbar,2014,Criminal Court,13.0
Nandurbar,2014,District Magistrate And Executive Magistrate,7.0
Nandurbar,2014,"Family Court
",
Nandurbar,2014,Industrial Court,1.0
Nandurbar,2014,Labor Court,1.0
Nandurbar,2014,Public Court,1.0
Nandurbar,2015,Civil Court,2.0
Nandurbar,2015,Consumer Forum,1.0
Nandurbar,2015,Criminal Court,18.0
Nandurbar,2015,District Magistrate And Executive Magistrate,1.0
Nandurbar,2015,"Family Court
",
Nandurbar,2015,Industrial Court,1.0
Nandurbar,2015,Labor Court,1.0
Nandurbar,2015,Public Court,1.0
Nandurbar,2016,Civil Court,2.0
Nandurbar,2016,Consumer Forum,1.0
Nandurbar,2016,Criminal Court,18.0
Nandurbar,2016,District Magistrate And Executive Magistrate,1.0
Nandurbar,2016,Family Court,
Nandurbar,2016,Industrial Court,1.0
Nandurbar,2016,Labor Court,1.0
Nandurbar,2016,Public Court,1.0
Nandurbar,2017,Civil Court,2.0
Nandurbar,2017,Consumer Forum,1.0
Nandurbar,2017,Criminal Court,18.0
Nandurbar,2017,District Magistrate And Executive Magistrate,1.0
Nandurbar,2017,"Family Court
",
Nandurbar,2017,Industrial Court,1.0
Nandurbar,2017,Labor Court,1.0
Nandurbar,2017,Public Court,1.0
Nandurbar,2018,Civil Court,3.0
Nandurbar,2018,Consumer Forum,1.0
Nandurbar,2018,Criminal Court,12.0
Nandurbar,2018,District Magistrate And Executive Magistrate,1.0
Nandurbar,2018,"Family Court
",
Nandurbar,2018,Industrial Court,1.0
Nandurbar,2018,Labor Court,1.0
Nandurbar,2018,Public Court,1.0
Nandurbar,2019,Civil Court,2.0
Nandurbar,2019,Consumer Forum,1.0
Nandurbar,2019,Criminal Court,12.0
Nandurbar,2019,District Magistrate And Executive Magistrate,1.0
Nandurbar,2019,"Family Court
",
Nandurbar,2019,Industrial Court,1.0
Nandurbar,2019,Labor Court,1.0
Nandurbar,2019,Public Court,1.0
Nandurbar,2020,Civil Court,2.0
Nandurbar,2020,Consumer Forum,1.0
Nandurbar,2020,Criminal Court,13.0
Nandurbar,2020,District Magistrate And Executive Magistrate,16.0
Nandurbar,2020,"Family Court
",
Nandurbar,2020,Industrial Court,1.0
Nandurbar,2020,Labor Court,1.0
Nandurbar,2020,Public Court,1.0
Nandurbar,2021,Civil Court,4.0
Nandurbar,2021,Consumer Forum,1.0
Nandurbar,2021,Criminal Court,1.0
Nandurbar,2021,District Magistrate And Executive Magistrate,17.0
Nandurbar,2021,"Family Court
",
Nandurbar,2021,Industrial Court,1.0
Nandurbar,2021,Labor Court,1.0
Nandurbar,2021,Public Court,1.0
Nashik,2012,Civil Court,7.0
Nashik,2012,Consumer Forum,1.0
Nashik,2012,Criminal Court,72.0
Nashik,2012,District Magistrate And Executive Magistrate,
Nashik,2012,Family Court,1.0
Nashik,2012,Industrial Court,1.0
Nashik,2012,Labor Court,1.0
Nashik,2012,Public Court,1.0
Nashik,2013,Civil Court,71.0
Nashik,2013,Consumer Forum,1.0
Nashik,2013,Criminal Court,73.0
Nashik,2013,District Magistrate And Executive Magistrate,24.0
Nashik,2013,"Family Court
",1.0
Nashik,2013,Industrial Court,1.0
Nashik,2013,Labor Court,2.0
Nashik,2013,Public Court,1.0
Nashik,2014,Civil Court,66.0
Nashik,2014,Consumer Forum,1.0
Nashik,2014,Criminal Court,6.0
Nashik,2014,District Magistrate And Executive Magistrate,24.0
Nashik,2014,"Family Court
",1.0
Nashik,2014,Industrial Court,1.0
Nashik,2014,Labor Court,2.0
Nashik,2014,Public Court,1.0
Nashik,2015,Civil Court,67.0
Nashik,2015,Consumer Forum,1.0
Nashik,2015,Criminal Court,62.0
Nashik,2015,District Magistrate And Executive Magistrate,25.0
Nashik,2015,"Family Court
",1.0
Nashik,2015,Industrial Court,1.0
Nashik,2015,Labor Court,2.0
Nashik,2015,Public Court,1.0
Nashik,2016,Civil Court,73.0
Nashik,2016,Consumer Forum,1.0
Nashik,2016,Criminal Court,7.0
Nashik,2016,District Magistrate And Executive Magistrate,25.0
Nashik,2016,Family Court,1.0
Nashik,2016,Industrial Court,1.0
Nashik,2016,Labor Court,2.0
Nashik,2016,Public Court,1.0
Nashik,2017,Civil Court,73.0
Nashik,2017,Consumer Forum,1.0
Nashik,2017,Criminal Court,7.0
Nashik,2017,District Magistrate And Executive Magistrate,25.0
Nashik,2017,"Family Court
",1.0
Nashik,2017,Industrial Court,1.0
Nashik,2017,Labor Court,2.0
Nashik,2017,Public Court,1.0
Nashik,2018,Civil Court,83.0
Nashik,2018,Consumer Forum,1.0
Nashik,2018,Criminal Court,8.0
Nashik,2018,District Magistrate And Executive Magistrate,25.0
Nashik,2018,"Family Court
",1.0
Nashik,2018,Industrial Court,1.0
Nashik,2018,Labor Court,2.0
Nashik,2018,Public Court,5.0
Nashik,2019,Civil Court,84.0
Nashik,2019,Consumer Forum,1.0
Nashik,2019,Criminal Court,84.0
Nashik,2019,District Magistrate And Executive Magistrate,25.0
Nashik,2019,"Family Court
",1.0
Nashik,2019,Industrial Court,1.0
Nashik,2019,Labor Court,2.0
Nashik,2019,Public Court,5.0
Nashik,2020,Civil Court,82.0
Nashik,2020,Consumer Forum,1.0
Nashik,2020,Criminal Court,82.0
Nashik,2020,District Magistrate And Executive Magistrate,26.0
Nashik,2020,"Family Court
",1.0
Nashik,2020,Industrial Court,1.0
Nashik,2020,Labor Court,2.0
Nashik,2020,Public Court,
Nashik,2021,Civil Court,82.0
Nashik,2021,Consumer Forum,1.0
Nashik,2021,Criminal Court,82.0
Nashik,2021,District Magistrate And Executive Magistrate,26.0
Nashik,2021,"Family Court
",1.0
Nashik,2021,Industrial Court,1.0
Nashik,2021,Labor Court,2.0
Nashik,2021,Public Court,1.0
Palghar,2019,Civil Court,16.0
Palghar,2019,Consumer Forum,1.0
Palghar,2019,Criminal Court,23.0
Palghar,2019,District Magistrate And Executive Magistrate,8.0
Palghar,2019,"Family Court
",1.0
Palghar,2019,Industrial Court,3.0
Palghar,2019,Labor Court,4.0
Palghar,2019,Public Court,
Palghar,2020,Civil Court,16.0
Palghar,2020,Consumer Forum,1.0
Palghar,2020,Criminal Court,23.0
Palghar,2020,District Magistrate And Executive Magistrate,8.0
Palghar,2020,"Family Court
",1.0
Palghar,2020,Industrial Court,3.0
Palghar,2020,Labor Court,4.0
Palghar,2020,Public Court,
Palghar,2021,Civil Court,18.0
Palghar,2021,Consumer Forum,1.0
Palghar,2021,Criminal Court,23.0
Palghar,2021,District Magistrate And Executive Magistrate,8.0
Palghar,2021,"Family Court
",1.0
Palghar,2021,Industrial Court,3.0
Palghar,2021,Labor Court,4.0
Palghar,2021,Public Court,4.0
Parbhani,2013,Civil Court,28.0
Parbhani,2013,Consumer Forum,1.0
Parbhani,2013,Criminal Court,27.0
Parbhani,2013,District Magistrate And Executive Magistrate,15.0
Parbhani,2013,"Family Court
",1.0
Parbhani,2013,Industrial Court,1.0
Parbhani,2013,Labor Court,1.0
Parbhani,2013,Public Court,
Parbhani,2014,Civil Court,28.0
Parbhani,2014,Consumer Forum,1.0
Parbhani,2014,Criminal Court,29.0
Parbhani,2014,District Magistrate And Executive Magistrate,24.0
Parbhani,2014,"Family Court
",1.0
Parbhani,2014,Industrial Court,1.0
Parbhani,2014,Labor Court,1.0
Parbhani,2014,Public Court,
Parbhani,2015,Civil Court,35.0
Parbhani,2015,Consumer Forum,1.0
Parbhani,2015,Criminal Court,35.0
Parbhani,2015,District Magistrate And Executive Magistrate,24.0
Parbhani,2015,"Family Court
",1.0
Parbhani,2015,Industrial Court,1.0
Parbhani,2015,Labor Court,1.0
Parbhani,2015,Public Court,
Parbhani,2016,Civil Court,35.0
Parbhani,2016,Consumer Forum,1.0
Parbhani,2016,Criminal Court,35.0
Parbhani,2016,District Magistrate And Executive Magistrate,24.0
Parbhani,2016,Family Court,
Parbhani,2016,Industrial Court,1.0
Parbhani,2016,Labor Court,
Parbhani,2016,Public Court,
Parbhani,2017,Civil Court,31.0
Parbhani,2017,Consumer Forum,1.0
Parbhani,2017,Criminal Court,31.0
Parbhani,2017,District Magistrate And Executive Magistrate,24.0
Parbhani,2017,"Family Court
",
Parbhani,2017,Industrial Court,1.0
Parbhani,2017,Labor Court,
Parbhani,2017,Public Court,
Parbhani,2018,Civil Court,36.0
Parbhani,2018,Consumer Forum,1.0
Parbhani,2018,Criminal Court,36.0
Parbhani,2018,District Magistrate And Executive Magistrate,24.0
Parbhani,2018,"Family Court
",
Parbhani,2018,Industrial Court,
Parbhani,2018,Labor Court,
Parbhani,2018,Public Court,
Parbhani,2019,Civil Court,32.0
Parbhani,2019,Consumer Forum,1.0
Parbhani,2019,Criminal Court,32.0
Parbhani,2019,District Magistrate And Executive Magistrate,15.0
Parbhani,2019,"Family Court
",
Parbhani,2019,Industrial Court,
Parbhani,2019,Labor Court,
Parbhani,2019,Public Court,
Parbhani,2020,Civil Court,33.0
Parbhani,2020,Consumer Forum,1.0
Parbhani,2020,Criminal Court,33.0
Parbhani,2020,District Magistrate And Executive Magistrate,15.0
Parbhani,2020,"Family Court
",1.0
Parbhani,2020,Industrial Court,
Parbhani,2020,Labor Court,1.0
Parbhani,2020,Public Court,
Parbhani,2021,Civil Court,33.0
Parbhani,2021,Consumer Forum,1.0
Parbhani,2021,Criminal Court,
Parbhani,2021,District Magistrate And Executive Magistrate,15.0
Parbhani,2021,"Family Court
",1.0
Parbhani,2021,Industrial Court,
Parbhani,2021,Labor Court,
Parbhani,2021,Public Court,
Raigad,2019,Civil Court,41.0
Raigad,2019,Consumer Forum,1.0
Raigad,2019,Criminal Court,38.0
Raigad,2019,District Magistrate And Executive Magistrate,25.0
Raigad,2019,Family Court,
Raigad,2019,Industrial Court,3.0
Raigad,2019,Labor Court,1.0
Raigad,2019,Public Court,
Raigad,2020,Civil Court,41.0
Raigad,2020,Consumer Forum,1.0
Raigad,2020,Criminal Court,27.0
Raigad,2020,District Magistrate And Executive Magistrate,25.0
Raigad,2020,Family Court,
Raigad,2020,Industrial Court,3.0
Raigad,2020,Labor Court,1.0
Raigad,2020,Public Court,1.0
Raigad,2021,Civil Court,41.0
Raigad,2021,Consumer Forum,1.0
Raigad,2021,Criminal Court,27.0
Raigad,2021,District Magistrate And Executive Magistrate,25.0
Raigad,2021,Family Court,1.0
Raigad,2021,Industrial Court,3.0
Raigad,2021,Labor Court,1.0
Raigad,2021,Public Court,3.0
Ratnagiri,2019,Civil Court,29.0
Ratnagiri,2019,Consumer Forum,1.0
Ratnagiri,2019,Criminal Court,24.0
Ratnagiri,2019,District Magistrate And Executive Magistrate,1.0
Ratnagiri,2019,"Family Court
",7.0
Ratnagiri,2019,Industrial Court,2.0
Ratnagiri,2019,Labor Court,1.0
Ratnagiri,2019,Public Court,8.0
Ratnagiri,2020,Civil Court,29.0
Ratnagiri,2020,Consumer Forum,7.0
Ratnagiri,2020,Criminal Court,24.0
Ratnagiri,2020,District Magistrate And Executive Magistrate,1.0
Ratnagiri,2020,"Family Court
",1.0
Ratnagiri,2020,Industrial Court,2.0
Ratnagiri,2020,Labor Court,1.0
Ratnagiri,2020,Public Court,8.0
Ratnagiri,2021,Civil Court,25.0
Ratnagiri,2021,Consumer Forum,1.0
Ratnagiri,2021,Criminal Court,21.0
Ratnagiri,2021,District Magistrate And Executive Magistrate,1.0
Ratnagiri,2021,"Family Court
",7.0
Ratnagiri,2021,Industrial Court,2.0
Ratnagiri,2021,Labor Court,1.0
Ratnagiri,2021,Public Court,8.0
Satara,2014,Civil Court,61.0
Satara,2014,Criminal Court,55.0
Satara,2014,District Consumer Forum,1.0
Satara,2014,District Magistrate And Executive Magistrate,
Satara,2014,Family Court,
Satara,2014,Industrial Court,1.0
Satara,2014,Labor Court,1.0
Satara,2014,Public Court,
Satara,2015,Civil Court,63.0
Satara,2015,Criminal Court,56.0
Satara,2015,District Consumer Forum,1.0
Satara,2015,District Magistrate And Executive Magistrate,2.0
Satara,2015,Family Court,
Satara,2015,Industrial Court,1.0
Satara,2015,Labor Court,1.0
Satara,2015,Public Court,
Satara,2016,Civil Court,63.0
Satara,2016,Criminal Court,56.0
Satara,2016,District Consumer Forum,1.0
Satara,2016,District Magistrate And Executive Magistrate,
Satara,2016,Family Court,
Satara,2016,Industrial Court,1.0
Satara,2016,Labor Court,1.0
Satara,2016,Public Court,
Satara,2017,Civil Court,65.0
Satara,2017,Criminal Court,6.0
Satara,2017,District Consumer Forum,1.0
Satara,2017,District Magistrate And Executive Magistrate,2.0
Satara,2017,Family Court,
Satara,2017,Industrial Court,1.0
Satara,2017,Labor Court,1.0
Satara,2017,Public Court,
Satara,2018,Civil Court,68.0
Satara,2018,Criminal Court,57.0
Satara,2018,District Consumer Forum,1.0
Satara,2018,District Magistrate And Executive Magistrate,2.0
Satara,2018,Family Court,
Satara,2018,Industrial Court,1.0
Satara,2018,Labor Court,1.0
Satara,2018,Public Court,
Satara,2019,Civil Court,62.0
Satara,2019,Criminal Court,6.0
Satara,2019,District Consumer Forum,1.0
Satara,2019,District Magistrate And Executive Magistrate,2.0
Satara,2019,Family Court,
Satara,2019,Industrial Court,1.0
Satara,2019,Labor Court,1.0
Satara,2019,Public Court,
Satara,2020,Civil Court,62.0
Satara,2020,Criminal Court,6.0
Satara,2020,District Consumer Forum,1.0
Satara,2020,District Magistrate And Executive Magistrate,2.0
Satara,2020,Family Court,
Satara,2020,Industrial Court,1.0
Satara,2020,Labor Court,1.0
Satara,2020,Public Court,
Satara,2021,Civil Court,8.0
Satara,2021,Criminal Court,64.0
Satara,2021,District Consumer Forum,1.0
Satara,2021,District Magistrate And Executive Magistrate,2.0
Satara,2021,Family Court,
Satara,2021,Industrial Court,1.0
Satara,2021,Labor Court,1.0
Satara,2021,Public Court,
Sindhudurg,2019,Civil Court,16.0
Sindhudurg,2019,Consumer Forum,1.0
Sindhudurg,2019,Criminal Court,16.0
Sindhudurg,2019,District Magistrate And Executive Magistrate,12.0
Sindhudurg,2019,"Family Court
",
Sindhudurg,2019,Industrial Court,2.0
Sindhudurg,2019,Labor Court,1.0
Sindhudurg,2019,Public Court,16.0
Sindhudurg,2020,Civil Court,17.0
Sindhudurg,2020,Consumer Forum,1.0
Sindhudurg,2020,Criminal Court,17.0
Sindhudurg,2020,District Magistrate And Executive Magistrate,12.0
Sindhudurg,2020,"Family Court
",
Sindhudurg,2020,Industrial Court,2.0
Sindhudurg,2020,Labor Court,1.0
Sindhudurg,2020,Public Court,17.0
Sindhudurg,2021,Civil Court,17.0
Sindhudurg,2021,Consumer Forum,1.0
Sindhudurg,2021,Criminal Court,17.0
Sindhudurg,2021,District Magistrate And Executive Magistrate,13.0
Sindhudurg,2021,"Family Court
",
Sindhudurg,2021,Industrial Court,2.0
Sindhudurg,2021,Labor Court,1.0
Sindhudurg,2021,Public Court,17.0
Solapur,2011,Civil Court,8.0
Solapur,2011,Consumer Forum,1.0
Solapur,2011,Criminal Court,53.0
Solapur,2011,District Magistrate,16.0
Solapur,2011,Family Court,
Solapur,2011,Industrial Court,1.0
Solapur,2011,Labor Court,1.0
Solapur,2011,Public Court,
Solapur,2012,Civil Court,15.0
Solapur,2012,Consumer Forum,1.0
Solapur,2012,Criminal Court,46.0
Solapur,2012,District Magistrate,18.0
Solapur,2012,Family Court,1.0
Solapur,2012,Industrial Court,1.0
Solapur,2012,Labor Court,1.0
Solapur,2012,Public Court,
Solapur,2013,Civil Court,15.0
Solapur,2013,Consumer Forum,1.0
Solapur,2013,Criminal Court,46.0
Solapur,2013,District Magistrate,18.0
Solapur,2013,Family Court,1.0
Solapur,2013,Industrial Court,1.0
Solapur,2013,Labor Court,1.0
Solapur,2013,Public Court,
Solapur,2014,Civil Court,15.0
Solapur,2014,Consumer Forum,1.0
Solapur,2014,Criminal Court,46.0
Solapur,2014,District Magistrate,18.0
Solapur,2014,Family Court,1.0
Solapur,2014,Industrial Court,1.0
Solapur,2014,Labor Court,1.0
Solapur,2014,Public Court,
Solapur,2016,Civil Court,18.0
Solapur,2016,Consumer Forum,1.0
Solapur,2016,Criminal Court,
Solapur,2016,District Magistrate,18.0
Solapur,2016,Family Court,1.0
Solapur,2016,Industrial Court,1.0
Solapur,2016,Labor Court,1.0
Solapur,2016,Public Court,
Solapur,2018,Civil Court,18.0
Solapur,2018,Consumer Forum,1.0
Solapur,2018,Criminal Court,
Solapur,2018,District Magistrate,2.0
Solapur,2018,Family Court,1.0
Solapur,2018,Industrial Court,1.0
Solapur,2018,Labor Court,1.0
Solapur,2018,Public Court,1.0
Solapur,2019,Civil Court,18.0
Solapur,2019,Consumer Forum,1.0
Solapur,2019,Criminal Court,
Solapur,2019,District Magistrate,2.0
Solapur,2019,Family Court,1.0
Solapur,2019,Industrial Court,1.0
Solapur,2019,Labor Court,1.0
Solapur,2019,Public Court,
Solapur,2020,Civil Court,18.0
Solapur,2020,Consumer Forum,1.0
Solapur,2020,Criminal Court,
Solapur,2020,District Magistrate,2.0
Solapur,2020,Family Court,1.0
Solapur,2020,Industrial Court,1.0
Solapur,2020,Labor Court,1.0
Solapur,2020,Public Court,
Solapur,2021,Civil Court,18.0
Solapur,2021,Consumer Forum,1.0
Solapur,2021,Criminal Court,
Solapur,2021,District Magistrate,21.0
Solapur,2021,Family Court,1.0
Solapur,2021,Industrial Court,1.0
Solapur,2021,Labor Court,1.0
Solapur,2021,Public Court,
Thane,2019,Civil Court,21.0
Thane,2019,Consumer Forum,1.0
Thane,2019,Criminal Court,22.0
Thane,2019,District Magistrate And Executive Magistrate,11.0
Thane,2019,"Family Court
",1.0
Thane,2019,Industrial Court,3.0
Thane,2019,Labor Court,4.0
Thane,2019,Public Court,
Thane,2020,Civil Court,16.0
Thane,2020,Consumer Forum,1.0
Thane,2020,Criminal Court,19.0
Thane,2020,District Magistrate And Executive Magistrate,15.0
Thane,2020,"Family Court
",1.0
Thane,2020,Industrial Court,3.0
Thane,2020,Labor Court,4.0
Thane,2020,Public Court,4.0
Thane,2021,Civil Court,18.0
Thane,2021,Consumer Forum,1.0
Thane,2021,Criminal Court,2.0
Thane,2021,District Magistrate And Executive Magistrate,15.0
Thane,2021,"Family Court
",1.0
Thane,2021,Industrial Court,3.0
Thane,2021,Labor Court,4.0
Thane,2021,Public Court,4.0
Wardha,2012,Civil Court,38.0
Wardha,2012,Consumer Forum,1.0
Wardha,2012,Criminal Court,34.0
Wardha,2012,District Magistrate And Executive Magistrate,41.0
Wardha,2012,Family Court,
Wardha,2012,Industrial Court,
Wardha,2012,Labor Court,1.0
Wardha,2012,Public Court,9.0
Wardha,2013,Civil Court,35.0
Wardha,2013,Consumer Forum,1.0
Wardha,2013,Criminal Court,34.0
Wardha,2013,District Magistrate And Executive Magistrate,28.0
Wardha,2013,"Family Court
",
Wardha,2013,Industrial Court,
Wardha,2013,Labor Court,1.0
Wardha,2013,Public Court,9.0
Wardha,2014,Civil Court,35.0
Wardha,2014,Consumer Forum,1.0
Wardha,2014,Criminal Court,34.0
Wardha,2014,District Magistrate And Executive Magistrate,28.0
Wardha,2014,"Family Court
",
Wardha,2014,Industrial Court,
Wardha,2014,Labor Court,1.0
Wardha,2014,Public Court,8.0
Wardha,2015,Civil Court,3.0
Wardha,2015,Consumer Forum,1.0
Wardha,2015,Criminal Court,31.0
Wardha,2015,District Magistrate And Executive Magistrate,28.0
Wardha,2015,"Family Court
",
Wardha,2015,Industrial Court,
Wardha,2015,Labor Court,1.0
Wardha,2015,Public Court,8.0
Wardha,2016,Civil Court,39.0
Wardha,2016,Consumer Forum,1.0
Wardha,2016,Criminal Court,36.0
Wardha,2016,District Magistrate And Executive Magistrate,28.0
Wardha,2016,Family Court,
Wardha,2016,Industrial Court,
Wardha,2016,Labor Court,1.0
Wardha,2016,Public Court,8.0
Wardha,2017,Civil Court,38.0
Wardha,2017,Consumer Forum,1.0
Wardha,2017,Criminal Court,35.0
Wardha,2017,District Magistrate And Executive Magistrate,28.0
Wardha,2017,"Family Court
",
Wardha,2017,Industrial Court,
Wardha,2017,Labor Court,1.0
Wardha,2017,Public Court,5.0
Wardha,2018,Civil Court,37.0
Wardha,2018,Consumer Forum,1.0
Wardha,2018,Criminal Court,29.0
Wardha,2018,District Magistrate And Executive Magistrate,28.0
Wardha,2018,"Family Court
",
Wardha,2018,Industrial Court,5.0
Wardha,2018,Labor Court,1.0
Wardha,2018,Public Court,5.0
Wardha,2019,Civil Court,41.0
Wardha,2019,Consumer Forum,1.0
Wardha,2019,Criminal Court,34.0
Wardha,2019,District Magistrate And Executive Magistrate,28.0
Wardha,2019,"Family Court
",
Wardha,2019,Industrial Court,5.0
Wardha,2019,Labor Court,1.0
Wardha,2019,Public Court,5.0
Wardha,2020,Civil Court,42.0
Wardha,2020,Consumer Forum,1.0
Wardha,2020,Criminal Court,37.0
Wardha,2020,District Magistrate And Executive Magistrate,28.0
Wardha,2020,"Family Court
",
Wardha,2020,Industrial Court,5.0
Wardha,2020,Labor Court,1.0
Wardha,2020,Public Court,1.0
Wardha,2021,Civil Court,38.0
Wardha,2021,Consumer Forum,1.0
Wardha,2021,Criminal Court,34.0
Wardha,2021,District Magistrate And Executive Magistrate,23.0
Wardha,2021,"Family Court
",
Wardha,2021,Industrial Court,5.0
Wardha,2021,Labor Court,1.0
Wardha,2021,Public Court,4.0
Washim,2008,Civil Court,
Washim,2008,Consumer Forum,
Washim,2008,Criminal Court,
Washim,2008,District Magistrate And Executive Magistrate,
Washim,2008,Family Court,
Washim,2008,Industrial Court,
Washim,2008,Labor Court,
Washim,2008,Public Court,
Washim,2009,Civil Court,18.0
Washim,2009,Consumer Forum,56.0
Washim,2009,Criminal Court,18.0
Washim,2009,District Magistrate And Executive Magistrate,18.0
Washim,2009,Family Court,
Washim,2009,Industrial Court,1.0
Washim,2009,Labor Court,1.0
Washim,2009,Public Court,
Washim,2010,Civil Court,17.0
Washim,2010,Consumer Forum,56.0
Washim,2010,Criminal Court,18.0
Washim,2010,District Magistrate And Executive Magistrate,18.0
Washim,2010,Family Court,
Washim,2010,Industrial Court,1.0
Washim,2010,Labor Court,1.0
Washim,2010,Public Court,
Washim,2011,Civil Court,18.0
Washim,2011,Consumer Forum,1.0
Washim,2011,Criminal Court,17.0
Washim,2011,District Magistrate And Executive Magistrate,18.0
Washim,2011,Family Court,
Washim,2011,Industrial Court,1.0
Washim,2011,Labor Court,1.0
Washim,2011,Public Court,
Washim,2012,Civil Court,2.0
Washim,2012,Consumer Forum,1.0
Washim,2012,Criminal Court,2.0
Washim,2012,District Magistrate And Executive Magistrate,18.0
Washim,2012,Family Court,
Washim,2012,Industrial Court,1.0
Washim,2012,Labor Court,1.0
Washim,2012,Public Court,
Washim,2013,Civil Court,17.0
Washim,2013,Consumer Forum,1.0
Washim,2013,Criminal Court,15.0
Washim,2013,District Magistrate And Executive Magistrate,18.0
Washim,2013,"Family Court
",
Washim,2013,Industrial Court,1.0
Washim,2013,Labor Court,1.0
Washim,2013,Public Court,
Washim,2014,Civil Court,2.0
Washim,2014,Consumer Forum,1.0
Washim,2014,Criminal Court,17.0
Washim,2014,District Magistrate And Executive Magistrate,11.0
Washim,2014,"Family Court
",
Washim,2014,Industrial Court,1.0
Washim,2014,Labor Court,1.0
Washim,2014,Public Court,
Washim,2015,Civil Court,21.0
Washim,2015,Criminal Court,19.0
Washim,2015,District Magistrate And Executive Magistrate,15.0
Washim,2015,"Family Court
",
Washim,2015,Industrial Court,1.0
Washim,2015,Labor Court,1.0
Washim,2015,Public Court,
Washim,2016,Civil Court,24.0
Washim,2016,Consumer Forum,1.0
Washim,2016,Consumer Forum,1.0
Washim,2016,Criminal Court,23.0
Washim,2016,District Magistrate And Executive Magistrate,15.0
Washim,2016,Family Court,1.0
Washim,2016,Industrial Court,1.0
Washim,2016,Labor Court,1.0
Washim,2016,Public Court,
Washim,2017,Civil Court,25.0
Washim,2017,Consumer Forum,26.0
Washim,2017,Consumer Forum,
Washim,2017,Criminal Court,
Washim,2017,District Magistrate And Executive Magistrate,1.0
Washim,2017,"Family Court
",15.0
Washim,2017,Industrial Court,1.0
Washim,2017,Labor Court,1.0
Washim,2017,Public Court,1.0
Washim,2018,Civil Court,24.0
Washim,2018,Consumer Forum,1.0
Washim,2018,Criminal Court,22.0
Washim,2018,District Magistrate And Executive Magistrate,15.0
Washim,2018,"Family Court
",1.0
Washim,2018,Industrial Court,1.0
Washim,2018,Labor Court,1.0
Washim,2018,Public Court,
Washim,2019,Civil Court,5.0
Washim,2019,Consumer Forum,1.0
Washim,2019,Criminal Court,1.0
Washim,2019,District Magistrate And Executive Magistrate,15.0
Washim,2019,"Family Court
",1.0
Washim,2019,Industrial Court,1.0
Washim,2019,Labor Court,1.0
Washim,2019,Public Court,1.0
Washim,2020,Civil Court,23.0
Washim,2020,Consumer Forum,1.0
Washim,2020,Criminal Court,19.0
Washim,2020,District Magistrate And Executive Magistrate,15.0
Washim,2020,"Family Court
",1.0
Washim,2020,Industrial Court,1.0
Washim,2020,Labor Court,1.0
Washim,2020,Public Court,1.0
Washim,2021,Civil Court,23.0
Washim,2021,Consumer Forum,1.0
Washim,2021,Criminal Court,19.0
Washim,2021,District Magistrate And Executive Magistrate,15.0
Washim,2021,"Family Court
",1.0
Washim,2021,Industrial Court,1.0
Washim,2021,Labor Court,1.0
Washim,2021,Public Court,1.0
Yavatmal,2012,Civil Court,57.0
Yavatmal,2012,Consumer Forum,1.0
Yavatmal,2012,Criminal Court,51.0
Yavatmal,2012,District Magistrate And Executive Magistrate,
Yavatmal,2012,Family Court,
Yavatmal,2012,Industrial Court,1.0
Yavatmal,2012,Labor Court,1.0
Yavatmal,2012,Public Court,
Yavatmal,2013,Civil Court,54.0
Yavatmal,2013,Consumer Forum,1.0
Yavatmal,2013,Criminal Court,48.0
Yavatmal,2013,District Magistrate And Executive Magistrate,
Yavatmal,2013,"Family Court
",
Yavatmal,2013,Industrial Court,1.0
Yavatmal,2013,Labor Court,1.0
Yavatmal,2013,Public Court,
Yavatmal,2014,Civil Court,57.0
Yavatmal,2014,Consumer Forum,1.0
Yavatmal,2014,Criminal Court,49.0
Yavatmal,2014,District Magistrate And Executive Magistrate,28.0
Yavatmal,2014,"Family Court
",
Yavatmal,2014,Industrial Court,1.0
Yavatmal,2014,Labor Court,1.0
Yavatmal,2014,Public Court,
Yavatmal,2015,Civil Court,6.0
Yavatmal,2015,Consumer Forum,1.0
Yavatmal,2015,Criminal Court,48.0
Yavatmal,2015,District Magistrate And Executive Magistrate,28.0
Yavatmal,2015,"Family Court
",
Yavatmal,2015,Industrial Court,1.0
Yavatmal,2015,Labor Court,1.0
Yavatmal,2015,Public Court,
Yavatmal,2016,Civil Court,72.0
Yavatmal,2016,Consumer Forum,1.0
Yavatmal,2016,Criminal Court,6.0
Yavatmal,2016,District Magistrate And Executive Magistrate,56.0
Yavatmal,2016,Family Court,
Yavatmal,2016,Industrial Court,1.0
Yavatmal,2016,Labor Court,1.0
Yavatmal,2016,Public Court,
Yavatmal,2017,Civil Court,64.0
Yavatmal,2017,Consumer Forum,1.0
Yavatmal,2017,Criminal Court,56.0
Yavatmal,2017,District Magistrate And Executive Magistrate,56.0
Yavatmal,2017,"Family Court
",
Yavatmal,2017,Industrial Court,1.0
Yavatmal,2017,Labor Court,1.0
Yavatmal,2017,Public Court,
Yavatmal,2018,Civil Court,63.0
Yavatmal,2018,Consumer Forum,1.0
Yavatmal,2018,Criminal Court,55.0
Yavatmal,2018,District Magistrate And Executive Magistrate,56.0
Yavatmal,2018,"Family Court
",
Yavatmal,2018,Industrial Court,1.0
Yavatmal,2018,Labor Court,1.0
Yavatmal,2018,Public Court,
Yavatmal,2019,Civil Court,59.0
Yavatmal,2019,Consumer Forum,1.0
Yavatmal,2019,Criminal Court,52.0
Yavatmal,2019,District Magistrate And Executive Magistrate,56.0
Yavatmal,2019,"Family Court
",
Yavatmal,2019,Industrial Court,1.0
Yavatmal,2019,Labor Court,1.0
Yavatmal,2019,Public Court,
Yavatmal,2020,Civil Court,59.0
Yavatmal,2020,Consumer Forum,1.0
Yavatmal,2020,Criminal Court,6.0
Yavatmal,2020,District Magistrate And Executive Magistrate,57.0
Yavatmal,2020,"Family Court
",
Yavatmal,2020,Industrial Court,1.0
Yavatmal,2020,Labor Court,1.0
Yavatmal,2020,Public Court,
Yavatmal,2021,Civil Court,6.0
Yavatmal,2021,Consumer Forum,1.0
Yavatmal,2021,Criminal Court,61.0
Yavatmal,2021,District Magistrate And Executive Magistrate,54.0
Yavatmal,2021,"Family Court
",1.0
Yavatmal,2021,Industrial Court,1.0
Yavatmal,2021,Labor Court,1.0
Yavatmal,2021,Public Court,
