Year,District,Cognizable IPC crimes
2014,Ahilyanagar,6957
2014,Akola,4433
2014,Amravati,10286
2014,Chh. Sambhaji Nagar,9058
2014,Beed,4864
2014,Bhandara,2003
2014,Buldhana,4453
2014,Chandrapur,4441
2014,Dhule,2818
2014,Gadchiroli,875
2014,Gondia,1836
2014,Hingoli,1761
2014,Jalgaon,6531
2014,Jalna,3372
2014,Kolhapur,4942
2014,Latur,4070
2014,Mumbai,43502
2014,Nagpur,16691
2014,Nanded,4600
2014,Nandurbar,1425
2014,Nashik,10715
2014,Dharashiv,2825
2014,Palghar,4692
2014,Parbhani,3606
2014,Pune,25478
2014,Raigad,2601
2014,Ratnagiri,1568
2014,Sangli,5171
2014,Satara,6062
2014,Sindhudurg,789
2014,Solapur,8421
2014,Thane,22771
2014,Wardha,3687
2014,Washim,2579
2014,Yavatmal,9951
2015,Ahilyanagar,8018
2015,Akola,4423
2015,Amravati,11868
2015,Chh. Sambhaji Nagar,12219
2015,Beed,5480
2015,Bhandara,2016
2015,Buldhana,4959
2015,Chandrapur,4414
2015,Dhule,2738
2015,Gadchiroli,1499
2015,Gondia,1882
2015,Hingoli,1941
2015,Jalgaon,6609
2015,Jalna,3646
2015,Kolhapur,6109
2015,Latur,4616
2015,Mumbai,47174
2015,Nagpur,17748
2015,Nanded,5654
2015,Nandurbar,1388
2015,Nashik,11195
2015,Dharashiv,3316
2015,Palghar,5343
2015,Parbhani,4083
2015,Pune,27932
2015,Raigad,3127
2015,Ratnagiri,2188
2015,Sangli,6317
2015,Satara,6640
2015,Sindhudurg,838
2015,Solapur,9867
2015,Thane,25201
2015,Wardha,4059
2015,Washim,2759
2015,Yavatmal,8148
2016,Ahilyanagar,7881
2016,Akola,4220
2016,Amravati,11263
2016,Chh. Sambhaji Nagar,13293
2016,Beed,4895
2016,Bhandara,2211
2016,Buldhana,5074
2016,Chandrapur,4743
2016,Dhule,2994
2016,Gadchiroli,1419
2016,Gondia,1992
2016,Hingoli,2065
2016,Jalgaon,6376
2016,Jalna,3638
2016,Kolhapur,4892
2016,Latur,4396
2016,Mumbai,43333
2016,Nagpur,18798
2016,Nanded,5935
2016,Nandurbar,1730
2016,Nashik,11049
2016,Dharashiv,2660
2016,Palghar,5121
2016,Parbhani,3937
2016,Pune,26933
2016,Raigad,2814
2016,Ratnagiri,2054
2016,Sangli,4938
2016,Satara,6492
2016,Sindhudurg,983
2016,Solapur,7972
2016,Thane,21777
2016,Wardha,4948
2016,Washim,2271
2016,Yavatmal,6617
2017,Ahilyanagar,8916
2017,Akola,5026
2017,Amravati,9365
2017,Chh. Sambhaji Nagar,10281
2017,Beed,5162
2017,Bhandara,2274
2017,Buldhana,6094
2017,Chandrapur,7111
2017,Dhule,3299
2017,Gadchiroli,1276
2017,Gondia,2410
2017,Hingoli,2359
2017,Jalgaon,6079
2017,Jalna,3707
2017,Kolhapur,4656
2017,Latur,4001
2017,Mumbai,64443
2017,Nagpur,22267
2017,Nanded,5674
2017,Nandurbar,1581
2017,Nashik,11484
2017,Dharashiv,2850
2017,Palghar,4835
2017,Parbhani,3211
2017,Pune,29809
2017,Raigad,2548
2017,Ratnagiri,1996
2017,Sangli,4399
2017,Satara,6448
2017,Sindhudurg,1298
2017,Solapur,9039
2017,Thane,21501
2017,Wardha,4488
2017,Washim,2385
2017,Yavatmal,6607
2018,Ahilyanagar,12613
2018,Akola,5579
2018,Amravati,9577
2018,Chh. Sambhaji Nagar,15929
2018,Beed,5352
2018,Bhandara,2738
2018,Buldhana,6792
2018,Chandrapur,7916
2018,Dhule,3846
2018,Gadchiroli,1052
2018,Gondia,3351
2018,Hingoli,2642
2018,Jalgaon,7217
2018,Jalna,4110
2018,Kolhapur,7191
2018,Latur,4377
2018,Mumbai,80052
2018,Nagpur,20085
2018,Nanded,6157
2018,Nandurbar,1681
2018,Nashik,13242
2018,Dharashiv,3490
2018,Palghar,6683
2018,Parbhani,3471
2018,Pune,37638
2018,Raigad,2819
2018,Ratnagiri,2101
2018,Sangli,7199
2018,Satara,6918
2018,Sindhudurg,1304
2018,Solapur,11409
2018,Thane,24932
2018,Wardha,5312
2018,Washim,2849
2018,Yavatmal,8667
2019,Ahilyanagar,12543
2019,Akola,5217
2019,Amravati,9732
2019,Chh. Sambhaji Nagar,15243
2019,Beed,4461
2019,Bhandara,3060
2019,Buldhana,7714
2019,Chandrapur,7124
2019,Dhule,4283
2019,Gadchiroli,1268
2019,Gondia,2802
2019,Hingoli,2945
2019,Jalgaon,6286
2019,Jalna,4601
2019,Kolhapur,6379
2019,Latur,4677
2019,Mumbai,74490
2019,Nagpur,22489
2019,Nanded,6674
2019,Nandurbar,2301
2019,Nashik,13900
2019,Dharashiv,3409
2019,Palghar,6678
2019,Parbhani,4367
2019,Pune,38300
2019,Raigad,2697
2019,Ratnagiri,1917
2019,Sangli,7277
2019,Satara,6705
2019,Sindhudurg,1197
2019,Solapur,13088
2019,Thane,22472
2019,Wardha,4619
2019,Washim,3002
2019,Yavatmal,7167
2020,Ahilyanagar,38689
2020,Akola,7524
2020,Amravati,10113
2020,Chh. Sambhaji Nagar,12268
2020,Beed,5719
2020,Bhandara,2727
2020,Buldhana,7792
2020,Chandrapur,5641
2020,Dhule,3537
2020,Gadchiroli,1425
2020,Gondia,2190
2020,Hingoli,2913
2020,Jalgaon,9354
2020,Jalna,6255
2020,Kolhapur,9320
2020,Latur,5146
2020,Mumbai,58444
2020,Nagpur,19799
2020,Nanded,7514
2020,Nandurbar,7134
2020,Nashik,25909
2020,Dharashiv,3622
2020,Palghar,1914
2020,Parbhani,4439
2020,Pune,55814
2020,Raigad,2160
2020,Ratnagiri,1491
2020,Sangli,6603
2020,Satara,7408
2020,Sindhudurg,999
2020,Solapur,14744
2020,Thane,27298
2020,Wardha,4862
2020,Washim,5690
2020,Yavatmal,7560
2021,Ahilyanagar,13192
2021,Akola,10393
2021,Amravati,16456
2021,Chh. Sambhaji Nagar,14313
2021,Beed,6013
2021,Bhandara,2771
2021,Buldhana,9327
2021,Chandrapur,7292
2021,Dhule,3519
2021,Gadchiroli,1555
2021,Gondia,2980
2021,Hingoli,2445
2021,Jalgaon,7208
2021,Jalna,6030
2021,Kolhapur,7548
2021,Latur,5664
2021,Mumbai,70401
2021,Nagpur,19377
2021,Nanded,7297
2021,Nandurbar,4669
2021,Nashik,23444
2021,Dharashiv,4167
2021,Palghar,2204
2021,Parbhani,4340
2021,Pune,28701
2021,Raigad,3344
2021,Ratnagiri,2848
2021,Sangli,8313
2021,Satara,7365
2021,Sindhudurg,1496
2021,Solapur,12051
2021,Thane,29658
2021,Wardha,6087
2021,Washim,5250
2021,Yavatmal,9500
2022,Ahilyanagar,16283
2022,Akola,5944
2022,Amravati,13152
2022,Beed,5973
2022,Bhandara,3159
2022,Buldhana,7928
2022,Chandrapur,8029
2022,Chh. Sambhaji Nagar,14758
2022,Dharashiv,4154
2022,Dhule,3840
2022,Gadchiroli,1592
2022,Gondia,3249
2022,Hingoli,3228
2022,Jalgaon,7643
2022,Jalna,7391
2022,Kolhapur,7126
2022,Latur,5392
2022,Mumbai,83073
2022,Nagpur,22093
2022,Nanded,7195
2022,Nandurbar,2728
2022,Nashik,10752
2022,Palghar,3201
2022,Parbhani,3873
2022,Pune,33968
2022,Raigad,4950
2022,Ratnagiri,1869
2022,Sangli,7867
2022,Satara,7961
2022,Sindhudurg,1162
2022,Solapur,12248
2022,Thane,30014
2022,Wardha,7243
2022,Washim,3673
2022,Yavatmal,11327
