Year,District,Rural/Urban,Male Main Workers,Female Main Workers,Male Marginal Workers,Female Marginal Workers
1991,Raigad,Rural,367629,246989,10672,66713
1991,Raigad,Urban,88986,16499,914,2146
1991,Thane,Rural,513067,301380,10907,95640
1991,Thane,Urban,999621,147636,9770,13538
1991,Ratnagiri,Rural,287016,248790,13992,103774
1991,Ratnagiri,Urban,32583,7367,541,747
1991,Sindhudurg,Rural,171695,128495,12239,62691
1991,Sindhudurg,Urban,14595,3706,775,1033
1991,Nashik,Rural,662384,521414,11327,74885
1991,Nashik,Urban,335238,64966,2605,5916
1991,Jalgaon,Rural,610049,422683,6630,74352
1991,Jalgaon,Urban,208196,38949,1443,4987
1991,Ahilyanagar,Rural,740976,521968,8244,105539
1991,Ahilyanagar,Urban,134545,34922,934,2646
1991,Pune,Rural,722451,457276,15727,140828
1991,Pune,Urban,720337,151615,9586,12935
1991,Satara,Rural,513116,292010,9697,181845
1991,Satara,Urban,75133,16136,669,2631
1991,Sangli,Rural,463103,196087,6733,143734
1991,Sangli,Urban,128433,27103,1751,7898
1991,Solapur,Rural,630538,338772,7704,129232
1991,Solapur,Urban,217145,61888,1065,5170
1991,Kolhapur,Rural,598239,328522,20542,173415
1991,Kolhapur,Urban,210533,32441,3308,12191
1991,Chhatrapati Sambhaji Nagar,Rural,390743,291228,6559,47748
1991,Chhatrapati Sambhaji Nagar,Urban,171474,33035,1831,2727
1991,Jalna,Rural,303412,230808,5597,43353
1991,Jalna,Urban,55265,10334,427,1489
1991,Parbhani,Rural,443585,316272,5975,67338
1991,Parbhani,Urban,108979,21470,706,2517
1991,Beed,Rural,387906,282008,12484,82075
1991,Beed,Urban,74076,14599,861,2397
1991,Dharashiv,Rural,290887,183907,2545,44443
1991,Dharashiv,Urban,44031,10600,400,1713
1991,Latur,Rural,344112,225139,4660,70649
1991,Latur,Urban,76263,10729,376,3395
1991,Buldhana,Rural,402525,325606,6842,42537
1991,Buldhana,Urban,93263,22954,978,3864
1991,Amravati,Rural,416390,261120,20716,58895
1991,Amravati,Urban,174466,35916,2692,6514
1991,Yavatmal,Rural,470411,350852,9066,54615
1991,Yavatmal,Urban,84263,17724,983,2993
1991,Wardha,Rural,218498,153003,5622,16856
1991,Wardha,Urban,66240,12798,964,1633
1991,Nagpur,Rural,350044,238003,8650,37696
1991,Nagpur,Urban,486706,93154,7074,11442
1991,Chandrapur,Rural,350049,254009,7931,59606
1991,Chandrapur,Urban,119443,21615,1790,3251
1991,Gadchiroli,Rural,200328,135191,6041,57235
1991,Gadchiroli,Urban,16964,6080,269,1338
2001,Nandurbar,Rural,248284,155101,46359,100531
2001,Nandurbar,Urban,47394,7542,2415,2407
2001,Dhule,Rural,299402,158959,47283,104148
2001,Dhule,Urban,100907,14228,6647,6367
2001,Jalgaon,Rural,637351,384114,77310,151467
2001,Jalgaon,Urban,242103,36518,20191,14929
2001,Buldhana,Rural,448618,331279,32635,60794
2001,Buldhana,Urban,108459,20441,6895,6894
2001,Akola,Rural,260229,149155,18896,32922
2001,Akola,Urban,148003,24877,8663,5498
2001,Washim,Rural,206946,140265,18005,38119
2001,Washim,Urban,41006,7434,1785,1772
2001,Amravati,Rural,434246,222051,60051,99826
2001,Amravati,Urban,213863,38203,15859,11523
2001,Wardha,Rural,228765,118272,37748,65128
2001,Wardha,Urban,72866,11427,9232,6913
2001,Nagpur,Rural,359641,200365,66999,100296
2001,Nagpur,Urban,609554,113519,55432,32543
2001,Bhandara,Rural,200597,118743,61446,100829
2001,Bhandara,Urban,36571,9553,4422,4724
2001,Gondia,Rural,219975,131437,64476,117873
2001,Gondia,Urban,31964,8514,2606,2751
2001,Gadchiroli,Rural,199650,119385,55402,98342
2001,Gadchiroli,Urban,14520,3404,2818,3583
2001,Chandrapur,Rural,322069,187633,79418,140050
2001,Chandrapur,Urban,149410,23917,16694,11600
2001,Yavatmal,Rural,503260,315452,56433,103138
2001,Yavatmal,Urban,109695,21046,5535,4378
2001,Nanded,Rural,498309,297066,67649,147471
2001,Nanded,Urban,144385,25327,11579,10251
2001,Hingoli,Rural,209739,163306,14153,28854
2001,Hingoli,Urban,33203,6590,2379,1754
2001,Parbhani,Rural,259014,179128,16507,56309
2001,Parbhani,Urban,102612,19163,6272,5747
2001,Jalna,Rural,315997,217056,25421,68800
2001,Jalna,Urban,67708,11237,6011,4670
2001,Chhatrapati Sambhaji Nagar,Rural,437113,293921,45423,86244
2001,Chhatrapati Sambhaji Nagar,Urban,249162,45335,12093,7566
2001,Nashik,Rural,774184,555505,79134,151925
2001,Nashik,Urban,491345,90306,23194,19980
2001,Thane,Rural,530558,264878,108614,166833
2001,Thane,Urban,1726568,260000,77587,44943
2001,Mumbai Suburban,Rural,0,0,0,0
2001,Mumbai Suburban,Urban,2524384,446655,128751,52719
2001,Mumbai City,Rural,0,0,0,0
2001,Mumbai City,Urban,1068656,182054,42759,18270
2001,Raigad,Rural,344291,157689,92752,136602
2001,Raigad,Urban,139982,22727,11918,8034
2001,Pune,Rural,788742,510013,75499,141631
2001,Pune,Urban,1095230,251444,56582,35341
2001,Ahilyanagar,Rural,811721,553318,71923,148421
2001,Ahilyanagar,Urban,199199,46823,12607,13034
2001,Beed,Rural,422760,312188,37700,79523
2001,Beed,Urban,81851,13859,5604,4099
2001,Latur,Rural,386785,204410,27598,90103
2001,Latur,Urban,105514,16140,5560,4408
2001,Dharashiv,Rural,309553,186764,27417,63023
2001,Dharashiv,Urban,48937,9948,4295,3585
2001,Solapur,Rural,684067,419167,70809,154140
2001,Solapur,Urban,285221,97512,16085,16040
2001,Satara,Rural,583053,345465,71888,174665
2001,Satara,Urban,94659,21812,6234,5882
2001,Ratnagiri,Rural,289283,209539,65905,133592
2001,Ratnagiri,Urban,48505,10286,3087,3190
2001,Sindhudurg,Rural,142216,68268,63784,101631
2001,Sindhudurg,Urban,19273,4070,3084,2659
2001,Kolhapur,Rural,664113,402805,70203,166746
2001,Kolhapur,Urban,278499,49465,10212,10927
2001,Sangli,Rural,507962,252614,65303,177508
2001,Sangli,Urban,156594,35071,10570,13033
2011,Nandurbar,Rural,333204,251782,40425,76153
2011,Nandurbar,Urban,62724,16483,6545,4749
2011,Dhule,Rural,391024,272053,34445,60564
2011,Dhule,Urban,135243,27555,9736,5750
2011,Jalgaon,Rural,766492,493318,70667,97214
2011,Jalgaon,Urban,316444,67701,32869,18866
2011,Buldhana,Rural,552106,393031,38715,54745
2011,Buldhana,Urban,130532,31873,12671,5968
2011,Akola,Rural,299554,169963,27120,32717
2011,Akola,Urban,181359,40149,12329,4963
2011,Washim,Rural,258773,181816,26416,33567
2011,Washim,Urban,50469,11697,4695,2359
2011,Amravati,Rural,499510,254973,58707,78911
2011,Amravati,Urban,254172,52889,25188,11972
2011,Wardha,Rural,253277,146527,23806,37168
2011,Wardha,Urban,104575,25244,10658,6980
2011,Nagpur,Rural,404990,227340,51033,64636
2011,Nagpur,Urban,819058,203390,59130,38983
2011,Bhandara,Rural,213109,135349,73214,94415
2011,Bhandara,Urban,50108,15272,8623,7215
2011,Gondia,Rural,230853,136863,92734,123819
2011,Gondia,Urban,50857,15389,8707,6197
2011,Gadchiroli,Rural,213828,144619,77772,103891
2011,Gadchiroli,Urban,26133,8306,5605,4083
2011,Chandrapur,Rural,353863,227347,89177,127062
2011,Chandrapur,Urban,182889,40334,22636,14864
2011,Yavatmal,Rural,596850,414705,59307,82460
2011,Yavatmal,Urban,146852,36693,12466,6666
2011,Nanded,Rural,644223,417916,50911,87674
2011,Nanded,Urban,206270,49382,23828,13749
2011,Hingoli,Rural,266999,196702,18541,30348
2011,Hingoli,Urban,41333,9337,4030,1892
2011,Parbhani,Rural,345944,252352,15727,30114
2011,Parbhani,Urban,127302,30819,12449,8090
2011,Jalna,Rural,421019,314600,26537,43148
2011,Jalna,Urban,87279,21594,10195,6514
2011,Chhatrapati Sambhaji Nagar,Rural,563255,399546,30389,51494
2011,Chhatrapati Sambhaji Nagar,Urban,395260,88575,26960,19600
2011,Nashik,Rural,960199,727886,64816,108457
2011,Nashik,Urban,679682,155256,41589,25443
2011,Thane,Rural,595115,290338,134303,149973
2011,Thane,Urban,2464388,580670,169317,108663
2011,Mumbai Suburban,Rural,0,0,0,0
2011,Mumbai Suburban,Urban,2811481,704441,132841,86258
2011,Mumbai City,Rural,0,0,0,0
2011,Mumbai City,Urban,975508,233826,45501,29561
2011,Raigad,Rural,381638,157640,88859,86419
2011,Raigad,Urban,260017,59530,23329,15537
2011,Pune,Rural,1046069,630701,63648,88169
2011,Pune,Urban,1612763,461688,87336,58619
2011,Ahilyanagar,Rural,996307,743770,56256,79485
2011,Ahilyanagar,Urban,231007,68371,16739,12655
2011,Beed,Rural,566122,438606,31267,50394
2011,Beed,Urban,118411,31569,12019,7160
2011,Latur,Rural,494140,300417,23308,39502
2011,Latur,Urban,139181,30439,13389,6481
2011,Dharashiv,Rural,379763,243383,24702,35540
2011,Dharashiv,Urban,61894,16854,7436,4344
2011,Solapur,Rural,805368,491952,36075,61728
2011,Solapur,Urban,343569,122286,21921,15496
2011,Satara,Rural,640565,360774,54808,98554
2011,Satara,Urban,140243,42825,9189,7989
2011,Ratnagiri,Rural,282446,194838,57987,92955
2011,Ratnagiri,Urban,61643,16046,4932,3229
2011,Sindhudurg,Rural,139697,54849,60646,53771
2011,Sindhudurg,Urban,25043,6949,4290,1933
2011,Kolhapur,Rural,721522,380456,57737,107542
2011,Kolhapur,Urban,328550,78035,17395,12817
2011,Sangli,Rural,570873,274957,38319,79842
2011,Sangli,Urban,178378,50740,12644,9351
