District,Year,Worked,Demanded Work,Allotted Work
Ahilyanagar,2011,86593,87995,87753
Ahilyanagar,2012,182653,187851,187680
Ahilyanagar,2013,90098,108321,108301
Ahilyanagar,2014,41484,49946,49923
Ahilyanagar,2015,47541,61794,61752
Ahilyanagar,2016,83225,102467,102404
Ahilyanagar,2017,87656,98995,98770
Ahilyanagar,2018,113015,133793,133474
Ahilyanagar,2019,108405,129763,129512
Ahilyanagar,2020,124133,136866,136661
Akola,2011,39885,40981,40548
Akola,2012,49887,50775,50721
Akola,2013,31630,35432,35432
Akola,2014,45460,50102,50033
Akola,2015,48417,54570,54536
Akola,2016,39482,45198,45088
Akola,2017,53089,58388,58328
Akola,2018,63856,71959,71683
Akola,2019,58672,67459,67051
Akola,2020,56377,63042,62552
Amravati,2011,121329,122403,122073
Amravati,2012,157601,159957,159788
Amravati,2013,99139,112185,112106
Amravati,2014,112538,132239,132166
Amravati,2015,122098,140375,140333
Amravati,2016,149340,173450,173405
Amravati,2017,184061,213842,213520
Amravati,2018,206377,239659,239267
Amravati,2019,188255,218890,218594
Amravati,2020,199182,230797,230407
Beed,2011,102406,103971,103747
Beed,2012,145330,146948,146700
Beed,2013,78511,87402,87259
Beed,2014,128092,139036,138735
Beed,2015,118511,134676,134179
Beed,2016,126123,148659,148448
Beed,2017,113631,135525,135126
Beed,2018,129714,157672,157266
Beed,2019,119538,147038,145738
Beed,2020,70992,96254,95081
Bhandara,2011,178063,178281,178280
Bhandara,2012,172294,174693,174692
Bhandara,2013,185264,218686,218682
Bhandara,2014,193969,234567,234563
Bhandara,2015,206301,248726,248720
Bhandara,2016,214345,265109,265109
Bhandara,2017,219316,273980,273985
Bhandara,2018,235416,304322,304306
Bhandara,2019,195289,263854,263841
Bhandara,2020,254543,315500,315450
Buldhana,2011,56505,57731,57691
Buldhana,2012,49580,51075,50370
Buldhana,2013,35764,44419,44408
Buldhana,2014,33761,40347,40257
Buldhana,2015,56319,64918,64882
Buldhana,2016,73100,81088,81045
Buldhana,2017,97147,106404,106225
Buldhana,2018,98342,111198,110945
Buldhana,2019,70907,79704,79583
Buldhana,2020,60276,70948,70863
Chandrapur,2011,192351,193565,193471
Chandrapur,2012,168423,170229,170112
Chandrapur,2013,144660,165715,165653
Chandrapur,2014,158805,194081,194072
Chandrapur,2015,183861,224575,224559
Chandrapur,2016,180385,229136,229130
Chandrapur,2017,193146,244505,244477
Chandrapur,2018,214514,263387,263275
Chandrapur,2019,161764,202964,202943
Chandrapur,2020,206047,257067,256995
Dhule,2011,60694,61235,61152
Dhule,2012,74092,75701,75688
Dhule,2013,51408,53799,53797
Dhule,2014,44053,46976,46970
Dhule,2015,53651,57242,57203
Dhule,2016,73343,80148,80102
Dhule,2017,116576,129582,129485
Dhule,2018,130409,145713,145422
Dhule,2019,91507,102965,102731
Dhule,2020,69863,80298,79874
Gadchiroli,2011,175607,175897,175889
Gadchiroli,2012,162996,165030,164954
Gadchiroli,2013,144020,164521,164476
Gadchiroli,2014,173719,196550,196499
Gadchiroli,2015,208575,233129,233098
Gadchiroli,2016,194270,229603,229604
Gadchiroli,2017,191783,232281,232266
Gadchiroli,2018,193937,227878,227804
Gadchiroli,2019,146143,179697,179666
Gadchiroli,2020,193601,235410,235365
Gondia,2011,176721,177662,177551
Gondia,2012,139689,135488,135458
Gondia,2013,122386,151275,151256
Gondia,2014,142926,170834,170810
Gondia,2015,198039,231254,231239
Gondia,2016,228845,270088,270076
Gondia,2017,321388,376070,376081
Gondia,2018,297807,351706,351677
Gondia,2019,216743,269639,269559
Gondia,2020,301862,348358,347196
Hingoli,2011,30275,31148,31068
Hingoli,2012,51353,51868,51865
Hingoli,2013,27352,28720,28627
Hingoli,2014,42173,45271,45260
Hingoli,2015,34334,36050,36030
Hingoli,2016,37614,42948,42926
Hingoli,2017,40357,43783,43700
Hingoli,2018,66334,70812,70790
Hingoli,2019,71230,79119,79012
Hingoli,2020,58602,64857,64690
Jalna,2011,81525,87226,86731
Jalna,2012,160757,166043,165677
Jalna,2013,69624,83684,83408
Jalna,2014,78165,93396,92938
Jalna,2015,70001,87995,87793
Jalna,2016,79540,105391,105096
Jalna,2017,86846,105128,104888
Jalna,2018,92175,112880,112677
Jalna,2019,83126,112369,112190
Jalna,2020,101802,123655,123599
Mumbai City,2011,,,
Mumbai City,2012,,,
Mumbai City,2013,,,
Mumbai City,2014,,,
Mumbai City,2015,,,
Mumbai City,2016,,,
Mumbai City,2017,,,
Mumbai City,2018,,,
Mumbai City,2019,,,
Mumbai City,2020,,,
Mumbai Suburban,2011,,,
Mumbai Suburban,2012,,,
Mumbai Suburban,2013,,,
Mumbai Suburban,2014,,,
Mumbai Suburban,2015,,,
Mumbai Suburban,2016,,,
Mumbai Suburban,2017,,,
Mumbai Suburban,2018,,,
Mumbai Suburban,2019,,,
Mumbai Suburban,2020,,,
Nagpur,2011,44876,46168,46164
Nagpur,2012,45748,46892,46827
Nagpur,2013,45159,49403,49291
Nagpur,2014,42449,46088,46050
Nagpur,2015,53118,57825,57812
Nagpur,2016,70014,77900,77877
Nagpur,2017,66152,73109,73026
Nagpur,2018,61732,66800,66767
Nagpur,2019,56793,60810,60761
Nagpur,2020,76172,81078,80946
Nanded,2011,209415,210347,210117
Nanded,2012,231517,232688,232653
Nanded,2013,51923,57101,57101
Nanded,2014,81186,94866,94699
Nanded,2015,72213,80839,80743
Nanded,2016,70085,82137,82079
Nanded,2017,102425,115707,115655
Nanded,2018,101483,111734,111536
Nanded,2019,86504,101004,100848
Nanded,2020,72992,83806,83571
Nandurbar,2011,113570,114487,114455
Nandurbar,2012,90173,92057,92057
Nandurbar,2013,72327,76671,76654
Nandurbar,2014,72497,82004,81944
Nandurbar,2015,83442,98678,98533
Nandurbar,2016,98454,117199,116971
Nandurbar,2017,100463,111740,111367
Nandurbar,2018,127500,141377,141120
Nandurbar,2019,142940,159400,158567
Nandurbar,2020,176523,231650,231503
Nashik,2011,85903,87502,87232
Nashik,2012,127443,129695,129625
Nashik,2013,75289,82103,82050
Nashik,2014,48901,55416,55368
Nashik,2015,32211,39146,39107
Nashik,2016,85965,96994,96765
Nashik,2017,144476,156746,156229
Nashik,2018,120055,134035,133652
Nashik,2019,109579,120367,120136
Nashik,2020,146263,175421,175029
Parbhani,2011,24565,24807,24753
Parbhani,2012,48153,44676,44273
Parbhani,2013,36712,40160,39683
Parbhani,2014,53248,59432,59048
Parbhani,2015,111409,132118,131620
Parbhani,2016,86321,99956,99248
Parbhani,2017,47665,55772,55580
Parbhani,2018,57401,67344,66716
Parbhani,2019,43289,53866,53292
Parbhani,2020,49990,62558,62110
Raigad,2011,39941,40137,40133
Raigad,2012,33519,33585,33584
Raigad,2013,12953,13311,13309
Raigad,2014,7010,7423,7411
Raigad,2015,3745,3946,3940
Raigad,2016,8332,8696,8648
Raigad,2017,12408,13048,12988
Raigad,2018,12656,13265,13233
Raigad,2019,15247,16351,16295
Raigad,2020,18806,20361,20237
Ratnagiri,2011,35667,36294,36172
Ratnagiri,2012,25016,25116,25115
Ratnagiri,2013,9222,9510,9496
Ratnagiri,2014,13077,14024,14022
Ratnagiri,2015,10693,11399,11396
Ratnagiri,2016,18229,18984,18981
Ratnagiri,2017,38225,39941,39844
Ratnagiri,2018,53234,56702,56491
Ratnagiri,2019,59326,64264,63946
Ratnagiri,2020,57261,62155,61828
Sindhudurg,2011,18522,18688,18654
Sindhudurg,2012,23106,23226,23197
Sindhudurg,2013,22663,24333,24306
Sindhudurg,2014,22651,23862,23850
Sindhudurg,2015,18926,19870,19871
Sindhudurg,2016,23513,25006,25000
Sindhudurg,2017,32118,33896,33870
Sindhudurg,2018,30197,32311,32247
Sindhudurg,2019,30039,32563,32438
Sindhudurg,2020,34668,37745,37621
Thane,2011,186513,188031,187961
Thane,2012,169757,175682,175671
Thane,2013,104855,120102,120087
Thane,2014,61001,71743,71673
Thane,2015,12392,14925,14916
Thane,2016,31023,36493,36340
Thane,2017,29400,32525,32289
Thane,2018,17359,19505,19415
Thane,2019,17057,19156,19021
Thane,2020,22351,25262,25073
Wardha,2011,46669,48701,48520
Wardha,2012,54604,58929,58591
Wardha,2013,54630,62902,62690
Wardha,2014,65981,79803,79258
Wardha,2015,41473,48710,48629
Wardha,2016,36199,41632,41559
Wardha,2017,46385,52259,52094
Wardha,2018,45210,51203,51007
Wardha,2019,38138,42306,42083
Wardha,2020,42301,46067,45689
Washim,2011,30128,30784,30635
Washim,2012,49868,50590,50453
Washim,2013,34508,36861,36812
Washim,2014,63313,71032,70848
Washim,2015,72713,81015,80850
Washim,2016,59660,67107,67064
Washim,2017,75483,86346,86278
Washim,2018,84963,99139,98931
Washim,2019,37563,44884,44742
Washim,2020,26235,31612,31380
Yavatmal,2011,81302,82023,81723
Yavatmal,2012,102475,103832,103435
Yavatmal,2013,58905,66599,66412
Yavatmal,2014,86098,99513,99098
Yavatmal,2015,116073,132023,131787
Yavatmal,2016,141908,166668,166263
Yavatmal,2017,146058,168636,168245
Yavatmal,2018,131327,148911,148614
Yavatmal,2019,104395,117892,117572
Yavatmal,2020,92608,105900,105629
