District,Year,Administration (Establishment),Administration (Others),Construction,Drainage and Sewage,Education,Expenditure on Weak Sectors,Others,Public Health,Public Lighting,Public Security,Special Expenses and Loans,Tax Recovery,Transportation,Water Supply,Total Expenditure
Ahilyanagar,2012,2035.39,11750.75,965.54,757.25,76.03,137.4,2809.9,751.86,1219.37,469.28,447.13,1284.94,0.0,107.01,22811.85
Ahilyanagar,2013,1163.22,488.76,4020.57,401.6,139.64,605.84,4803.36,1265.56,0.0,328.52,1438.27,803.64,0.0,1865.06,17324.04
Ahilyanagar,2014,1955.03,743.2,4826.14,685.46,185.52,905.97,5766.73,2042.97,0.0,421.34,1952.31,1043.72,0.0,2289.3,22817.69
Ahilyanagar,2015,3388.88,1776.86,1135.09,93.62,126.69,315.95,8322.6,658.7,233.06,34.41,434.26,99.45,11.9,945.95,17577.41
Ahilyanagar,2016,4590.56,929.8,3099.08,102.42,178.38,110.38,12151.8,793.16,391.01,100.73,783.34,301.56,0.0,1449.14,24981.36
Ahilyanagar,2017,4212.47,1234.85,1838.16,141.68,109.62,22.53,8620.88,732.4,317.36,163.61,1491.3,78.83,0.0,804.61,19768.29
Ahilyanagar,2018,5244.92,1057.05,7096.61,175.39,117.67,36.57,10717.86,1171.32,457.45,21.78,50.52,184.54,8.37,2692.86,29032.91
Ahilyanagar,2019,5811.3,660.49,6964.85,201.02,105.3,64.2,5881.35,1067.3,497.43,95.52,1198.24,1270.56,0.0,1318.81,25136.37
Ahilyanagar,2020,3003.85,1003.61,4573.65,40.57,0.0,70.23,8138.51,2146.08,200.1,79.76,3800.5,249.53,0.0,745.18,24051.56
Ahilyanagar,2021,9254.27,1191.44,7649.37,212.11,143.62,113.22,8567.38,1433.19,518.59,124.83,4886.19,74.76,0.0,1047.0,35215.97
Akola,2012,1734.13,34.52,1358.87,85.16,696.75,13.0,5339.54,281.32,54.88,6.03,53.48,235.02,0.0,197.71,10090.41
Akola,2013,1733.41,314.94,604.57,85.77,389.7,102.3,2055.44,113.53,82.06,3.52,0.0,53.26,0.0,186.83,5725.33
Akola,2014,972.87,44.4,1969.07,224.12,1060.0,214.01,2160.84,388.3,39.15,0.12,1776.48,90.77,0.0,195.58,9135.71
Akola,2015,,,,,,,,,,,,,,,
Akola,2016,1955.16,515.91,3400.93,304.09,1335.41,5.11,608.87,229.46,92.59,26.32,0.0,296.06,0.0,724.99,9494.9
Akola,2017,1955.16,515.91,3400.93,304.09,1335.41,5.11,608.87,229.46,92.59,26.32,0.0,296.06,0.0,724.99,9494.9
Akola,2018,2714.68,82.04,1129.7,167.67,2017.86,32.42,777.54,329.13,164.34,18.07,0.0,41.19,0.0,243.43,
Akola,2019,2934.67,98.37,1176.35,175.04,2339.86,30.65,1025.64,361.33,185.97,18.24,0.0,46.57,0.0,331.49,16442.25
Akola,2020,3080.8,100.45,1205.59,176.4,2580.62,31.3,1044.8,375.14,222.72,19.3,0.0,49.47,0.0,364.5,9251.09
Akola,2021,5321.95,238.39,4501.49,473.83,1034.14,674.85,3626.54,243.66,184.78,36.08,211.48,45.45,0.0,485.86,17078.5
Amravati,2012,3147.41,84.1,3262.09,147.15,1472.86,97.05,1455.19,915.3,228.92,95.94,1118.99,105.57,3.75,589.15,12723.47
Amravati,2013,3649.36,349.03,3383.33,161.25,1343.64,132.48,1397.74,845.15,299.79,152.57,1329.78,172.05,0.73,623.72,13840.62
Amravati,2014,4310.18,214.34,4799.83,473.68,1433.72,336.08,1627.7,637.54,272.62,126.23,547.13,145.29,5.15,752.04,15681.53
Amravati,2015,4703.7,132.17,5118.57,363.69,1821.65,155.45,3238.53,866.76,290.15,258.71,385.51,116.68,1.08,628.05,18081.0
Amravati,2016,4839.05,277.94,7093.16,290.2,1770.43,139.44,3125.44,791.34,472.22,90.63,1372.02,119.01,1.05,745.68,21127.61
Amravati,2017,5366.22,242.77,7819.14,268.9,1810.57,57.6,1863.31,834.6,269.78,79.34,1802.37,99.43,0.86,549.62,21064.51
Amravati,2018,5368.84,46.71,5501.29,267.949,3338.17,891.97,5744.29,1274.18,30.12,425.307,1100.55,25.61,1.08,1149.38,25165.44
Amravati,2019,6076.29,175.59,10381.26,261.55,3685.73,756.43,5783.84,1261.13,187.34,435.36,330.51,129.5,12.19,868.44,30345.16
Amravati,2020,4408.81,226.4,11043.36,819.18,3725.57,102.57,368.37,3465.43,531.83,469.28,4096.06,391.6,42.5,1181.34,30872.3
Amravati,2021,4856.94,559.24,14993.72,1235.78,4698.35,144.72,2171.51,3108.31,714.07,482.53,2686.55,447.78,47.81,1195.73,37343.04
Chhatrapati Sambhaji Nagar,2012,1003.78,142.21,2077.78,187.13,596.8,79.81,2308.7,242.05,170.59,115.55,1033.46,173.13,0.0,438.22,8569.21
Chhatrapati Sambhaji Nagar,2013,461.5,136.31,2722.18,236.33,290.9,124.07,2957.46,601.55,241.52,45.5,1495.56,188.48,0.0,524.66,10026.02
Chhatrapati Sambhaji Nagar,2014,337.2,90.63,4105.26,334.62,288.76,58.46,2127.53,608.96,201.31,119.09,1683.74,225.32,0.0,604.75,10785.63
Chhatrapati Sambhaji Nagar,2015,337.2,90.63,4105.26,334.62,288.76,58.46,2127.53,608.96,201.31,119.09,1683.74,225.32,0.0,604.75,10785.63
Chhatrapati Sambhaji Nagar,2016,1133.13,111.79,2712.55,386.72,448.54,110.21,6588.02,667.71,242.45,36.53,613.21,202.85,0.0,591.59,13845.3
Chhatrapati Sambhaji Nagar,2017,1334.07,196.2,4398.69,304.19,352.29,19.05,506.69,344.92,213.94,63.96,980.09,167.02,0.0,584.69,9465.8
Chhatrapati Sambhaji Nagar,2018,1142.56,418.22,5453.29,292.9,388.04,107.98,1332.44,1443.44,246.82,24.6,564.6,361.41,2.46,691.0,12469.76
Chhatrapati Sambhaji Nagar,2019,1551.56,305.06,5847.25,375.74,387.18,25.48,3308.41,1109.01,382.53,12.34,1107.5,284.8,3.36,559.31,15259.52
Chhatrapati Sambhaji Nagar,2020,3064.88,234.62,6511.86,677.14,509.82,89.41,632.27,1290.4,102.55,427.54,1367.48,132.5,3.0,493.52,15536.99
Chhatrapati Sambhaji Nagar,2021,3238.88,656.6,11465.89,986.31,655.31,96.14,639.54,1118.94,181.29,155.24,357.48,194.8,3.22,696.35,20445.99
Beed,2014,4146.99,154.62,5034.92,2470.55,33.87,39.26,3578.93,652.34,290.85,60.98,127.36,125.52,0.0,1308.84,18025.03
Beed,2015,3214.41,258.71,3641.13,0.0,22.62,101.36,1424.5,1322.47,246.65,80.68,669.76,109.42,0.0,1197.46,12289.17
Beed,2016,3886.24,1083.02,6204.87,151.49,20.03,135.35,2769.39,709.68,220.23,97.77,304.13,65.63,0.0,1051.31,16699.14
Beed,2017,3621.17,37.89,7007.68,712.39,276.65,173.89,2829.06,370.05,228.3,44.32,40.66,77.36,0.0,1731.09,17150.51
Beed,2018,4072.04,470.93,4880.08,2235.24,13.9,361.63,6750.7,659.91,395.79,433.3,37.85,131.76,0.0,3730.54,24173.67
Beed,2019,4527.71,538.02,7424.03,1016.91,1.2,218.6,4326.4,1053.94,142.03,394.5,25.0,147.45,0.0,6540.72,26356.51
Beed,2020,4654.81,411.97,16200.34,1950.04,12.91,27.6,1527.97,1085.27,166.2,116.14,121.25,187.9,4.51,1792.67,28259.58
Beed,2021,5322.54,1598.57,20812.45,2212.82,5.13,54.87,1216.18,835.53,245.53,114.6,73.87,215.62,0.0,938.07,33645.78
Bhandara,2012,381.36,64.29,414.77,137.1,176.38,1006.32,3048.02,501.2,38.2,37.36,60.46,54.15,0.0,165.23,6084.84
Bhandara,2013,139.12,22.29,480.93,162.95,357.86,1628.19,2669.26,534.95,25.04,35.32,25.68,112.71,0.0,239.51,6433.81
Bhandara,2014,394.87,30.46,675.85,0.0,151.42,2941.22,6044.0,1397.17,19.01,32.85,1.85,68.99,0.0,131.41,11889.1
Bhandara,2015,707.76,35.07,758.45,118.13,100.25,2884.96,4502.75,791.87,212.84,39.96,1.33,145.85,0.0,207.49,10506.71
Bhandara,2016,593.44,31.67,847.55,122.13,180.46,737.04,4518.98,763.07,217.21,33.05,22.99,105.72,0.0,211.06,8384.37
Bhandara,2017,967.33,48.72,966.44,115.32,534.6,653.69,2780.6,901.48,55.8,63.25,0.0,91.3,0.0,508.74,7687.27
Bhandara,2018,2781.56,717.51,5065.03,175.0,225.54,48.41,3752.05,660.11,101.9,38.0,182.36,35.0,0.0,953.73,14736.2
Bhandara,2019,2648.85,255.87,3295.56,182.18,189.46,57.98,6951.05,553.13,63.9,38.0,1620.83,52.04,0.0,1703.82,17612.67
Bhandara,2020,4272.14,184.08,4460.89,38.46,201.12,155.87,11768.77,157.75,8.31,0.0,0.0,50.0,0.0,192.44,21489.83
Bhandara,2021,4280.12,71.47,1683.3,174.95,0.0,42.62,8108.86,85.42,74.68,3.2,0.0,18.67,0.0,462.46,15005.75
Buldhana,2013,5739.61,86.7,3328.71,157.93,1035.89,195.93,4918.76,610.11,363.27,73.42,486.45,140.39,0.72,1343.97,18481.96
Buldhana,2014,6026.41,1147.22,5143.22,415.06,1133.76,447.2,6960.63,602.51,385.45,288.9,4640.99,56.36,477.54,1647.8,29373.05
Buldhana,2015,6294.7,947.38,8795.48,202.23,4849.79,64.52,12669.52,1261.99,395.15,200.16,771.54,199.07,0.83,3057.66,39710.02
Buldhana,2016,8226.7,794.89,,,,15.82,8766.45,,203.89,,1169.02,952.56,,1930.79,38416.71
Buldhana,2017,8132.36,562.41,7181.16,42.72,5630.85,69.84,6011.15,1464.18,530.58,489.28,3463.48,848.33,0.0,1900.65,36326.99
Buldhana,2018,10156.2,887.19,7170.04,535.96,1105.51,102.95,4713.16,1054.36,331.97,135.01,654.68,164.7,0.0,1188.12,28199.85
Buldhana,2019,11999.81,927.58,8251.68,725.85,1204.55,103.02,5249.49,1838.38,617.61,96.68,592.39,73.43,0.0,1345.37,33025.84
Buldhana,2020,12863.32,823.7,16093.1,712.23,1788.1,185.82,7256.56,1796.84,447.49,530.25,1984.52,110.55,1.62,1687.77,46281.87
Buldhana,2021,13827.07,1532.81,9262.03,564.66,1243.58,47.89,11876.69,1255.63,701.67,251.74,460.09,30.75,408.25,1703.23,43166.09
Chandrapur,2012,9.0,1.8,17.8,0.0,7.2,0.2,12.9,8.2,2.2,1.1,0.2,1.3,0.0,2.3,64.2
Chandrapur,2013,9.0,1.8,0.0,0.0,5.0,0.0,25.1,24.0,0.0,0.0,0.0,0.0,0.0,0.0,64.9
Chandrapur,2014,850.6,19.8,1016.4,0.0,1920.8,0.0,5378.6,813.9,0.0,0.0,0.0,0.0,0.0,0.0,10000.1
Chandrapur,2015,2089.39,98.16,6856.65,52.84,541.77,122.82,710.43,1442.44,187.8,117.56,204.64,87.8,0.0,1365.09,13877.39
Chandrapur,2016,2092.24,206.02,7254.72,312.71,724.85,78.66,3017.62,1815.11,391.31,123.65,445.05,162.21,0.9,1916.22,18541.27
Chandrapur,2017,3892.49,1271.87,3626.21,396.79,552.28,30.93,13347.21,894.73,345.53,176.63,92.99,72.84,0.0,1258.38,25958.88
Chandrapur,2018,4439.58,1407.98,3864.51,425.17,868.33,100.36,15951.7,1499.79,477.09,278.93,135.14,154.55,0.0,1445.93,31049.03
Chandrapur,2019,3719.0,564.21,7500.34,35.17,613.42,34.46,14545.28,822.38,346.51,241.72,94.54,84.64,0.0,753.63,29355.31
Chandrapur,2020,4363.44,743.43,4661.63,285.78,252.37,410.39,24501.1,1365.76,904.26,167.68,263.68,353.46,0.0,1344.32,39617.31
Chandrapur,2021,5944.37,760.17,4973.27,55.82,371.99,64.81,26979.69,1065.95,636.63,109.67,760.96,111.17,0.0,2130.81,43965.79
Dhule,2012,252.53,51.39,152.92,38.15,315.29,3.17,6943.74,390.59,101.04,44.79,160.89,102.38,0.0,414.98,8971.86
Dhule,2013,921.18,45.86,2921.86,16.42,338.34,7.73,4589.06,517.74,131.8,57.9,5.0,70.79,0.0,337.87,9961.55
Dhule,2014,756.78,247.6,2735.09,258.11,309.79,1.26,3914.52,296.48,87.03,70.43,5.42,43.21,0.0,352.14,9077.86
Dhule,2015,1375.93,23.83,4296.64,8.63,296.3,3.18,1738.15,650.16,128.07,77.07,5.1,25.75,0.0,1388.15,10016.96
Dhule,2016,1817.97,74.52,3592.5,0.0,45.49,5.76,2111.88,642.72,290.26,50.09,6.08,5.12,0.0,865.29,9507.68
Dhule,2017,1690.63,94.06,1818.12,823.8,41.18,9.21,1522.79,657.97,213.31,57.88,42.34,0.56,0.0,1244.64,8216.49
Dhule,2018,168.55,63.03,196.91,0.0,39.48,44.72,3606.38,788.6,99.12,78.94,0.0,126.17,0.0,471.98,5683.88
Dhule,2019,2008.5,342.7,2532.2,0.0,25.73,45.77,6770.44,632.4,93.17,61.81,0.0,35.69,0.0,469.01,13017.42
Dhule,2020,2252.88,689.14,3107.86,0.0,79.1,18.88,3696.9,994.77,94.99,47.29,0.0,0.38,0.0,841.98,11824.17
Dhule,2021,2330.03,414.9,1674.44,0.0,79.1,31.96,6635.95,1083.47,240.04,215.04,0.0,0.35,0.0,1058.75,13764.03
Gadchiroli,2012,270.36,183.94,994.66,884.0,226.33,7.65,351.0,119.35,81.52,14.81,13.0,25.29,0.0,119.35,3291.26
Gadchiroli,2013,308.84,251.83,881.33,747.0,300.76,9.52,491.74,165.35,97.41,15.13,10.95,21.04,0.0,118.95,3419.85
Gadchiroli,2014,290.49,531.61,2053.09,18.0,222.15,67.31,769.88,189.08,72.09,10.98,6.9,2.4,0.0,82.05,4316.03
Gadchiroli,2015,575.57,124.49,1184.01,0.0,338.3,13.24,1427.0,73.13,103.61,1.32,5.52,3.34,0.0,235.55,4085.08
Gadchiroli,2016,348.3,123.41,2309.63,0.0,291.71,1.49,3778.5,323.92,129.38,4.35,0.0,21.55,0.0,188.23,7520.47
Gadchiroli,2017,340.03,158.0,1614.44,0.0,378.15,17.3,3364.07,299.66,187.49,17.22,3.12,21.04,0.0,305.99,6706.51
Gadchiroli,2018,666.56,174.33,1275.85,12.96,412.55,19.0,6369.26,133.58,107.13,2.33,2.56,2.0,0.0,260.05,9438.16
Gadchiroli,2019,799.92,256.02,1970.82,2.87,565.0,9.0,11124.85,128.0,57.0,2.0,10.0,2.0,0.0,228.13,15155.61
Gadchiroli,2020,1118.33,315.33,3527.46,210.92,648.96,15.47,7981.34,268.0,81.0,1.0,0.0,2.15,0.0,283.23,14453.19
Gadchiroli,2021,768.98,259.06,4923.09,3806.47,547.89,22.37,6509.38,675.49,256.78,34.56,0.0,57.71,0.0,425.18,18286.96
Gondia,2012,1442.46,52.79,2529.95,493.06,608.79,6.69,8537.46,27.13,84.88,50.83,,40.48,,57.7,13932.22
Gondia,2013,746.46,22.1,1829.16,81.88,644.91,27.03,11813.76,23.36,61.28,50.81,0.0,54.03,0.0,91.42,15446.2
Gondia,2014,3725.98,240.46,779.48,97.03,762.7,9.36,16816.1,181.31,67.68,46.84,0.0,34.0,0.0,78.76,22839.7
Gondia,2015,1927.38,263.53,1774.42,108.6,804.0,9.16,11112.47,902.28,42.93,56.45,0.0,37.0,0.0,97.6,17135.82
Gondia,2016,2002.57,982.77,1752.07,52.13,1170.7,0.0,4532.19,1016.08,37.9,5.44,0.0,3.81,0.0,56.21,11611.87
Gondia,2017,1494.41,320.64,1381.74,119.67,323.61,6.45,4477.05,710.46,68.89,53.92,0.0,34.88,0.0,168.61,9160.33
Gondia,2018,2938.28,118.31,2259.7,86.65,116.96,1.63,7041.21,83.77,65.3,5.31,0.0,2.42,0.0,192.68,12912.22
Gondia,2019,896.04,1007.55,3478.08,90.42,337.5,16.01,6163.02,937.6,129.06,46.55,152.87,74.92,0.0,187.45,13517.07
Gondia,2020,678.73,1050.36,2140.53,175.44,159.97,23.4,5683.97,1087.72,121.81,47.19,45.9,81.5,0.0,423.07,11719.59
Gondia,2021,1570.73,1332.55,2081.12,213.31,394.78,165.04,6385.4,1425.25,132.68,48.78,3.41,109.31,0.0,343.77,14206.13
Hingoli,2012,9.76,620.98,1068.71,0.0,14.93,42.38,206.05,499.46,158.28,372.43,23.52,0.0,0.0,2671.9,5688.4
Hingoli,2013,474.45,165.59,585.04,11.26,18.97,710.63,808.92,281.89,92.72,26.96,5.25,25.26,0.0,1113.31,4320.25
Hingoli,2014,682.6,57.48,1102.34,10.12,25.64,12.02,1702.68,92.4,67.1,4.57,0.0,91.29,0.0,1125.07,4973.31
Hingoli,2015,785.17,87.56,1957.93,7.95,18.16,0.0,1241.77,202.07,66.57,9.68,0.0,70.79,5.52,745.81,5198.98
Hingoli,2016,441.77,280.55,577.35,8.77,13.63,,436.74,1353.7,49.15,41.65,,161.64,4.1,190.63,3559.68
Hingoli,2017,1032.44,29.96,1921.33,1473.5,171.69,0.0,1167.54,1168.36,158.75,14.34,0.0,68.15,17.76,927.39,8151.21
Hingoli,2018,1339.72,132.92,1971.15,4809.5,2.61,517.86,76.81,251.28,231.93,15.53,2.0,22.27,0.0,350.13,9723.71
Hingoli,2019,1594.49,139.3,8873.49,2251.33,2.33,80.79,205.6,462.16,486.63,39.1,1.68,13.24,0.0,228.26,14378.4
Hingoli,2020,1406.52,52.32,3506.74,222.39,5.03,63.43,5290.82,35.5,54.52,21.52,14.5,79.46,1.5,174.17,10928.42
Hingoli,2021,1320.5,91.28,2567.63,595.37,0.8,27.61,1203.21,32.11,83.33,1.0,601.09,10.4,3.5,206.06,6743.89
Jalgaon,2009,485.0,587.0,740.0,1296.0,643.0,178.0,4814.0,1048.0,281.0,312.0,406.0,487.0,0.0,1138.0,12415.0
Jalgaon,2010,796.32,435.94,996.26,1705.08,940.45,612.13,3773.66,1395.12,320.02,112.12,199.44,626.93,22.61,1427.99,13364.67
Jalgaon,2012,4808.27,505.31,3406.07,860.63,110.09,89.39,8857.26,1023.5,398.53,137.42,211.57,480.33,0.0,1525.83,22414.2
Jalgaon,2013,5073.3,1326.49,2716.72,167.1,393.74,76.86,7554.02,2317.99,719.93,141.05,231.35,378.99,37.49,1153.79,22288.83
Jalgaon,2014,4985.85,1367.25,1868.43,116.07,294.3,55.24,7379.85,1535.34,377.23,140.3,870.35,1062.43,0.0,1201.31,21253.95
Jalgaon,2015,5983.5,1139.98,1768.06,151.42,123.14,85.3,6227.81,675.31,316.63,716.86,872.88,605.59,0.0,1170.63,19837.11
Jalgaon,2016,6597.46,405.44,4468.02,137.12,128.83,32.5,6485.13,1188.82,214.27,58.9,845.94,419.23,0.0,865.8,21487.46
Jalgaon,2017,5893.26,3776.16,1951.06,1149.46,116.54,40.22,17200.1,2336.67,535.39,365.98,711.5,357.71,0.0,1551.48,35985.53
Jalgaon,2018,8438.04,400.08,5778.42,2407.5,310.44,181.73,12059.05,1420.68,560.63,598.38,913.24,351.46,0.0,1844.5,35264.14
Jalgaon,2019,10755.65,914.35,8765.23,1068.11,270.9,73.94,14658.62,2793.88,363.11,395.0,186.32,352.14,0.0,1687.83,42285.08
Jalgaon,2020,13630.41,2222.92,8855.97,8175.5,245.67,92.61,12666.9,1587.69,257.85,390.51,435.35,503.1,0.0,4699.34,53763.82
Jalna,2013,2256.33,55.35,7212.48,10.0,562.07,7.2,153.98,463.98,142.23,58.34,0.0,67.22,0.0,860.65,11849.83
Jalna,2014,2026.93,33.5,4660.45,437.36,574.64,2.36,5570.91,888.74,208.49,104.26,0.0,38.95,0.0,606.76,15153.35
Jalna,2015,3703.34,554.59,2575.5,76.0,1064.6,183.0,2493.59,1338.0,397.0,93.42,50.0,135.5,0.0,1464.6,14129.14
Jalna,2016,3306.62,45.52,1720.7,23.45,163.0,129.74,3457.79,188.52,166.39,11.49,150.0,60.9,0.0,195.89,9591.25
Jalna,2017,404.05,0.0,1037.44,166.03,629.0,60.42,10436.35,515.15,134.6,290.08,35.38,49.21,0.0,444.66,14202.37
Jalna,2018,3762.75,182.92,1337.69,488.53,2.0,1.81,7379.11,163.64,203.73,65.02,0.0,55.95,0.0,168.8,13811.95
Jalna,2019,456.74,3840.55,2257.84,787.79,2.85,11.21,5570.95,0.8,237.73,155.11,10.16,55.81,0.0,228.9,13616.44
Jalna,2020,4529.68,145.49,2192.15,727.97,1.73,4.23,5389.4,162.87,166.63,151.17,1.38,63.5,0.0,258.48,13794.68
Jalna,2021,4933.45,0.4,3070.6,838.15,216.02,13.57,4579.63,193.9,239.29,43.67,406.91,6.39,0.0,327.21,14869.19
Kolhapur,2012,4965.0,1705.0,4724.0,200.0,592.0,75.0,6433.0,921.0,339.0,49.0,935.0,108.0,79.0,1484.0,22610.0
Kolhapur,2013,6719.0,1993.0,2130.0,294.0,913.0,93.0,8919.0,1348.0,441.0,69.0,2664.0,96.0,79.0,1924.0,27683.0
Kolhapur,2014,5904.0,3017.0,3028.0,377.0,841.0,91.0,9793.0,1353.0,449.0,86.0,548.0,67.0,47.0,3836.0,29436.0
Kolhapur,2015,2350.0,2868.0,5863.0,2776.0,1108.0,62.0,7621.0,4355.0,608.0,86.0,1298.0,123.0,65.0,2778.0,31961.0
Kolhapur,2016,6544.0,1415.0,4592.0,1967.0,702.0,33.0,9378.0,1243.0,541.0,90.0,617.0,111.0,4.0,3233.0,30470.0
Kolhapur,2017,9574.0,84.0,7549.0,523.0,790.0,164.0,12514.0,951.0,609.0,59.0,757.0,215.0,9.0,2984.0,
Kolhapur,2018,8896.0,247.0,4655.0,1261.0,1162.0,220.0,12075.0,2627.0,1419.0,166.0,1276.0,1054.0,5.0,2532.0,74377.0
Kolhapur,2019,10843.0,434.0,9543.0,716.0,926.0,140.0,8759.0,3151.0,406.0,148.0,1492.0,662.0,0.0,2619.0,39838.0
Kolhapur,2020,12521.0,707.0,12102.0,392.0,401.0,218.0,23560.0,3322.0,1906.0,254.0,1929.0,3812.0,0.0,1589.0,62714.0
Kolhapur,2021,14484.0,849.0,10964.0,822.0,250.0,169.0,14601.0,4285.0,1873.0,1186.0,1897.0,1206.0,13.0,1406.0,54005.0
Latur,2012,862.88,,1023.29,629.19,32.08,105.14,376.59,1.7,,,372.77,,,565.81,6566.84
Latur,2013,917.28,69.79,4167.3,16.45,3.31,3.61,2578.22,640.49,150.86,23.34,37.26,67.55,0.0,468.41,9143.87
Latur,2014,1370.83,84.59,6904.25,57.5,0.88,14.49,286.92,71.94,243.67,180.72,1023.93,87.74,0.0,543.89,10871.35
Latur,2015,892.47,272.89,1283.64,2.17,1.65,9.71,5280.92,500.89,95.79,25.46,47.21,97.66,0.0,382.59,8893.05
Latur,2016,1772.19,42.62,1265.71,9.54,1.72,4.75,4326.24,326.93,38.18,16.94,35.85,49.78,0.0,316.07,8206.52
Latur,2017,1254.91,510.37,706.9,868.18,0.0,18.08,1140.46,807.87,175.0,70.7,28.96,43.6,0.0,289.53,5914.56
Latur,2018,1938.4,173.34,845.94,236.75,0.1,22.39,8706.1,281.72,244.91,66.52,774.83,53.1,0.0,1838.33,15182.43
Latur,2019,1882.88,75.79,2018.25,303.16,0.2,10.62,14558.46,323.48,187.17,57.89,922.31,80.13,0.0,2059.32,22479.66
Latur,2020,1938.89,516.15,5463.83,0.14,0.4,7.67,8485.64,1025.78,184.65,42.72,10.0,74.39,0.0,3691.94,21442.2
Latur,2021,3267.67,98.27,5256.85,546.87,0.95,12.92,5227.97,369.66,282.69,44.16,1348.03,146.46,0.0,1538.46,18140.96
Mumbai (City+Suburban),2013,0.0,0.0,0.0,0.0,0.0,0.0,0.0,0.0,0.0,0.0,0.0,0.0,0.0,0.0,0.0
Mumbai (City+Suburban),2014,,,,,,,,,,,,,,,
Mumbai (City+Suburban),2015,,,,,,,,,,,,,,,-14.0
Mumbai (City+Suburban),2016,,,,,,,,,,,,,,,-14.0
Mumbai (City+Suburban),2017,,,,,,,,,,,,,,,-14.0
Mumbai (City+Suburban),2018,,,,,,,,,,,,,,,-14.0
Mumbai (City+Suburban),2019,,,,,,,,,,,,,,,
Mumbai (City+Suburban),2020,,,,,,,,,,,,,,,
Nagpur,2012,1910.0,627.0,1379.0,161.0,843.0,634.0,6129.0,788.0,237.0,73.0,623.0,296.0,0.0,601.0,14301.0
Nagpur,2013,2407.0,523.0,621.0,161.0,1388.0,98.0,8724.0,967.0,282.0,62.0,997.0,193.0,0.0,542.0,16965.0
Nagpur,2014,2948.0,448.0,1221.0,246.0,852.0,171.0,11219.0,727.0,229.0,373.0,849.0,179.0,0.0,625.0,20087.0
Nagpur,2015,3681.0,643.0,4712.0,179.0,1129.0,164.0,5670.0,859.0,307.0,62.0,341.0,187.0,0.0,756.0,18690.0
Nagpur,2016,4318.0,1483.0,3747.0,292.0,1000.0,199.0,5782.0,639.0,262.0,64.0,81.0,160.0,0.0,866.0,18893.0
Nagpur,2017,4453.0,398.0,5094.0,637.0,1570.0,624.0,7522.0,852.0,355.0,101.0,145.0,177.0,0.0,1045.0,22973.0
Nagpur,2018,6844.0,1106.0,12400.0,314.0,258.0,260.0,9092.0,1074.0,473.0,50.0,1531.0,59.0,8.0,1016.0,34485.0
Nagpur,2019,5886.0,866.0,12030.0,612.0,900.0,257.0,11679.0,1460.0,382.0,143.0,745.0,151.0,0.0,1551.0,36662.0
Nagpur,2020,7622.0,5635.0,7381.0,468.0,1391.0,477.0,8363.0,1593.0,448.0,312.0,307.0,185.0,0.0,1350.0,35532.0
Nagpur,2021,7910.0,5889.0,9499.0,1746.0,1141.0,227.0,7424.0,1880.0,771.0,344.0,438.0,288.0,296.0,1929.0,39782.0
Nanded,2014,1326.92,177.08,5496.03,40.6,76.2,3.34,3345.79,1156.19,229.44,41.34,6.96,87.92,0.0,361.18,12348.98
Nanded,2015,1324.0,200.1,7572.0,56.51,122.18,4.35,7591.77,2031.61,236.29,57.95,7.05,1475.75,0.0,370.6,21050.16
Nanded,2016,2051.0,375.9,5365.0,466.5,100.47,25.33,2658.94,83.83,733.59,191.6,1719.81,946.02,0.0,1699.48,16418.42
Nanded,2017,1715.1,1117.3,3069.35,2275.09,631.8,154.73,26422.88,857.76,3539.48,217.74,2382.28,289.82,8218.85,202.53,6684.37
Nanded,2018,1521.2,1044.25,3571.48,3494.0,101.85,973.59,876.41,0.0,395.73,762.5,204.01,1785.43,0.0,1447.31,16177.76
Nanded,2019,20.08,0.0,4828.65,3325.27,49.26,1614.6,1889.78,169.05,234.51,0.0,1300.41,2275.58,0.0,1000.05,16707.25
Nanded,2020,1.41,3.17,1247.55,429.99,183.38,48.12,1248.28,336.51,0.0,22.3,45.0,983.29,0.0,1720.36,6269.36
Nanded,2021,15.33,4.83,4657.79,3216.5,2560.99,1093.7,2817.48,56.63,447.7,652.49,719.92,3345.07,0.0,1006.33,20594.76
Nandurbar,2006,,,,,11.9,,1288.59,1125.44,,,,,,,2655.54
Nandurbar,2008,,,,,8.77,,1393.48,964.74,,,,,,,2616.29
Nandurbar,2009,0.0,0.0,0.0,0.0,0.0,0.0,0.0,0.0,0.0,0.0,0.0,0.0,0.0,0.0,0.0
Nandurbar,2010,0.0,0.0,0.0,0.0,0.0,0.0,0.0,0.0,0.0,0.0,0.0,0.0,0.0,0.0,0.0
Nandurbar,2011,0.0,0.0,0.0,0.0,0.0,0.0,0.0,0.0,0.0,0.0,0.0,0.0,0.0,0.0,0.0
Nandurbar,2012,1360.94,274.78,941.34,10.68,26.03,21.09,412.93,270.6,241.11,85.58,234.17,118.22,0.0,330.75,4328.22
Nandurbar,2013,1611.51,71.03,1006.42,208.48,37.47,49.97,693.25,179.71,216.79,31.52,258.0,117.09,0.0,322.17,4803.41
Nandurbar,2014,1463.3,664.76,587.91,21.3,49.39,20.85,620.55,301.35,197.78,241.36,191.33,104.26,0.0,291.66,4755.8
Nandurbar,2015,1469.49,576.41,944.13,5.09,23.78,5.83,873.36,539.54,112.33,28.48,169.57,62.42,0.0,294.13,5104.56
Nandurbar,2016,2047.39,329.56,1035.97,18.41,52.48,79.27,1104.96,383.77,211.07,36.61,314.73,66.85,0.0,298.7,5979.77
Nandurbar,2017,1788.63,302.41,2932.74,19.42,48.5,155.73,1110.37,430.85,314.51,198.98,317.24,52.54,0.0,459.41,8131.33
Nandurbar,2018,2701.61,248.59,1347.24,10.38,55.39,63.18,326.01,365.95,64.56,48.93,351.21,43.7,0.0,237.16,5863.91
Nandurbar,2019,3121.75,203.71,632.77,10.38,73.74,5.0,679.7,209.91,133.57,38.86,313.03,70.8,0.0,261.56,5754.78
Nandurbar,2020,3589.54,220.95,943.18,0.0,42.86,13.46,646.24,151.18,129.21,23.96,315.7,38.6,0.0,349.68,6464.56
Nandurbar,2021,92.15,28.63,879.5,0.0,0.0,0.29,0.0,62.17,2.08,0.0,0.0,0.0,0.0,14.24,1079.06
Nashik,2012,37.93,7.24,23.06,15.43,1.09,1.14,355.6,89.65,35.18,0.93,16.21,21.32,7.68,53.86,666.32
Nashik,2013,40.05,186.39,21.15,2.18,0.64,0.07,34.26,14.66,8.97,0.68,0.08,1.27,0.39,29.73,340.52
Nashik,2014,599.36,52.96,582.05,6.43,2.55,0.11,1073.98,22.95,16.75,2.57,253.91,0.04,0.02,30.32,2644.0
Nashik,2015,263269.0,8868.0,30264.0,5612.5,7935.0,955.0,381966.0,23055.0,7432.72,946.74,712.84,1979.2,0.0,33523.0,766519.0
Nashik,2016,4400.47,730.1,343.64,434.46,68.71,46.11,14525.01,458.82,334.45,27.05,1340.62,46.21,0.0,748.31,23503.95
Nashik,2017,3210.56,127.06,1655.21,948.05,253.75,89.05,114.82,1214.82,0.0,535.75,1832.92,103.69,0.0,1012.27,11097.95
Nashik,2018,4638.82,437.05,2295.62,413.96,101.32,72.5,19187.65,730.62,163.16,119.12,1797.92,61.12,0.0,623.83,30642.69
Nashik,2019,3538.12,275.34,1862.69,272.41,152.89,344.0,3012.45,423.56,216.78,443.04,5662.41,119.85,0.0,698.07,17021.61
Nashik,2020,5939.15,1430.78,1659.67,113.9,70.79,29.69,6498.0,502.01,257.71,10.29,11.0,39.02,13.2,464.07,17039.28
Nashik,2021,7098.27,907.35,1861.46,232.15,0.0,50.79,3399.4,721.85,308.63,17.17,3308.88,133.08,9.3,625.63,18673.96
Dharashiv,2012,634.93,60.63,2087.97,412.93,543.71,210.22,1015.48,537.89,206.77,290.84,117.01,292.5,0.0,762.59,7173.4
Dharashiv,2013,894.57,26.47,2219.8,27.6,403.0,80.7,2975.79,226.13,208.28,45.85,63.16,150.44,0.0,1601.13,8922.92
Dharashiv,2014,951.87,82.65,3105.27,164.5,537.91,8.85,3931.61,737.63,192.07,40.15,487.25,159.37,0.0,2260.32,12659.45
Dharashiv,2015,2866.67,422.69,3251.84,165.75,1003.83,11.15,1154.7,578.69,897.53,62.71,299.08,4755.89,0.0,563.73,19098.5
Dharashiv,2016,1290.61,392.67,3187.41,160.97,992.23,9.48,6518.57,429.28,244.97,69.42,224.01,465.64,4.64,941.0,14930.9
Dharashiv,2017,2196.46,735.37,2003.5,43.72,88.62,2.3,3677.58,593.26,160.13,48.4,811.85,194.06,9.61,708.37,11273.23
Dharashiv,2018,2720.93,339.17,6736.93,80.33,700.0,67.61,1710.81,412.95,1150.38,35.7,795.92,205.4,49.48,824.44,15830.05
Dharashiv,2019,4412.55,339.42,7021.05,146.2,701.74,161.2,3949.19,430.74,442.57,340.38,1635.37,226.25,4.0,1507.63,21318.29
Dharashiv,2020,2888.7,1650.6,6645.6,766.46,785.5,11.02,2586.9,1120.2,551.1,71.02,351.85,98.52,0.0,560.47,18087.94
Dharashiv,2021,2587.99,466.67,9156.68,799.43,502.3,70.81,1752.62,676.1,588.54,57.74,43.42,152.96,0.0,678.82,17534.08
Palghar,2014,,,,,,,,,,,,,,,
Palghar,2015,1317.28,2061.97,29.42,37.07,2.73,5.92,4570.22,18.91,5.05,53.99,650.52,104.95,0.0,215.96,9073.99
Palghar,2016,1149.52,78.33,691.15,120.65,9.4,6.08,2034.18,24.62,4.83,0.42,443.75,0.0,0.0,533.34,5096.27
Palghar,2017,1192.34,89.45,405.68,214.19,3.09,23.67,3245.24,31.52,3.01,0.53,424.83,0.0,0.0,516.38,6149.93
Palghar,2018,1490.28,0.0,797.69,325.56,9.8,120.55,4388.1,37.63,0.0,0.0,896.18,0.0,0.0,750.89,8816.68
Palghar,2019,1738.69,0.0,1545.73,367.53,4.57,99.38,3119.65,27.51,0.0,0.0,1038.87,0.0,0.0,724.22,8666.15
Palghar,2020,1517.13,201.56,1430.38,204.61,6.55,76.75,4914.61,423.46,227.14,1.31,1917.21,0.0,0.0,1143.44,12064.15
Palghar,2021,2148.41,0.0,1031.21,630.04,11.82,63.4,9476.27,166.81,0.0,0.0,2507.08,0.0,0.0,1392.78,17427.82
Parbhani,2013,1297.41,72.75,4787.43,244.58,57.93,20.97,1144.73,571.49,145.75,35.42,218.36,104.83,0.0,747.71,9449.36
Parbhani,2014,1122.5,128.22,3562.09,182.82,47.39,142.12,1401.99,759.94,222.4,123.62,0.0,110.38,0.0,504.49,8307.96
Parbhani,2015,1970.34,271.61,2732.22,235.19,62.4,10.41,3459.8,957.34,307.26,106.6,0.0,271.37,0.0,588.67,10973.21
Parbhani,2016,1201.45,295.76,7102.17,1877.82,311.08,67.05,2826.03,81.23,272.17,32.47,443.99,16.1,0.0,883.59,15410.91
Parbhani,2017,1832.5,199.8,6009.13,180.19,15.54,30.69,1985.48,815.66,439.63,489.68,173.56,186.65,3.56,530.75,12892.83
Parbhani,2018,2025.65,648.23,6332.77,3260.58,1274.49,746.0,2262.8,150.93,325.36,157.56,1729.44,234.02,69.0,457.39,19674.21
Parbhani,2019,3025.61,186.51,11020.34,345.23,22.68,25.52,1765.65,71.07,136.96,75.2,23.05,60.95,32.04,261.84,17052.65
Parbhani,2020,2935.18,80.95,9530.74,620.81,6.23,23.96,2513.82,158.42,467.95,170.14,50.56,60.69,0.0,249.72,16869.18
Parbhani,2021,4033.36,71.0,10161.39,128.97,0.0,26.86,1882.29,32.73,618.72,148.74,30.0,186.22,6.6,917.66,18244.54
Pune,2014,3343.29,319.0,3711.18,1069.15,178.87,76.96,17080.52,1437.52,618.27,44.25,740.09,168.8,0.0,1681.91,47966.5
Pune,2015,4101.76,960.19,15858.77,213.23,182.76,88.3,10533.82,1407.64,682.23,32.18,516.24,244.03,0.0,1898.94,36720.1
Pune,2016,5836.36,1750.75,12610.88,254.91,170.0,267.79,7708.15,1961.59,1123.72,58.0,2102.43,51.02,0.0,2490.97,157793.26
Pune,2017,4298.05,2387.93,11252.72,869.22,213.35,352.65,11009.22,1850.82,966.95,539.13,614.31,83.4,46.0,3245.12,37728.86
Pune,2018,6735.3,1739.09,12453.29,510.49,284.27,302.87,10137.62,3628.4,1639.08,639.88,660.99,47.91,0.0,4249.23,43028.42
Pune,2019,7774.97,1116.21,10714.48,2715.35,281.25,480.29,14652.52,3729.33,1128.25,484.91,951.25,233.59,0.0,5986.75,50249.15
Pune,2020,10429.0,1017.2,13218.24,3414.83,282.37,815.38,8648.64,3916.0,1368.21,591.01,282.39,323.89,0.0,7113.24,51420.4
Pune,2021,11033.21,3125.39,24293.49,1758.43,392.92,596.5,17002.1,2798.22,833.93,219.55,780.33,223.96,4.0,2584.61,65646.66
Raigad,2012,230.13,1626.29,4002.97,1080.6,664.35,111.08,1272.29,1296.85,805.95,965.73,3734.26,2640.12,0.0,2286.54,20717.16
Raigad,2013,1123.08,1120.5,4900.87,1471.39,572.54,151.25,4482.01,1370.19,749.43,897.96,1474.79,1360.38,252.46,2072.66,21999.51
Raigad,2014,3416.18,1270.3,4328.91,1273.88,410.19,67.1,7303.23,1350.67,687.0,118.1,32.05,461.45,47.42,2281.45,23047.93
Raigad,2015,2787.14,745.46,6142.22,981.43,693.09,71.64,8544.93,2997.12,914.85,168.69,87.95,697.57,93.35,2648.35,27573.79
Raigad,2016,3822.91,1700.64,4365.26,1663.58,421.75,82.21,5148.93,3347.19,710.24,177.41,313.18,387.81,0.0,1453.53,23594.64
Raigad,2017,3016.1,745.31,2956.66,418.63,373.49,25.49,16026.11,1787.52,840.95,246.97,659.71,458.37,0.0,1334.41,28889.72
Raigad,2018,2808.93,2712.81,5483.9,248.44,282.12,626.07,6260.59,1882.92,689.09,80.4,502.11,69.31,0.0,1851.07,23946.07
Raigad,2019,5038.22,1136.41,7947.53,825.19,354.23,61.27,6763.31,2156.39,694.25,334.45,1060.26,382.61,35.5,2348.43,29138.05
Raigad,2020,5195.33,1624.51,6179.83,1067.79,344.32,157.14,5971.85,2465.38,973.68,413.94,2189.04,496.11,0.0,2093.02,29171.94
Raigad,2021,5359.11,1610.91,7832.86,867.88,261.62,117.38,11785.49,2328.68,1061.94,137.84,519.25,348.13,0.0,1721.11,33952.2
Ratnagiri,2009,121.0,262.0,844.0,47.0,550.0,7.0,1052.0,1368.0,168.0,0.0,179.0,188.0,0.0,923.0,5709.0
Ratnagiri,2010,828.0,1216.0,1019.0,75.0,32.0,34.0,1293.0,370.0,172.0,12.0,134.0,114.0,0.0,632.0,5931.0
Ratnagiri,2011,1042.0,815.0,921.0,83.0,97.0,3.0,1884.0,382.0,208.0,17.0,1.0,32.0,0.0,674.0,6159.0
Ratnagiri,2012,775.0,723.0,444.0,43.0,102.0,8.0,2081.0,557.0,237.0,35.0,0.0,204.0,0.0,709.0,5918.0
Ratnagiri,2013,1316.0,199.0,717.0,175.0,17.0,71.0,4445.0,472.0,273.0,62.0,0.0,83.0,0.0,776.0,8606.0
Ratnagiri,2014,1275.0,227.0,1324.0,112.0,104.0,27.0,5149.0,570.0,319.0,39.0,0.0,68.0,0.0,789.0,10004.0
Ratnagiri,2015,1770.0,1244.0,2353.0,94.0,124.0,20.0,2791.0,402.0,391.0,229.0,44.0,580.0,0.0,742.0,10784.0
Ratnagiri,2016,2117.0,300.0,3341.0,90.0,268.0,68.0,2913.0,1112.0,280.0,101.0,1.0,548.0,0.0,864.0,12003.0
Ratnagiri,2017,2809.0,308.0,1936.0,226.0,204.0,128.0,5855.0,956.0,49.0,387.0,0.0,477.0,0.0,946.0,14281.0
Ratnagiri,2018,2622.0,210.0,3253.0,82.0,382.0,43.0,7837.0,525.0,367.0,132.0,0.0,1.0,0.0,813.0,16267.0
Ratnagiri,2019,2982.0,577.0,5446.0,376.0,426.0,122.0,9435.0,2326.0,449.0,210.0,105.0,1.0,0.0,3156.0,25611.0
Ratnagiri,2020,3230.0,170.0,4514.0,267.0,112.0,76.0,907.0,670.0,647.0,172.0,0.0,336.0,0.0,1968.0,13069.0
Ratnagiri,2021,3078.0,3410.0,3951.0,68.0,123.0,50.0,4123.0,691.0,372.0,220.0,0.0,339.0,0.0,1993.0,18418.0
Sangli,2011,984.04,19.92,2176.74,170.0,41.0,8.21,2334.95,679.02,96.82,81.05,0.0,90.0,,387.51,7069.35
Sangli,2012,1426.0,30.0,2981.0,474.0,136.0,13.0,1782.0,274.0,177.0,79.0,737.0,38.0,,746.0,8893.0
Sangli,2013,1097.93,26.38,2033.84,58.09,143.21,29.36,3037.06,240.76,252.13,34.15,457.46,96.2,0.0,699.29,8205.86
Sangli,2014,1105.8,22.1,3310.67,92.34,111.8,1.94,2676.98,320.43,313.61,53.67,47.04,40.09,0.0,1227.04,9323.51
Sangli,2015,1020.53,171.38,3947.95,76.19,87.04,15.37,3756.38,634.13,264.01,72.05,558.52,76.8,0.0,905.83,11586.08
Sangli,2016,1925.3,184.59,3377.26,0.0,59.59,13.1,3926.65,259.44,257.02,36.56,726.42,19.37,0.0,662.58,11447.88
Sangli,2017,1797.32,63.91,3162.9,30.49,50.37,21.73,5228.59,296.38,297.93,75.64,25.67,24.46,21.78,552.37,11649.54
Sangli,2018,1698.47,305.77,2749.11,189.83,122.0,19.5,5317.92,790.18,337.19,77.98,1749.19,8.87,15.14,683.29,14064.4
Sangli,2019,1720.33,188.79,3772.63,11.51,40.39,16.31,4142.46,445.66,256.87,56.81,1350.33,14.08,0.0,637.11,12653.28
Sangli,2020,2120.52,152.95,2687.82,550.54,181.03,6.78,2297.51,584.64,194.31,95.39,1469.02,41.4,0.0,778.99,11160.9
Sangli,2021,2787.08,83.69,5733.95,14.67,54.35,9.32,5432.28,660.64,256.87,44.71,1655.83,38.45,0.0,724.85,17496.69
Satara,2012,2808.8,519.4,1188.33,452.33,180.95,47.47,5398.05,838.06,479.6,115.91,2492.09,360.57,0.0,888.74,15770.3
Satara,2013,3295.67,522.07,1266.86,612.77,231.31,53.15,8480.3,2059.01,606.3,241.37,4190.22,215.04,21.31,2060.53,23855.91
Satara,2014,4798.6,293.67,2179.75,510.75,223.61,49.98,11547.79,1187.43,676.28,100.43,3780.53,550.87,19.77,1184.66,27104.12
Satara,2015,4728.95,1032.77,1787.32,562.4,275.64,104.57,10206.07,1694.64,595.96,79.06,1702.42,581.71,24.2,1417.44,24793.15
Satara,2016,4442.35,1137.25,5144.77,441.5,447.22,58.38,16092.86,1964.14,521.18,80.68,2167.54,196.15,74.31,1065.78,33834.11
Satara,2017,4526.99,1222.88,2488.12,789.71,250.57,2898.11,8825.29,1749.96,583.61,106.03,309.96,287.74,214.21,1222.88,25166.1
Satara,2018,6000.0,1954.0,4069.0,1957.0,415.8,636.5,11109.0,2644.0,1575.0,318.7,7043.0,294.5,62.0,1171.0,39251.0
Satara,2019,5182.0,1192.0,3773.0,1674.0,387.4,688.9,11812.0,3105.0,1369.0,365.9,1386.0,519.4,60.08,1103.0,32617.0
Satara,2020,5760.61,1228.44,4344.01,1681.32,780.23,1920.11,14273.68,2047.51,895.91,469.99,1399.73,530.56,0.61,1805.15,37137.86
Satara,2021,6525.31,2882.68,9999.29,780.63,366.65,245.04,19048.02,1909.68,1106.5,238.21,5717.92,369.32,0.0,1225.39,50414.64
Sindhurdurg,2012,2.7,2.5,4.0,0.6,0.2,0.2,13.8,1.6,1.0,0.4,4.1,0.5,0.0,1.5,33.0
Sindhurdurg,2013,320.0,462.0,1324.0,0.0,22.0,18.0,825.0,162.0,60.0,60.0,652.0,15.0,0.0,144.0,4064.0
Sindhurdurg,2014,369.0,196.0,1622.0,521.0,11.0,6.0,361.0,196.0,103.0,27.0,636.0,54.0,0.0,204.0,4306.0
Sindhurdurg,2015,761.0,110.0,1121.0,172.0,43.0,4.0,3618.0,142.0,78.0,8.0,0.0,0.0,0.0,97.0,6154.0
Sindhurdurg,2016,958.0,53.0,1116.0,12.0,20.0,102.0,2677.0,244.0,136.0,20.0,1151.0,26.0,0.0,181.0,6696.0
Sindhurdurg,2017,1053.0,58.0,1745.0,470.0,25.0,27.0,1952.0,247.0,110.0,13.0,1052.0,6.0,0.0,148.0,6906.0
Sindhurdurg,2018,3318.0,274.0,1235.0,68.0,83.0,52.0,535.0,200.0,3.0,130.0,264.0,265.0,0.0,185.0,6611.0
Sindhurdurg,2019,1367.0,181.0,1922.0,12.0,50.0,64.0,1789.0,284.0,98.0,8.0,110.0,6.0,0.0,136.0,6027.0
Sindhurdurg,2020,1266.0,159.0,2672.0,406.0,40.0,13.0,1515.0,409.0,147.0,10.0,0.0,19.0,0.0,171.0,6825.0
Sindhurdurg,2021,1412.0,517.0,2419.0,90.0,38.0,17.0,2178.0,505.0,388.0,12.0,0.0,7.0,0.0,143.0,7727.0
Solapur,2016,5157.97,1548.4,5646.98,674.33,88.55,188.05,6731.99,1120.19,3338.42,9.85,41.25,16.2,3.88,1678.63,23244.69
Solapur,2017,5555.58,1063.17,5890.97,1110.34,246.51,144.36,13346.33,2160.97,394.48,218.54,347.25,65.87,3.88,2169.41,32717.66
Solapur,2018,5806.54,1168.25,9118.74,4217.64,212.65,602.92,7851.37,2222.66,402.17,23.41,290.32,53.8,0.0,2043.79,34014.26
Solapur,2019,6369.52,940.36,9779.98,3601.91,249.87,1549.84,8554.6,2766.42,377.5,30.67,350.3,11.67,0.0,1753.09,34014.26
Solapur,2020,6869.8,865.08,10527.6,5802.21,157.48,1822.7,21302.3,2413.34,713.73,98.14,555.05,100.31,0.0,1712.75,52940.9
Solapur,2021,10466.9,126.57,8624.11,5844.95,285.22,1784.72,22125.55,1237.06,399.34,9.58,163.9,148.34,0.0,1489.77,52705.96
Thane,2012,1151.5,224.89,2539.77,4976.16,215.92,174.43,10716.38,1230.64,786.68,159.08,7496.25,192.57,0.0,721.89,30586.16
Thane,2013,1039.19,366.14,15959.56,4176.22,235.25,227.79,8976.28,1430.79,733.68,194.04,2667.41,197.57,0.0,644.97,36848.89
Thane,2014,1315.08,302.97,10357.8,11367.12,182.05,92.11,10220.19,729.91,636.17,86.68,3479.7,108.7,0.0,164.67,39043.15
Thane,2015,1357.48,619.9,11480.06,13763.79,194.51,112.94,14411.17,1129.46,831.87,78.66,4225.11,357.04,0.0,243.73,48805.72
Thane,2016,1494.09,870.62,4944.26,6546.14,332.21,81.41,16542.44,675.31,885.24,91.07,3784.68,643.27,0.0,333.93,37224.67
Thane,2017,1660.38,812.66,10718.9,9990.42,290.61,653.91,19049.75,1772.7,877.9,71.08,3141.74,160.66,0.0,286.23,49486.94
Thane,2018,1462.02,653.17,11282.83,12012.95,320.55,688.64,21475.61,1633.61,1999.68,79.32,4153.98,557.99,0.0,244.91,56565.26
Thane,2019,1738.05,800.59,13141.12,9101.31,434.61,561.77,16564.26,2136.51,1851.82,92.17,3488.15,115.61,0.0,128.09,50154.06
Thane,2020,2422.97,595.08,12738.22,7371.11,536.2,192.51,24687.6,3820.25,2245.52,367.57,5264.54,234.22,0.0,156.71,60632.5
Thane,2021,221.17,267.04,10640.28,5525.71,274.95,46.02,4352.61,66.74,680.68,96.06,5420.85,142.2,0.0,75.85,27810.16
Wardha,2012,1763.0,287.0,1783.0,170.0,344.0,66.0,1674.0,749.0,206.0,126.0,385.0,124.0,0.0,636.0,8313.0
Wardha,2013,1673.0,554.0,2402.0,640.0,322.0,19.0,1003.0,725.0,265.0,221.0,1515.0,93.0,81.0,704.0,10217.0
Wardha,2014,3116.18,415.78,2473.19,167.92,347.08,18.69,1685.46,384.69,295.78,15.7,264.01,80.8,0.0,573.43,9838.71
Wardha,2015,2715.25,314.02,3652.8,294.67,235.2,42.33,1588.1,921.45,293.71,67.15,393.52,837.63,0.0,689.31,12045.0
Wardha,2016,4327.47,394.43,4397.02,304.03,341.94,118.97,3195.73,236.21,337.57,5.78,182.47,80.43,0.0,621.68,14543.7
Wardha,2017,5230.35,391.37,10762.27,1190.99,266.66,11.43,2113.29,737.95,248.46,78.23,1.6,78.17,0.0,559.34,21670.11
Wardha,2018,4627.42,487.45,8123.71,5655.92,1008.98,206.43,1505.48,438.57,349.36,172.23,378.56,157.29,0.0,842.9,23954.3
Wardha,2019,5978.71,111.94,10505.19,3949.83,771.76,318.88,1653.38,578.64,549.96,58.2,249.26,1.77,0.0,435.6,25163.12
Wardha,2020,6919.67,161.42,6214.52,4679.0,923.48,217.18,1961.76,246.6,574.39,14.04,1466.6,3.63,0.0,258.79,23641.08
Wardha,2021,9242.28,297.94,5897.33,1144.12,648.02,181.39,7255.74,804.97,838.56,72.15,11.0,5.6,0.0,1831.66,28230.76
Washim,2009,774.19,165.61,901.98,227.31,427.04,5.18,1051.15,109.29,119.45,4.01,0.17,77.43,18.48,175.57,4056.86
Washim,2010,774.19,165.61,901.98,227.31,427.04,5.18,1051.15,109.29,119.45,4.01,0.17,77.43,18.48,175.57,4056.86
Washim,2011,868.81,111.5,1504.41,299.91,734.07,5.58,1378.24,234.93,86.71,17.44,1128.75,189.67,0.0,227.1,6787.12
Washim,2012,1002.6,26.76,2570.26,362.53,740.93,0.1,1833.23,127.7,111.57,81.46,50.13,285.71,0.0,373.86,7566.84
Washim,2013,1222.98,12.86,2292.71,359.51,908.88,20.12,1961.59,351.71,122.93,85.45,0.0,267.91,0.0,334.81,7941.46
Washim,2014,344.88,131.57,0.0,2437.15,1354.46,17.3,2049.31,1653.91,1148.7,432.47,0.0,243.94,1443.99,67.3,12679.44
Washim,2015,1590.83,149.21,2644.02,1171.14,1452.11,736.41,2542.17,503.49,148.19,115.65,0.0,216.41,0.0,1179.67,12449.3
Washim,2016,2240.18,358.36,3858.3,2061.49,359.81,467.42,5268.17,612.04,158.49,74.6,10.1,88.5,373.98,527.11,16458.55
Washim,2017,2110.51,446.94,6971.59,938.24,1374.42,241.74,1486.53,1138.04,196.32,28.49,23.75,132.26,0.0,503.74,15592.57
Washim,2018,,,,,,,,,,,,,,,
Washim,2019,3713.04,510.14,3952.67,231.09,1292.0,462.71,4115.25,375.86,280.38,78.9,5.89,5.0,0.0,428.82,15451.75
Washim,2020,3652.59,462.34,4511.03,385.7,1403.42,159.46,2944.64,557.91,184.39,146.89,0.0,0.26,0.0,627.27,15035.9
Washim,2021,4578.52,255.14,4925.29,128.99,1221.42,18.18,5677.79,359.2,379.83,3.49,0.0,12.65,0.0,227.98,17788.48
Yavatmal,2012,2862.03,289.58,1139.09,280.9,1831.55,30.9,4275.53,807.8,308.58,150.48,60.26,102.89,0.0,624.7,12764.29
Yavatmal,2013,4707.72,252.3,2530.2,239.3,2014.47,50.17,5612.57,730.54,422.62,93.31,35.1,203.15,0.0,787.47,17678.92
Yavatmal,2014,5227.08,594.33,2736.48,160.02,1850.73,47.9,5861.2,711.14,449.17,140.34,40.19,229.45,0.0,1107.65,19155.68
Yavatmal,2015,5050.83,605.4,3887.15,194.02,1882.59,47.33,8417.25,505.11,459.55,112.23,202.13,264.98,0.0,1561.05,23189.62
Yavatmal,2016,6303.71,430.61,8262.82,314.45,1490.16,29.16,8881.65,845.0,470.29,232.79,73.44,421.08,0.0,819.5,28574.66
Yavatmal,2017,7630.44,480.58,4902.83,183.83,1945.09,141.87,12685.6,947.1,563.77,220.77,624.83,353.6,0.0,1376.24,32056.55
Yavatmal,2018,7728.31,258.97,5563.58,315.3,1180.67,93.0,18651.02,601.65,287.54,203.73,2103.2,146.43,0.0,1248.19,38381.59
Yavatmal,2019,6319.96,676.99,11909.03,357.41,2019.99,420.81,11792.63,2129.69,778.23,278.01,13.76,335.34,0.0,968.92,38000.77
Yavatmal,2020,6057.83,1807.43,10489.62,229.33,2789.33,97.3,7403.52,1852.89,797.33,404.37,283.8,331.27,0.0,2009.29,34553.31
Yavatmal,2021,10239.24,489.76,6124.2,775.11,2908.28,159.16,16430.16,1598.32,708.72,115.73,32.65,492.19,0.0,1834.93,41908.45
