District,Year,"Receipts and Loans
","From Commercial Activities
",Government Grants,"Other Sources
",Rents and Taxes,"Revenue
",Administration (Establishment),Administration (Others),Construction,Drainage and Sewage,Education,Expenditure on Weak Components,Others,Public Health,Public Lighting,Public Security,Special Expenses and Loans,Tax Recovery,Transportation,Water Supply,Expenditure,Social Services,Economic Services,Developmental,Non-Developmental
Ahilyanagar,2012,2394.0,113.0,2880.0,2573.0,9867.0,17827.0,2624.0,918.0,140.0,2034.0,318.0,29.0,7008.0,745.0,4.0,2.0,,11.0,,2034.0,15867.0,3126.0,2178.0,5304.0,10563.0
Ahilyanagar,2013,1034.53,1004.28,819.07,232.01,11833.53,14923.42,2942.39,449.79,566.28,1702.86,217.44,19.5,2948.85,968.98,,,2215.59,,,2265.78,14297.46,3471.7,2269.14,5740.84,8556.619999999999
Ahilyanagar,2014,2543.31,1533.13,156.58,2597.0,2947.39,9777.41,3154.26,78.29,1000.0,876.02,161.16,,659.13,1157.23,,,,,,1342.07,8428.16,2660.46,1876.02,4536.48,3891.68
Ahilyanagar,2015,200.78,1221.46,9819.65,3746.5,6950.61,21939.0,5016.1,,744.78,9.16,311.99,246.28,13791.35,961.88,542.35,29.08,,20.33,,1424.33,23097.63,2944.48,1296.29,4240.77,18856.86
Ahilyanagar,2016,349.88,1205.84,15284.97,3007.27,3753.03,23600.99,6262.87,2571.21,379.44,11.98,156.76,529.81,7137.86,448.65,231.58,46.22,,35.32,131.36,929.78,18872.84,2065.0,754.36,2819.36,16053.48
Ahilyanagar,2017,328.13,1447.63,11582.35,1069.55,4299.68,18727.34,6677.99,2230.11,353.93,9.63,236.63,607.92,7656.56,351.92,293.86,53.38,,2.0,101.38,2160.3,20735.21,3356.77,758.8000000000001,4115.570000000001,16620.04
Ahilyanagar,2018,459.73,2505.77,6057.49,14033.23,4321.45,27377.67,10472.98,379.93,309.25,792.86,337.3,530.43,6996.43,528.93,653.59,0.96,,2.19,91.34,2714.88,23811.07,4111.54,1847.04,5958.58,17852.49
Ahilyanagar,2019,803.93,1723.85,20363.33,4896.03,3153.93,30941.07,7244.02,2625.62,153.3,2027.06,333.75,361.76,10540.77,419.32,619.77,25.98,,16.73,81.45,2538.38,26987.91,3653.21,2881.58,6534.79,20453.12
Ahilyanagar,2020,492.77,1277.29,9667.1,12790.87,2853.54,27081.57,7842.61,2938.84,179.87,3094.37,319.05,805.84,11394.75,296.06,645.97,28.86,,13.59,533.79,2900.35,30993.95,4321.3,4454.0,8775.3,22218.65
Ahilyanagar,2021,392.6,1179.9,22117.87,7234.13,3114.23,34038.73,7233.62,3148.75,301.12,24.36,272.55,146.04,935.88,635.27,490.68,1.2,,2.7,42.83,2585.04,15820.04,3638.9,858.9900000000001,4497.89,11322.15
Akola,2012,2838.0,,6206.0,16184.0,4744.0,29972.0,3761.0,172.0,503.0,,802.0,,21117.0,165.0,265.0,20.0,,9.0,,522.0,27336.0,1489.0,768.0,2257.0,25079.0
Akola,2013,1412.0,,11750.0,16870.0,6303.0,36335.0,4333.0,123.0,514.0,8.0,1281.0,10.0,22561.0,109.0,317.0,66.0,1549.0,3.0,,571.0,31445.0,1971.0,839.0,2810.0,28635.0
Akola,2014,1683.0,,4465.0,7756.0,7891.0,21795.0,5719.0,145.0,209.0,14.0,1197.0,,11582.0,76.0,316.0,41.0,1665.0,,,582.0,21546.0,1855.0,539.0,2394.0,19152.0
Akola,2015,,,,,,,,,,,,,,,,,,,,,,,,,
Akola,2016,1512.0,,15447.0,7851.0,3889.0,28699.0,5218.0,222.0,107.0,,677.0,,18888.0,4.0,287.0,33.0,1636.0,,,733.0,27805.0,1414.0,394.0,1808.0,25997.0
Akola,2017,2303.0,,12528.0,9243.0,5220.0,29294.0,6809.0,251.0,364.0,,1060.0,,16916.0,23.0,446.0,65.0,2303.0,644.0,,1060.0,29941.0,2143.0,810.0,2953.0,26988.0
Akola,2018,2849.0,,26824.0,10451.0,4353.0,44477.0,7601.0,281.0,790.0,11.0,1151.0,15.0,14603.0,8.0,482.0,20.0,2007.0,258.0,,17892.0,,19066.0,1283.0,20349.0,24770.0
Akola,2019,2451.0,,25061.0,8892.0,3607.0,40011.0,6534.0,224.0,176.0,,1061.0,13.0,28421.0,13.0,310.0,15.0,1767.0,125.0,,729.0,84507.0,1816.0,486.0,2302.0,37086.0
Akola,2020,2539.0,,15413.0,12349.0,3709.0,34010.0,6805.0,194.0,35.0,,3096.0,,19508.0,5.0,200.0,8.0,2023.0,192.0,,468.0,32534.0,3569.0,235.0,3804.0,28730.0
Akola,2021,4027.0,,21642.0,11722.0,10883.0,48274.0,9837.0,4770.0,7002.0,19.0,1111.0,3.0,18149.0,18.0,305.0,44.0,2933.0,187.0,,1295.0,45673.0,2427.0,7326.0,9753.0,35920.0
Amravati,2012,167.0,,9410.0,9561.0,2175.0,21313.0,4527.0,2245.0,136.0,,1030.0,108.0,9542.0,1334.0,1157.0,26.0,,27.0,,71.0,20203.0,2543.0,1293.0,3836.0,16367.0
Amravati,2013,113.0,,15836.0,14269.0,1900.0,32118.0,5581.0,2462.0,203.0,,1231.0,73.0,8325.0,3040.0,1052.0,179.0,,17.0,,119.0,22282.0,4463.0,1255.0,5718.0,16564.0
Amravati,2014,115.0,,3567.0,9492.0,10915.0,24089.0,8695.0,182.0,544.0,,246.0,200.0,13356.0,1042.0,1345.0,37.0,,30.0,276.0,126.0,26079.0,1614.0,2165.0,3779.0,22300.0
Amravati,2015,,,10362.0,12257.0,13477.0,36096.0,4697.0,3834.0,2073.0,1543.0,3486.0,2350.0,2166.0,1517.0,647.0,4583.0,,3.0,209.0,108.0,27216.0,7461.0,4472.0,11933.0,15283.0
Amravati,2016,,,1768.0,39391.0,3294.0,44453.0,6357.0,4238.0,4773.0,2013.0,5290.0,3131.0,3120.0,2821.0,703.0,5003.0,,5.0,130.0,121.0,37705.0,11363.0,7619.0,18982.0,18723.0
Amravati,2017,,,3909.0,13557.0,3954.0,21420.0,9475.0,6012.0,9991.0,2100.0,2907.0,175.0,7029.0,7307.0,721.0,130.0,,130.0,,190.0,46167.0,10579.0,12812.0,23391.0,22776.0
Amravati,2018,144.78,,1512.5,18032.2,2876.44,22565.92,5828.66,0.5,633.28,1091.6,3199.54,95.81,266.03,336.56,,225.78,8.55,,,53.01,11739.32,3684.92,1724.88,5409.8,6329.52
Amravati,2019,,13434.0,18700.0,15412.0,3172.0,50718.0,13142.0,8059.0,1026.0,2600.0,170.0,,24398.0,200.0,723.0,140.0,,,,120.0,50578.0,490.0,4349.0,4839.0,45739.0
Amravati,2020,,135.37,14169.0,833.0,12957.0,28094.37,14069.78,,781.79,4246.94,2713.09,340.34,,744.98,2484.08,110.06,,542.14,343.54,101.52,26478.26,3899.93,7856.349999999999,11756.28,14721.98
Amravati,2021,,0.49,10156.93,362.24,18116.74,28636.4,15676.49,,1244.17,3331.51,5346.0,348.19,,8005.0,1187.01,1671.0,,610.87,502.24,103.52,38026.0,13802.71,6264.93,20067.64,17958.36
Chhatrapati Sambhaji Nagar,2012,,,2653.0,9461.0,25008.0,37122.0,11942.0,1568.0,,2051.0,158.0,150.0,15128.0,95.0,830.0,48.0,,8.0,,5674.0,37652.0,6077.0,2881.0,8958.0,28694.0
Chhatrapati Sambhaji Nagar,2013,,,7585.0,17578.0,27809.0,52972.0,14488.0,1694.0,,2661.0,165.0,110.0,19786.0,182.0,994.0,25.0,,8.0,,11285.0,51398.0,11742.0,3655.0,15397.0,36001.0
Chhatrapati Sambhaji Nagar,2014,,,2401.0,8945.0,29896.0,41242.0,14230.0,1344.0,2124.0,1009.0,86.0,845.0,6555.0,876.0,846.0,30.0,,10.0,,13149.0,41104.0,14956.0,3979.0,18935.0,22169.0
Chhatrapati Sambhaji Nagar,2015,,542.0,8238.0,12602.0,28188.0,49570.0,,1303.0,4189.0,1699.0,56.0,121.0,10480.0,1298.0,478.0,1.0,,7.0,,8333.0,27965.0,9808.0,6366.0,16174.0,11791.0
Chhatrapati Sambhaji Nagar,2016,,,15844.0,46579.0,2049.0,64472.0,21369.0,777.0,395.0,1430.0,65.0,250.0,29437.0,119.0,1834.0,916.0,,10.0,,9074.0,65676.0,9508.0,3659.0,13167.0,52509.0
Chhatrapati Sambhaji Nagar,2017,,507.0,3559.0,45636.0,3905.0,53607.0,19618.0,2679.0,10554.0,2029.0,81.0,,11188.0,,299.0,,,11.0,,2776.0,49235.0,2857.0,12882.0,15739.0,33496.0
Chhatrapati Sambhaji Nagar,2018,,,2000.0,39005.0,14250.0,55255.0,2659.0,,449.0,1559.0,2958.0,,40729.0,1072.0,82.0,1725.0,,30.0,,967.0,52230.0,4997.0,2090.0,7087.0,45143.0
Chhatrapati Sambhaji Nagar,2019,,,3310.0,41672.0,14721.0,59703.0,21909.35,84.27,2514.63,1096.67,66.49,,12233.59,5859.83,4407.18,0.6,,1258.98,,11006.85,60438.44,16933.17,8018.48,24951.65,35486.79
Chhatrapati Sambhaji Nagar,2020,,,8813.08,5971.86,48767.2,63552.14,27048.0,96.79,137.41,3533.15,20.39,,12929.34,3838.82,7553.81,32.14,,4517.14,,6612.48,66319.47,10471.69,11224.37,21696.06,44623.41
Chhatrapati Sambhaji Nagar,2021,,,40002.07,4180.84,38062.0,82244.91,30681.02,161.19,596.42,4473.82,13.44,,23985.03,5426.08,8038.12,344.18,,1661.16,,8161.98,83542.44,13601.5,13108.36,26709.86,56832.58
Beed,2014,,,,,,,,,,,,,,,,,,,,,,,,,
Beed,2015,,,,,,,,,,,,,,,,,,,,,,,,,
Beed,2016,,,,,,,,,,,,,,,,,,,,,,,,,
Beed,2017,,,,,,,,,,,,,,,,,,,,,,,,,
Beed,2018,,,,,,,,,,,,,,,,,,,,,,,,,
Beed,2019,,,,,,,,,,,,,,,,,,,,,,,,,
Beed,2020,,,,,,,,,,,,,,,,,,,,,,,,,
Beed,2021,,,,,,,,,,,,,,,,,,,,,,,,,
Bhandara,2012,,,,,,,,,,,,,,,,,,,,,,,,,
Bhandara,2013,,,,,,,,,,,,,,,,,,,,,,,,,
Bhandara,2014,,,,,,,,,,,,,,,,,,,,,,,,,
Bhandara,2015,,,,,,,,,,,,,,,,,,,,,,,,,
Bhandara,2016,,,,,,,,,,,,,,,,,,,,,,,,,
Bhandara,2017,,,,,,,,,,,,,,,,,,,,,,,,,
Bhandara,2018,,,,,,,,,,,,,,,,,,,,,,,,,
Bhandara,2019,,,,,,,,,,,,,,,,,,,,,,,,,
Bhandara,2020,,,,,,,,,,,,,,,,,,,,,,,,,
Bhandara,2021,,,,,,,,,,,,,,,,,,,,,,,,,
Buldhana,2013,,,,,,,,,,,,,,,,,,,,,,,,,
Buldhana,2014,,,,,,,,,,,,,,,,,,,,,,,,,
Buldhana,2015,,,,,,,,,,,,,,,,,,,,,,,,,
Buldhana,2016,,,,,,,,,,,,,,,,,,,,,,,,,
Buldhana,2017,,,,,,,,,,,,,,,,,,,,,,,,,
Buldhana,2018,,,,,,,,,,,,,,,,,,,,,,,,,
Buldhana,2019,,,,,,,,,,,,,,,,,,,,,,,,,
Buldhana,2020,,,,,,,,,,,,,,,,,,,,,,,,,
Buldhana,2021,,,,,,,,,,,,,,,,,,,,,,,,,
Chandrapur,2012,0.1,4.8,1.9,0.2,,6.999999999999999,1.0,0.3,,,0.1,0.1,5.0,6.2,,,,0.1,,,12.8,6.4,,6.4,6.399999999999999
Chandrapur,2013,2.3,1.8,,60.7,22.1,86.9,1.2,1.3,27.8,19.6,6.9,0.1,81.6,0.1,4.8,0.4,,3.2,,0.2,147.2,7.3,52.2,59.5,87.7
Chandrapur,2014,600.0,124.0,3700.0,2250.0,4752.0,11426.0,1592.9,,8700.0,200.0,510.0,3.0,1785.0,0.1,463.0,11.0,,73.0,,9.0,13347.0,522.1,9363.0,9885.1,3461.9
Chandrapur,2015,621.0,70.0,16082.0,2750.0,2909.0,22432.0,2754.0,154.0,7121.0,124.0,339.0,,,82.0,84.0,30.0,,92.0,,47.0,10827.0,468.0,7329.0,7797.0,3030.0
Chandrapur,2016,1085.4,452.33,5424.05,7930.13,2124.23,17016.14,3297.3,154.52,7525.47,2258.72,1115.82,5.76,,76.71,648.33,46.4,,145.92,,78.02,15352.97,1276.31,10432.52,11708.83,3644.14
Chandrapur,2017,505.97,98.29,13402.0,1155.08,1997.65,17158.99,2367.65,85.71,9375.66,1629.66,1062.41,20.97,4597.71,10.49,217.48,114.95,,80.0,,17.29,19579.98,1111.16,11222.8,12333.96,7246.02
Chandrapur,2018,861.0,124.0,13368.0,1550.0,2077.0,17980.0,2353.0,1036.0,9045.0,1916.0,223.0,,3069.0,24.0,836.0,190.0,,198.0,,163.0,19053.0,410.0,11797.0,12207.0,6846.0
Chandrapur,2019,822.5,93.17,19793.25,,2656.0,23364.92,2464.32,1101.0,10813.32,91.38,1166.48,,3899.67,1026.07,394.38,83.99,,96.63,,451.47,21588.71,2644.02,11299.08,13943.1,7645.61
Chandrapur,2020,778.0,98.0,2942.0,2906.0,1650.0,8374.0,4496.0,1310.0,8114.0,1750.0,42.0,,9677.0,15.0,724.0,272.0,,89.0,,532.0,27021.0,589.0,10588.0,11177.0,15844.0
Chandrapur,2021,1500.0,,5927.71,23718.01,3536.85,34682.57,315.0,285.1,439.0,1110.0,1704.3,,5935.02,125.01,1497.0,283.0,,571.0,,1645.0,13909.43,3474.31,3046.0,6520.309999999999,7389.120000000001
Dhule,2012,,,2401.79,5251.9,9043.07,16696.76,318.14,1340.77,398.9,5.73,626.26,,1532.64,2500.26,532.72,81.03,5362.59,453.62,,1518.89,14671.55,4645.410000000001,937.35,5582.760000000001,9088.79
Dhule,2013,7803.33,325.37,3176.69,3176.69,7803.33,22285.41,240.21,30.89,501.83,,681.61,,7369.84,2537.91,572.2,97.76,,451.13,,1570.79,14054.17,4790.309999999999,1074.03,5864.339999999999,8189.830000000001
Dhule,2014,,,3113.87,14472.08,8007.87,25593.82,255.67,41.38,509.91,,772.16,,17765.42,2989.43,491.65,184.72,,477.68,,1698.07,25186.09,5459.66,1001.56,6461.219999999999,18724.87
Dhule,2015,4934.75,62.5,9517.27,2432.29,5495.69,22442.5,1704.7,,581.8,12.81,866.11,,9770.1,3407.69,750.16,175.2,,550.36,,1626.06,19444.99,5899.860000000001,1344.77,7244.630000000001,12200.36
Dhule,2016,472.77,,11170.57,4243.63,3401.19,19288.16,340.5,,629.58,17.49,771.34,,7639.81,3805.84,465.55,111.26,,669.43,,1872.42,16323.22,6449.6,1112.62,7562.22,8761.0
Dhule,2017,274.19,,5311.44,16396.21,2896.37,24878.21,1867.74,176.89,892.09,,1025.98,,12363.27,3815.59,607.91,163.14,,659.66,,1908.18,23480.45,6749.75,1500.0,8249.75,15230.7
Dhule,2018,232.76,,6928.6,17475.93,3279.89,27917.18,1948.01,449.73,930.05,41.69,898.33,,14890.87,3617.68,780.07,142.15,,665.16,,2413.55,26777.29,6929.56,1751.81,8681.37,18095.92
Dhule,2019,367.45,,10070.87,19326.22,3667.59,33432.13,5063.03,2495.82,497.05,17.25,853.17,,12185.13,240.38,851.58,20.35,,15.13,,1927.72,24166.61,3021.27,1365.88,4387.15,19779.46
Dhule,2020,249.79,,11255.53,19336.79,3110.96,33953.07,4893.61,2304.63,442.42,11.63,1090.51,,33008.21,424.71,1018.42,6.27,,12.95,,2101.72,45315.08,3616.94,1472.47,5089.41,40225.66999999999
Dhule,2021,486.84,,10274.23,10291.02,15272.07,36324.16,8250.27,365.76,1069.82,,1050.01,64.77,21108.91,19.81,1202.85,18.74,,393.37,,1974.3,35518.61,3108.89,2272.67,5381.559999999999,30137.05
Gadchiroli,2012,,,,,,,,,,,,,,,,,,,,,,,,,
Gadchiroli,2013,,,,,,,,,,,,,,,,,,,,,,,,,
Gadchiroli,2014,,,,,,,,,,,,,,,,,,,,,,,,,
Gadchiroli,2015,,,,,,,,,,,,,,,,,,,,,,,,,
Gadchiroli,2016,,,,,,,,,,,,,,,,,,,,,,,,,
Gadchiroli,2017,,,,,,,,,,,,,,,,,,,,,,,,,
Gadchiroli,2018,,,,,,,,,,,,,,,,,,,,,,,,,
Gadchiroli,2019,,,,,,,,,,,,,,,,,,,,,,,,,
Gadchiroli,2020,,,,,,,,,,,,,,,,,,,,,,,,,
Gadchiroli,2021,,,,,,,,,,,,,,,,,,,,,,,,,
Gondia,2012,,,,,,,,,,,,,,,,,,,,,,,,,
Gondia,2013,,,,,,,,,,,,,,,,,,,,,,,,,
Gondia,2014,,,,,,,,,,,,,,,,,,,,,,,,,
Gondia,2015,,,,,,,,,,,,,,,,,,,,,,,,,
Gondia,2016,,,,,,,,,,,,,,,,,,,,,,,,,
Gondia,2017,,,,,,,,,,,,,,,,,,,,,,,,,
Gondia,2018,,,,,,,,,,,,,,,,,,,,,,,,,
Gondia,2019,,,,,,,,,,,,,,,,,,,,,,,,,
Gondia,2020,,,,,,,,,,,,,,,,,,,,,,,,,
Gondia,2021,,,,,,,,,,,,,,,,,,,,,,,,,
Hingoli,2012,,,,,,,,,,,,,,,,,,,,,,,,,
Hingoli,2013,,,,,,,,,,,,,,,,,,,,,,,,,
Hingoli,2014,,,,,,,,,,,,,,,,,,,,,,,,,
Hingoli,2015,,,,,,,,,,,,,,,,,,,,,,,,,
Hingoli,2016,,,,,,,,,,,,,,,,,,,,,,,,,
Hingoli,2017,,,,,,,,,,,,,,,,,,,,,,,,,
Hingoli,2018,,,,,,,,,,,,,,,,,,,,,,,,,
Hingoli,2019,,,,,,,,,,,,,,,,,,,,,,,,,
Hingoli,2020,,,,,,,,,,,,,,,,,,,,,,,,,
Hingoli,2021,,,,,,,,,,,,,,,,,,,,,,,,,
Jalgaon,2009,,,1612.0,2276.0,8272.0,12160.0,162.0,155.0,,,1039.0,17.0,7223.0,1386.0,297.0,68.0,,341.0,,1493.0,12181.0,3935.0,297.0,4232.0,7949.0
Jalgaon,2010,,,1605.59,3024.46,8209.38,12839.43,182.44,248.83,1657.65,,15.02,,4668.75,1648.66,399.5,82.27,1706.41,523.22,,1532.08,12664.83,3195.76,2057.15,5252.91,7411.920000000001
Jalgaon,2011,,,606.0,11808.0,1710.0,14124.0,4877.0,1215.0,1248.0,,702.0,,1912.0,1195.0,278.0,278.0,1100.0,98.0,9.0,1191.0,14103.0,3088.0,1535.0,4623.0,9480.0
Jalgaon,2012,,,1617.0,2078.0,12561.0,16256.0,1067.0,1606.0,656.0,24.0,779.0,,7273.0,3853.0,251.0,1.0,,82.0,2.0,223.0,15817.0,4855.0,933.0,5788.0,10029.0
Jalgaon,2013,,,1617.0,2078.0,12561.0,16256.0,5243.0,,1547.0,3.0,507.0,,1803.0,2007.0,358.0,465.0,,434.0,,1925.0,14292.0,4439.0,1908.0,6347.0,7945.0
Jalgaon,2014,,,733.0,2840.0,10607.0,14180.0,6180.0,,300.0,12.0,712.0,,6795.0,2365.0,172.0,172.0,,116.0,,774.0,17598.0,3851.0,484.0,4335.0,13263.0
Jalgaon,2015,,,5768.0,6378.0,6403.0,18549.0,5568.0,,1784.0,10.0,1043.0,,5054.0,2153.0,393.0,364.0,,125.0,,876.0,17370.0,4072.0,2187.0,6259.0,11111.0
Jalgaon,2016,,,7153.0,4826.0,4869.0,16848.0,6103.0,2393.0,1748.0,11.0,921.0,,2127.0,2186.0,559.0,691.0,,521.0,,2176.0,19436.0,5283.0,2318.0,7601.0,11835.0
Jalgaon,2017,,,12315.0,2228.0,8073.0,22616.0,6498.75,,1910.7,23.61,1634.36,,14489.12,169.56,,337.25,,156.51,,818.34,26038.2,2622.26,1934.31,4556.57,21481.63
Jalgaon,2018,,,11918.76,6477.92,2491.98,20888.66,7052.69,,1696.15,11.96,525.9,,43741.75,85.03,,741.0,,453.73,,1278.69,55586.9,1889.62,1708.11,3597.73,51989.17000000001
Jalgaon,2019,,,35934.92,13085.84,2318.35,51339.10999999999,6415.8,3209.79,38.84,13.88,640.96,,57162.59,774.39,427.49,1.63,5400.0,274.05,3.76,671.27,75034.45,2086.62,483.97,2570.59,72463.86
Jalgaon,2020,,,58602.28,8319.93,2682.66,69604.87,,,,,,,,,,,,,,,,,,,
Jalna,2013,,,,,,,,,,,,,,,,,,,,,,,,,
Jalna,2014,,,,,,,,,,,,,,,,,,,,,,,,,
Jalna,2015,,,,,,,,,,,,,,,,,,,,,,,,,
Jalna,2016,,,,,,,,,,,,,,,,,,,,,,,,,
Jalna,2017,,,,,,,,,,,,,,,,,,,,,,,,,
Jalna,2018,,,,,,,,,,,,,,,,,,,,,,,,,
Jalna,2019,,,,,,,,,,,,,,,,,,,,,,,,,
Jalna,2020,,,,,,,,,,,,,,,,,,,,,,,,,
Jalna,2021,,,,,,,3645.0,692.0,1351.0,713.0,1927.0,415.0,7328.0,6443.0,1054.0,,,236.0,53.0,3185.0,27042.0,11970.0,3171.0,15141.0,11901.0
Kolhapur,2012,,361.0,3121.0,10811.0,14417.0,28710.0,4574.0,780.0,434.0,776.0,2417.0,81.0,17047.0,6933.0,811.0,315.0,,245.0,101.0,3120.0,37635.0,12551.0,2122.0,14673.0,22961.0
Kolhapur,2013,,521.0,9380.0,13166.0,16155.0,39222.0,4658.0,667.0,2800.0,308.0,2553.0,749.0,41635.0,5799.0,935.0,395.0,,244.0,200.0,4548.0,65492.0,13649.0,4243.0,17892.0,47599.0
Kolhapur,2014,1449.0,534.0,24359.0,40252.0,17733.0,84327.0,5398.0,335.0,9940.0,2387.0,2401.0,241.0,11188.0,8221.0,715.0,648.0,,223.0,334.0,22304.0,64334.0,33167.0,13376.0,46543.0,17792.0
Kolhapur,2015,3176.0,431.0,10569.0,24395.0,18939.0,57510.0,7181.0,719.0,1743.0,4947.0,2606.0,202.0,26030.0,1314.0,808.0,627.0,,34.0,873.0,3587.0,50671.0,7709.0,8371.0,16080.0,34591.0
Kolhapur,2016,1982.0,455.0,5305.0,22257.0,19434.0,49433.0,6815.0,90.0,1822.0,4787.0,2677.0,190.0,24574.0,1734.0,969.0,396.0,,60.0,1756.0,3736.0,,8337.0,9334.0,17671.0,31935.0
Kolhapur,2017,1982.0,691.0,11058.0,16511.0,24463.0,54705.0,7101.0,115.0,1854.0,6589.0,2780.0,351.0,25007.0,5771.0,1035.0,350.0,,,999.0,13491.0,115049.0,22393.0,10477.0,32870.0,32573.0
Kolhapur,2018,1942.0,720.0,20244.0,26218.0,24878.0,74002.0,7717.0,184.0,1814.0,5680.0,2971.0,350.0,24498.0,1827.0,1049.0,351.0,,,1363.0,7884.0,55684.0,13032.0,9906.0,22938.0,32750.0
Kolhapur,2019,2642.0,742.0,12992.0,26218.0,23182.0,65776.0,8016.0,80.0,1910.0,6241.0,3204.0,293.0,25388.0,2014.0,913.0,303.0,,,1856.0,8944.0,59161.0,14455.0,10920.0,25375.0,33787.0
Kolhapur,2020,2559.0,690.0,13106.0,16611.0,26636.0,59602.0,9958.0,61.0,2450.0,7685.0,3789.0,170.0,26715.0,2379.0,1212.0,380.0,,,1731.0,9738.0,66267.0,16076.0,13078.0,29154.0,37114.0
Kolhapur,2021,2286.0,1100.0,8996.0,19502.0,27447.0,59331.0,1175.12,5.21,1528.05,20.64,82.4,,1301.8,1302.58,,,744.06,,,255.26,8328.9,1640.24,1548.69,3188.93,3226.19
Latur,2012,54.89,,3694.27,314.63,1831.17,5894.96,2177.84,,44.74,,2.45,14.16,3379.36,92.09,237.31,20.38,,6.29,,,5974.62,108.7,282.05,390.75,5583.870000000001
Latur,2013,,,10552.03,542.18,2950.32,14044.53,2781.17,,30.4,,9.11,38.14,7830.44,573.82,321.15,9.9,,20.24,,,11614.37,621.07,351.55,972.62,10641.75
Latur,2014,329.86,,4388.77,406.56,3336.07,8461.26,5017.66,,47.59,184.46,121.07,17.11,5775.16,140.78,290.58,9.85,,31.8,,743.32,12379.38,1022.28,522.63,1544.91,10834.47
Latur,2015,1413.0,,9577.23,,4163.0,15153.23,5792.41,,124.74,,19.84,2.98,8785.7,56.8,319.97,6.36,,358.08,,2104.52,17571.4,2184.14,444.71,2628.85,14942.55
Latur,2016,936.29,,16990.81,414.28,2184.79,20526.17,3476.12,,41.06,,8.09,7.6,5878.37,229.19,269.46,8.42,,20.33,,278.72,10217.36,523.6,310.52,834.12,9383.24
Latur,2017,890.69,,10785.34,992.47,3157.67,15826.17,4105.69,,9687.82,,18.34,,1205.77,139.32,,283.02,,,,1343.0,16782.96,1500.66,9687.82,11188.48,5594.48
Latur,2018,,,16214.49,1234.06,4893.56,22342.11,4237.43,232.95,2031.99,33.71,4.43,2185.08,230.28,2008.43,204.67,49.44,1483.44,62.9,552.49,1025.34,14342.58,5223.28,2822.86,8046.139999999999,6296.44
Latur,2019,1635.0,167.12,11880.1,137.88,5110.56,18930.66,4612.49,831.82,6603.3,260.66,8.57,236.51,27.59,102.13,811.23,7.9,1783.66,107.97,,888.72,16282.55,1235.93,7675.190000000001,8911.12,7371.429999999999
Latur,2020,1712.34,,6908.87,347.65,6229.11,15197.97,4503.78,3447.76,373.92,168.83,13.91,76.77,18876.81,85.65,63.64,34.99,100.1,95.17,,702.17,28543.5,878.5,606.39,1484.89,27058.61
Latur,2021,2341.75,,17149.97,2786.2,4715.4,26993.32,708874.0,45879.0,164329.0,35501.0,24392.0,60765.0,10396379.2,53101.0,17122.0,3650.0,,6882.0,2528.0,197166.0,11716568.2,335424.0,219480.0,554904.0,11161664.2
Mumbai (City+Suburban),2013,336879.11,,15640.0,10398421.47,1023634.63,11774575.21,798435.0,40799.0,309519.0,24760.0,25530.0,12233.0,10546835.22,48064.0,17419.0,6542.0,,6305.0,2940.0,168629.0,12008010.22,254456.0,354638.0,609094.0,11398916.22
Mumbai (City+Suburban),2014,429963.62,,16028.25,10512914.67,1075221.68,12034128.22,786016.0,48206.0,247302.0,70573.0,28605.0,12019.0,13222009.39,53906.0,21796.0,12645.0,,,1861.0,192059.0,14696997.39,286589.0,341532.0,628121.0,14068876.39
Mumbai (City+Suburban),2015,381424.59,,10069.82,13183388.61,1151853.88,14726736.9,795100.0,48235.0,127509.0,79971.0,19790.4,12224.0,12825373.9,64582.0,23761.0,15251.0,,,3908.0,165228.0,14180933.3,261824.4,235149.0,496973.4,13683959.9
Mumbai (City+Suburban),2016,478038.73,,9966.8,12549136.93,1205529.88,14242672.34,838891.15,55524.3,233735.85,123404.84,47725.81,22248.39,13736960.74,72808.9,21107.88,12360.81,,,4467.18,217030.47,15386266.32,359813.5699999999,382715.75,742529.32,14643737.0
Mumbai (City+Suburban),2017,1152689.46,,8565.23,13450069.26,722174.93,15333498.88,903615.61,50695.5,233735.85,123404.84,47725.81,22248.39,13736960.74,72808.9,28881.41,12360.81,,,4467.18,217030.47,15453935.51,359813.5699999999,390489.28,750302.8499999999,14703632.66
Mumbai (City+Suburban),2018,12833348.46,,6931.76,13241295.52,551905.44,26633481.18,1142938.31,50605.06,356826.43,78815.81,41478.94,21477.74,17548929.84,87828.46,21524.77,11670.23,,,2747.16,183753.6,19548596.35,334538.74,459914.17,794452.9099999999,18754143.44
Mumbai (City+Suburban),2019,968127.45,,5705.77,18009339.25,54799.43,19037971.9,1154911.25,62776.48,307152.62,78815.81,33242.45,34465.35,16569734.45,218103.75,21284.15,13730.31,,,3022.05,183753.6,18680992.27,469565.15,410274.63,879839.78,17801152.49
Mumbai (City+Suburban),2020,874125.31,,18993.74,17355898.59,580841.55,18829859.19,25677.0,,9432.0,1026.0,1044.0,1775.0,23197.0,4263.0,5773.0,969.0,5868.0,185.0,,15668.0,94877.0,22750.0,16231.0,38981.0,55896.0
Mumbai (City+Suburban),2021,874125.31,,18993.74,17355898.59,580841.55,18829859.19,35692.0,2709.0,15078.0,1279.0,732.0,179.0,6909.0,4248.0,5811.0,871.0,15143.0,13.0,7.0,14751.0,103422.0,19910.0,22175.0,42085.0,61337.0
Nagpur,2012,5947.0,,5991.0,11070.0,71004.0,94012.0,41297.0,2245.0,22876.0,1061.0,434.0,569.0,8341.0,6039.0,6129.0,638.0,14256.0,145.0,10.0,15731.0,119771.0,22773.0,30076.0,52849.0,66922.0
Nagpur,2013,4164.0,,12551.0,27407.0,53244.0,97366.0,46895.0,2408.0,30093.0,986.0,569.0,327.0,10300.0,5927.0,5870.0,797.0,12347.0,141.0,12.0,16574.0,133246.0,23397.0,36961.0,60358.0,72888.0
Nagpur,2014,10666.0,,13243.0,33312.0,62120.0,119341.0,51062.0,4016.0,35962.0,1048.0,988.0,240.0,13695.0,7990.0,6494.0,1163.0,13775.0,566.0,318.0,23594.0,160912.0,32812.0,43822.0,76634.0,84277.0
Nagpur,2015,16937.0,,56221.0,13775.0,45794.0,132727.0,55854.0,4846.0,43871.0,1241.0,750.0,566.0,11613.0,9199.0,7481.0,1113.0,10193.0,764.0,10952.0,25951.0,184394.0,36466.0,63545.0,100011.0,84383.0
Nagpur,2016,15392.0,,77689.0,11208.0,78023.0,182312.0,55934.0,5177.0,39405.0,4874.0,310.0,621.0,15644.0,10266.0,9524.0,718.0,11225.0,561.0,10839.0,24818.0,189916.0,36015.0,64642.0,100657.0,89259.0
Nagpur,2017,9787.0,,126308.0,14357.0,39009.0,189461.0,59785.0,6497.0,58753.0,8530.0,437.0,1862.0,28368.0,12874.0,12938.0,1560.0,8968.0,480.0,17360.0,19192.0,237604.0,34365.0,97581.0,131946.0,105658.0
Nagpur,2018,14198.0,,157013.0,8269.0,35826.0,215306.0,55297.0,3694.0,41541.0,6469.0,238.0,710.0,27449.0,13849.0,9858.0,1024.0,13394.0,404.0,6549.0,14874.0,195350.0,29671.0,64417.0,94088.0,101262.0
Nagpur,2019,13972.0,,139872.0,15074.0,43079.0,211997.0,48325.0,4507.0,52004.0,9901.0,1172.0,201.0,57054.0,10640.0,11266.0,1343.0,13609.0,911.0,10800.0,15844.0,237577.0,27857.0,83971.0,111828.0,125749.0
Nagpur,2020,10073.0,,131079.0,8701.0,54729.0,204582.0,5624.34,1992.89,737.5,45.84,3.13,138.11,4096.9,1207.03,702.8,7.22,13726.34,,,898.07,29180.17,2246.34,1486.14,3732.48,25447.69
Nagpur,2021,9107.0,,136525.0,9764.0,49301.0,204697.0,5787.81,2626.35,1241.17,117.63,18.61,2671.09,5312.56,1523.11,654.44,6.46,1865.48,257.0,,900.19,22981.9,5113.0,2013.24,7126.24,15855.66
Nanded,2014,,,17623.79,27834.22,3574.67,49032.68,5493.44,3397.46,1049.97,172.91,18.61,2168.38,14645.99,1646.56,431.17,139.67,1882.92,,,781.18,31828.26,4614.73,1654.05,6268.780000000001,25559.48
Nanded,2015,,576.25,11643.92,2829.59,7944.35,22994.11,117.17,3935.58,1740.56,244.92,478.07,1741.0,23996.09,195.07,317.8,90.89,,189.2,,1321.43,34367.78,3735.570000000001,2303.28,6038.85,28328.93
Nanded,2016,,,23703.19,4521.83,6404.37,34629.39,54.06,7.65,2613.38,256.34,473.46,242.92,6272.22,968.11,110.83,595.13,18951.54,3843.85,,1350.35,35739.84,3034.84,2980.55,6015.39,29724.45
Nanded,2017,6844.93,,17996.28,2260.45,8399.55,35501.21,92.58,,3666.95,1958.57,449.54,1532.37,19263.08,1039.16,650.47,2.64,2315.78,1888.98,,2.64,32862.77,3023.71,6275.99,9299.699999999999,23563.06
Nanded,2018,53.23,143.89,22462.78,7038.64,6160.8,35859.34,126.52,29.89,10561.37,5287.08,675.88,2707.23,1403.3,1068.52,331.0,1464.53,2843.05,4577.2,,2906.6,33982.17,7358.23,16179.45,23537.68,10444.49
Nanded,2019,1458.53,398.49,22989.1,1412.72,9408.02,35666.86,126.52,29.89,10561.37,5287.08,675.88,2707.23,1403.3,1068.52,331.0,1464.53,2843.05,4577.2,,2906.6,33982.17,7358.23,16179.45,23537.68,10444.49
Nanded,2020,,,17608.99,935.12,7026.65,25570.76,,,,,,,,,,,,,,,,,,,
Nanded,2021,159.06,361.62,34692.46,1618.81,5864.65,42696.6,,,,,,,,,,,,,,,,,,,
Nandurbar,2006,,,,,,,,,,,,,,,,,,,,,,,,,
Nandurbar,2008,,,,,,,,,,,,,,,,,,,,,,,,,
Nandurbar,2009,,,,,,,,,,,,,,,,,,,,,,,,,
Nandurbar,2010,,,,,,,,,,,,,,,,,,,,,,,,,
Nandurbar,2011,,,,,,,,,,,,,,,,,,,,,,,,,
Nandurbar,2012,,,,,,,,,,,,,,,,,,,,,,,,,
Nandurbar,2013,,,,,,,,,,,,,,,,,,,,,,,,,
Nandurbar,2014,,,,,,,,,,,,,,,,,,,,,,,,,
Nandurbar,2015,,,,,,,,,,,,,,,,,,,,,,,,,
Nandurbar,2016,,,,,,,,,,,,,,,,,,,,,,,,,
Nandurbar,2017,,,,,,,,,,,,,,,,,,,,,,,,,
Nandurbar,2018,,,,,,,,,,,,,,,,,,,,,,,,,
Nandurbar,2019,,,,,,,,,,,,,,,,,,,,,,,,,
Nandurbar,2020,,,,,,,144.38,4.02,431.24,24.33,23.44,47.4,374.32,98.04,51.73,6.79,17.08,21.58,4.98,98.12,1347.45,267.0,512.28,779.28,568.1700000000001
Nandurbar,2021,,,,,,,144.56,2.76,401.66,29.39,27.02,59.05,312.89,110.18,49.23,14.04,14.9,22.11,4.57,101.22,1293.6,297.47,484.85,782.32,511.26
Nashik,2012,38.92,2.62,108.74,199.16,881.71,1231.15,171.05,10.15,519.89,35.11,21.94,45.98,691.59,54.24,57.24,8.48,5.83,21.41,8.21,76.48,1727.6,198.64,620.45,819.09,908.5100000000001
Nashik,2013,37.08,4.1,101.76,194.68,801.66,1139.28,15662.0,753.0,44544.0,5102.0,3178.0,4146.0,67546.0,14803.0,4906.0,905.0,564.0,2368.0,1047.0,11531.0,177055.0,33658.0,55599.0,89257.0,87798.0
Nashik,2014,32.79,4.47,222.86,191.35,836.04,1287.51,16523.55,651.0,43394.49,4561.81,2641.71,9800.07,46063.21,16251.11,5312.27,1108.89,875.69,2872.7,862.09,16714.41,167633.0,45407.3,54130.65999999999,99537.95999999999,68095.04
Nashik,2015,5014.0,602.0,11556.0,16912.0,94752.0,128836.0,17757.0,2.0,47930.0,4551.0,3696.0,6809.0,45839.0,16207.0,5812.0,1140.0,664.0,3610.0,1032.0,16742.0,171791.0,43454.0,59325.0,102779.0,69012.0
Nashik,2016,4160.91,617.31,19013.79,23250.31,88861.0,135903.32,22548.55,2521.55,36516.7,5465.51,8157.03,1747.17,83216.94,19158.86,1330.0,5896.71,21275.06,45.0,,18823.84,226702.92,47886.9,43312.21,91199.11,135503.81
Nashik,2017,4897.0,855.0,25511.0,30155.0,102418.0,163836.0,36280.05,1735.0,32002.23,21772.19,9277.49,2440.84,15689.91,6127.09,1041.0,19.0,16946.59,12.0,,17467.77,160811.15,35313.19,54815.42,90128.61,70682.55
Nashik,2018,4894.63,15960.99,116334.19,2322.0,30985.18,170496.99,62344.76,1341.0,30564.67,11840.68,9980.55,5286.13,9470.51,22421.66,5957.88,2842.26,12716.63,2135.94,2920.49,18848.95,198672.11,56537.28999999999,51283.71999999999,107821.01,90851.1
Nashik,2019,8669.1,435.0,118860.48,10699.05,52280.28,190943.91,40817.94,12003.0,43733.0,13889.44,9568.14,5127.08,94198.39,7668.53,7508.83,8.39,1396.23,2173.21,5995.98,9199.44,253287.6,31563.19,71127.25,102690.44,150597.16
Nashik,2020,7449.72,22177.25,20445.65,13467.94,119387.23,182927.79,,,,,,,,,,,,,,,,,,,
Nashik,2021,2754.26,163026.37,3080.83,31199.75,23749.61,223810.82,,,,,,,,,,,,,,,,,,,
Dharashiv,2012,,,,,,,,,,,,,,,,,,,,,,,,,
Dharashiv,2013,,,,,,,,,,,,,,,,,,,,,,,,,
Dharashiv,2014,,,,,,,,,,,,,,,,,,,,,,,,,
Dharashiv,2015,,,,,,,,,,,,,,,,,,,,,,,,,
Dharashiv,2016,,,,,,,,,,,,,,,,,,,,,,,,,
Dharashiv,2017,,,,,,,,,,,,,,,,,,,,,,,,,
Dharashiv,2018,,,,,,,,,,,,,,,,,,,,,,,,,
Dharashiv,2019,,,,,,,,,,,,,,,,,,,,,,,,,
Dharashiv,2020,,,,,,,7023.0,1796.0,41972.0,17325.0,74.0,271.0,27762.0,9883.0,2302.0,100.0,9011.0,833.0,189.0,20039.0,138580.0,30267.0,61788.0,92055.0,46525.0
Dharashiv,2021,,,,,,,3548.7,,,,551.55,,65411.68,13880.92,,,,,,,83392.85,14432.47,0.0,14432.47,68960.38
Palghar,2014,16363.99,,13679.66,55218.93,30900.68,116163.26,8080.65,,13521.31,8542.54,0.72,1204.23,30715.94,2130.52,,,,,,11197.86,75393.77,14533.33,22063.85,36597.18,38796.59
Palghar,2015,29692.62,26858.57,31049.86,,,87601.05,9245.95,,10161.06,7374.56,52.47,1299.05,17446.86,2232.09,,,13007.22,,,12588.7,73407.96,16172.31,17535.62,33707.93,39700.03
Palghar,2016,7604.36,1359.6,36561.69,8005.59,22425.92,75957.16,10928.05,,15034.51,6266.23,25.4,2172.92,29912.93,3829.7,,,4170.94,,,9144.36,81485.04,15172.38,21300.74,36473.12,45011.92
Palghar,2017,8674.8,3220.1,37701.86,9234.69,21091.07,79922.52,10359.02,,15879.94,10234.11,52.09,1747.39,32976.81,3626.68,,,3642.6,,,10441.18,88959.82,15867.34,26114.05,41981.39,46978.43
Palghar,2018,9004.18,3343.16,43090.73,9463.7,32347.56,97249.33,11081.22,,16724.08,9221.27,82.48,1213.13,20014.42,5721.4,,,13395.99,,,12273.4,89727.39,19290.41,25945.35,45235.76,44491.63
Palghar,2019,14871.35,2967.85,39113.27,8607.65,35984.85,101544.97,13201.68,,17312.11,8971.61,48.06,1171.47,48393.33,7290.32,,,3731.84,,,10009.67,110130.09,18519.52,26283.72,44803.24000000001,65326.85000000001
Palghar,2020,16466.13,4370.43,40757.39,7791.83,33852.39,103238.17,1645.02,460.68,1451.7,1536.27,352.11,162.02,348.73,61.92,,126.92,51.24,,,2001.73,8198.34,2577.78,2987.97,5565.75,2632.59
Palghar,2021,25531.99,2734.47,46176.46,10155.99,48882.77,133481.68,1645.02,460.68,1451.7,1536.27,352.11,162.02,348.73,61.92,,126.92,51.24,,,2001.73,8198.34,2577.78,2987.97,5565.75,2632.59
Parbhani,2013,8.56,,7862.51,288.03,3298.93,11458.03,3422.74,11.27,534.42,93.15,103.33,26.77,53.5,123.5,540.91,567.7,,93.02,,1135.78,6706.09,1389.38,1168.48,2557.86,4148.23
Parbhani,2014,10.01,86.13,2169.25,109.05,2472.95,4847.389999999999,2958.14,1118.47,660.45,1.0,217.05,,1446.41,316.63,381.64,,13286.59,39.09,,672.9,21098.37,1206.58,1043.09,2249.67,18848.7
Parbhani,2015,,66.04,5652.05,244.53,1946.98,7909.6,2678.46,1166.7,299.96,,112.92,144.0,6.67,910.0,266.81,335.86,1031.99,427.8,,693.35,8074.52,1860.27,566.77,2427.04,5647.48
Parbhani,2016,858.73,8758.38,5499.8,3075.19,1790.02,19982.12,1975.0,1100.0,128.58,205.0,210.0,8.58,767.62,768.68,291.0,2.76,,127.53,,523.0,6107.74,1510.26,624.58,2134.84,3972.91
Parbhani,2017,1886.0,1142.57,2637.86,45.46,1268.38,6980.27,3626.75,,7.9,,1.11,0.86,244.45,418.68,520.0,,5.3,,,667.07,5492.13,1087.72,527.9,1615.62,3876.5
Parbhani,2018,504.37,30.64,2400.0,185.0,742.0,3862.01,1376.58,0.12,298.34831,13.0,191.0,15.0,142.23,260.76165,70.87611,130.3525,21.0,33.4373,,228.38532,2781.09,695.14697,382.22442,1077.37139,1703.7198
Parbhani,2019,,311.9,3656.93,1659.68,552.53,6181.04,2571.72,3301.09,226.4,,2.9,75.0,0.46,286.61,1665.62,5.39,11.89,500.52,,823.71,9471.31,1188.22,1892.02,3080.24,6391.07
Parbhani,2020,15.35,20.59,9.34,7913.77,33.4373,7992.4873,99508.67,,98201.72,17411.19,39631.62,7219.95,54966.63,36188.49,21206.54,2641.89,13194.74,,16082.15,51035.28,481216.36,134075.34,152901.6,286976.94,170311.93
Parbhani,2021,40.06,16.03,4508.4,2598.89,1242.49,8405.869999999999,130538.86,,117399.42,18505.31,40855.79,8320.45,140167.63,41628.99,18179.39,5696.01,,,16898.68,54643.31,592833.84,145448.54,170982.8,316431.34,276402.5
Pune,2014,9316.99,6907.76,11035.12,161333.86,322316.87,510910.6,113819.01,,136689.55,25477.78,43683.58,10771.92,119508.06,52325.45,23756.68,5900.2,,,15770.4,58195.48,2272782.15,164976.43,201694.41,366670.84,239227.27
Pune,2015,8275.08,14503.82,12883.47,190501.83,397026.47,623190.6699999999,186978.9,63.88,117084.6,21949.12,5978.83,7693.41,115056.98,31308.35,16311.96,14278.4,27772.2,,5680.14,55278.0,605434.77,100258.59,161025.82,261284.41,344150.36
Pune,2016,8276.8,12981.57,35889.07,126477.89,400280.75,583906.0800000001,206268.28,1148.21,168715.0,28049.45,10542.49,11128.02,638125.82,18225.75,16072.78,6942.32,1500.0,,5666.0,68332.48,1180716.6,108228.74,218503.23,326731.97,853984.6299999999
Pune,2017,50069.05,53000.28,16543.49,129812.48,478844.67,728269.97,260122.77,11374.1,159612.03,25703.39,9240.61,8679.06,702402.96,28652.36,21890.19,5289.11,769.55,,6623.0,81243.78,1321602.91,127815.81,213828.61,341644.42,979958.49
Pune,2018,11467.64,39975.85,22309.98,741269.42,494270.22,1309293.11,198519.61,,195141.71,37806.29,21228.93,17974.12,711841.3,116709.67,31170.93,7202.81,,2257.39,25547.59,74033.68,1439434.03,229946.4,289666.52,519612.92,919821.1100000001
Pune,2019,3679.83,5444.8,23391.73,776559.81,518670.2,1327746.37,198519.61,,195141.71,37806.29,21228.93,17974.12,711841.3,116709.67,31170.93,7202.81,,2257.39,25547.59,74033.68,1439434.03,229946.4,289666.52,519612.92,919821.1100000001
Pune,2020,267650.0,,207581.92,493152.22,375553.48,1343937.62,,,,,,,,,,,,,,,,,,,
Pune,2021,267650.0,,207581.92,493152.22,375553.48,1343937.62,,,,,,,,,,,,,,,,,,,
Raigad,2012,,,,,,,,,,,,,,,,,,,,,,,,,
Raigad,2013,,,,,,,,,,,,,,,,,,,,,,,,,
Raigad,2014,,,,,,,49.92,318.94,89.92,179.34,62.6,2.68,4332.6,488.5,67.97,39.02,,30.64,,389.39,6051.52,943.17,337.23,1280.4,4771.120000000001
Raigad,2015,,,,,,,1655.13,514.23,272.59,315.74,149.68,155.44,3631.39,338.38,204.14,27.15,,5.67,,926.81,8196.35,1570.31,792.4699999999999,2362.78,5833.57
Raigad,2016,577.5,843.47,2606.73,434.51,3162.53,7624.74,1715.66,609.49,9337.23,684.91,164.0,109.2,9076.33,1897.66,634.69,75.37,,181.72,,1148.79,25635.05,3319.65,10656.83,13976.48,11658.57
Raigad,2017,,3821.62,4452.87,1945.59,10145.45,20365.53,1887.23,549.89,9997.46,726.06,173.72,109.27,9515.3,2131.65,672.77,79.89,,192.61,,1217.26,27253.11,3631.900000000001,11396.29,15028.19,12224.92
Raigad,2018,,6491.07,14872.02,5008.4,3232.54,29604.03,2401.0,2289.0,5633.0,868.54,151.05,263.0,16883.0,1002.0,1089.0,312.0,,276.0,3.0,3080.0,34250.59,4496.05,7593.54,12089.59,22161.0
Raigad,2019,,6948.65,15913.06,5355.79,3458.82,31676.32,2268.2,2371.94,7859.95,710.77,1167.17,116.09,12941.83,4808.27,1068.59,78.31,,351.55,,2252.45,35995.12,8343.98,9639.31,17983.29,18011.83
Raigad,2020,,4547.45,19671.0,3292.0,3227.0,30737.45,,,,,,,,,,,,,,,,,,,
Raigad,2021,,14707.01,17636.33,4411.01,8451.72,45206.07000000001,,,,,,,,,,,,,,,,,,,
Ratnagiri,2009,,,,,,,,,,,,,,,,,,,,,,,,,
Ratnagiri,2010,,,,,,,,,,,,,,,,,,,,,,,,,
Ratnagiri,2011,,,,,,,,,,,,,,,,,,,,,,,,,
Ratnagiri,2012,,,,,,,,,,,,,,,,,,,,,,,,,
Ratnagiri,2013,,,,,,,,,,,,,,,,,,,,,,,,,
Ratnagiri,2014,,,,,,,,,,,,,,,,,,,,,,,,,
Ratnagiri,2015,,,,,,,,,,,,,,,,,,,,,,,,,
Ratnagiri,2016,,,,,,,,,,,,,,,,,,,,,,,,,
Ratnagiri,2017,,,,,,,,,,,,,,,,,,,,,,,,,
Ratnagiri,2018,,,,,,,,,,,,,,,,,,,,,,,,,
Ratnagiri,2019,,,,,,,,,,,,,,,,,,,,,,,,,
Ratnagiri,2020,,,,,,,4431.0,977.0,1755.0,244.0,1002.0,1.0,861.0,226.0,516.0,23.0,73.0,17.0,,1590.0,11705.0,2819.0,2515.0,5334.0,6382.0
Ratnagiri,2021,,,,,,,4791.0,232.0,374.0,146.0,1069.0,7.0,6163.0,1.0,648.0,15.0,,17.0,,1098.0,14561.0,2175.0,1168.0,3343.0,11218.0
Sangli,2011,,,74.0,852.0,12669.0,13595.0,6171.0,497.0,349.0,139.0,1018.0,,1223.0,85.0,795.0,20.0,,0.13,,2087.0,12387.13,3190.0,1283.0,4473.0,7911.13
Sangli,2012,,,32.0,799.0,12905.0,13736.0,5793.31,241.65,803.13,142.84,1006.65,,3360.16,0.89,776.02,0.13,,0.03,,1234.25,13359.06,2241.79,1721.99,3963.78,9395.279999999999
Sangli,2013,,,26.0,5812.0,8544.0,14382.0,852.33,283.19,2359.09,534.29,1228.66,,8634.3,36.93,1077.82,269.72,,240.01,,2227.59,17743.85,3493.18,3971.2,7464.38,10279.55
Sangli,2014,,,403.65,2179.61,10328.57,12911.83,797.85,279.91,2212.41,565.59,1225.8,,10178.79,26.4,933.55,248.3,,223.88,,2312.85,19005.0,3565.05,3711.55,7276.6,11728.73
Sangli,2015,,,343.38,2115.02,15017.85,17476.25,4518.37,306.69,3536.85,620.84,1223.55,,4315.62,2764.28,1030.78,258.34,,260.33,,2510.8,21346.45,6498.63,5188.469999999999,11687.1,9659.35
Sangli,2016,,,902.6,2933.96,16552.58,20389.14,8329.11,634.95,2380.96,715.82,122.24,,6626.94,497.59,934.04,11.84,,10.93,,1937.89,22202.3,2557.72,4030.82,6588.540000000001,15613.77
Sangli,2017,,,387.93,1897.86,18788.95,21074.74,8653.13,2845.15,3655.71,353.39,1322.38,,3049.27,1079.39,1187.9,10.89,,12.96,,85.74,22255.91,2487.51,5197.0,7684.51,14571.4
Sangli,2018,,,979.05,17762.82,3861.21,22603.08,9476.4,,2431.61,331.48,1553.24,,5476.78,1338.67,1031.04,14.24,,11.12,,2227.12,23891.7,5119.03,3794.13,8913.16,14978.54
Sangli,2019,,,559.28,17143.14,4320.88,22023.3,9476.4,32.79,2431.61,331.48,1553.24,,5476.78,1338.67,1034.04,14.24,,11.12,,2227.12,23927.49,5119.03,3797.13,8916.16,15011.33
Sangli,2020,,,439.43,19129.92,5355.15,24924.5,,,,,,,,,,,,,,,,,,,
Sangli,2021,,,441.23,19940.63,5651.62,26033.48,,,,,,,,,,,,,,,,,,,
Satara,2012,,,,,,,,,,,,,,,,,,,,,,,,,
Satara,2013,,,,,,,,,,,,,,,,,,,,,,,,,
Satara,2014,,,,,,,,,,,,,,,,,,,,,,,,,
Satara,2015,,,,,,,,,,,,,,,,,,,,,,,,,
Satara,2016,,,,,,,,,,,,,,,,,,,,,,,,,
Satara,2017,,,,,,,,,,,,,,,,,,,,,,,,,
Satara,2018,,,,,,,,,,,,,,,,,,,,,,,,,
Satara,2019,,,,,,,,,,,,,,,,,,,,,,,,,
Satara,2020,,,,,,,,,,,,,,,,,,,,,,,,,
Satara,2021,,,,,,,,,,,,,,,,,,,,,,,,,
Sindhudurg,2012,,,,,,,,,,,,,,,,,,,,,,,,,
Sindhudurg,2013,,,,,,,,,,,,,,,,,,,,,,,,,
Sindhudurg,2014,,,,,,,,,,,,,,,,,,,,,,,,,
Sindhudurg,2015,,,,,,,,,,,,,,,,,,,,,,,,,
Sindhudurg,2016,,,,,,,,,,,,,,,,,,,,,,,,,
Sindhudurg,2017,,,,,,,,,,,,,,,,,,,,,,,,,
Sindhudurg,2018,,,,,,,,,,,,,,,,,,,,,,,,,
Sindhudurg,2019,,,,,,,,,,,,,,,,,,,,,,,,,
Sindhudurg,2020,,,,,,,15980.2,68.56,557.64,41.96,569.78,271.1,2546.66,1143.51,1226.09,14.36,,,657.77,4052.82,27130.52,6037.21,2483.46,8520.67,18609.78
Sindhudurg,2021,,,,,,,16255.63,66.89,1408.54,,1367.39,,11237.85,845.13,1393.36,15.17,,,886.22,4167.92,34644.1,6380.440000000001,3688.12,10068.56,27575.54
Solapur,2016,,,14639.36,6957.63,10553.52,32150.51,17879.22,122.54,2283.68,327.79,1482.1,,5267.31,1121.3,1740.42,23.86,,,839.38,4312.31,35399.91,6915.71,5191.27,12106.98,23292.93
Solapur,2017,,538.8,21334.17,5005.39,10765.74,37644.1,17879.22,122.54,2283.68,327.79,1482.1,,5267.31,1121.3,1740.42,23.86,,,839.38,4312.31,35399.91,6915.71,5191.27,12106.98,23292.93
Solapur,2018,,811.16,18477.32,4312.33,11799.1,35399.91,17820.0,518.78,362.41,256.71,1603.24,,10098.36,518.38,1250.23,22.52,,,1380.03,4740.52,38571.18,6862.14,3249.38,10111.52,28459.66
Solapur,2019,,811.16,18477.32,4312.33,11799.1,35399.91,18692.07,630.89,617.74,586.49,1711.58,,3303.2,1421.76,1448.37,21.75,,,708.05,5166.35,34308.25,8299.69,3360.65,11660.34,22647.91
Solapur,2020,,766.58,21748.96,4215.2,11840.44,38571.18,59480.73,3680.1,120314.66,18471.44,11774.07,23929.68,79059.88,35638.19,13202.68,17695.14,33233.07,4638.09,7060.31,55541.67,483719.71,126883.61,159049.09,285932.7,197787.01
Solapur,2021,,523.99,24259.92,3470.82,11326.88,39581.61,78293.86,9015.82,104436.19,19088.43,27284.95,21915.22,101385.05,50777.85,17486.28,4877.52,24703.72,8800.12,9109.54,55698.5,532873.05,155676.52,150120.44,305796.96,227076.09
Thane,2012,34604.7,22538.75,51343.26,118628.41,304378.49,531493.61,58365.92,8045.39,136861.26,23908.04,31543.52,16900.49,60983.21,54191.02,13029.04,6120.51,17090.53,9531.62,13470.44,55777.17,505818.16,158412.2,187268.78,345680.98,160137.18
Thane,2013,22515.07,19993.16,47258.28,22878.16,325041.92,437686.59,71995.21,10275.07,159291.43,29617.54,30753.32,20501.5,52594.58,43727.08,14521.82,5229.03,14517.4,10194.87,16287.5,61312.82,540819.17,156294.72,219718.29,376013.01,164806.16
Thane,2014,33488.08,6322.89,20782.97,54058.12,366987.1,481639.16,85718.71,14530.57,119421.42,24710.77,31195.1,23164.69,76278.25,55731.43,15933.66,7044.26,13135.36,9188.5,22812.57,64749.81,563615.1,174841.03,182878.42,357719.45,205895.65
Thane,2015,19375.15,2356.7,48632.19,87511.11,422985.39,580860.54,63568.88,32730.15,97477.0,24228.43,27812.16,25305.72,138789.91,62737.0,18332.6,8238.2,22246.32,10169.13,24779.23,67444.97,623859.7,183299.85,164817.26,348117.11,275742.59
Thane,2016,35334.53,29246.43,41848.85,90691.12,469340.97,666461.8999999999,87675.74,25911.96,108053.71,35693.26,39046.67,30846.85,121596.77,91714.81,21711.99,10542.92,14078.14,10527.88,23105.99,67571.28,688077.97,229179.61,188564.95,417744.5599999999,270333.41
Thane,2017,5336.07,1018.59,94598.85,61083.94,516912.98,678950.4299999999,103113.29,18595.17,114120.98,26776.45,37879.25,13709.55,143521.43,71148.39,21653.6,8982.04,12686.89,11802.63,27718.92,66323.58,678032.17,189060.77,190269.95,379330.72,298701.45
Thane,2018,11723.15,8250.82,176776.04,99417.91,428369.74,724537.66,113035.1,22055.41,120951.9,33823.02,33032.57,11269.38,146929.36,89944.04,23025.92,15967.1,10112.61,10810.47,27879.52,60329.7,719166.1,194575.69,205680.36,400256.0499999999,318910.0499999999
Thane,2019,13884.55,6319.57,195352.76,98404.86,433201.18,747162.9199999999,148328.3,25953.79,154151.58,39770.59,39391.87,21454.35,156218.66,140907.94,26616.26,11139.13,14257.73,13082.15,40811.91,74831.44,906915.7,276585.6,261350.34,537935.94,368979.76
Thane,2020,16277.01,4225.49,157266.11,152661.5,343319.61,673749.72,,,,,,,,,,,,,,,,,,,
Thane,2021,5477.54,41146.61,243620.23,213251.14,468392.94,971888.46,,,,,,,,,,,,,,,,,,,
Wardha,2012,,,,,,,,,,,,,,,,,,,,,,,,,
Wardha,2013,,,,,,,,,,,,,,,,,,,,,,,,,
Wardha,2014,,,,,,,,,,,,,,,,,,,,,,,,,
Wardha,2015,,,,,,,,,,,,,,,,,,,,,,,,,
Wardha,2016,,,,,,,,,,,,,,,,,,,,,,,,,
Wardha,2017,,,,,,,,,,,,,,,,,,,,,,,,,
Wardha,2018,,,,,,,,,,,,,,,,,,,,,,,,,
Wardha,2019,,,,,,,,,,,,,,,,,,,,,,,,,
Wardha,2020,,,,,,,,,,,,,,,,,,,,,,,,,
Wardha,2021,,,,,,,,,,,,,,,,,,,,,,,,,
Washim,2008,,,,,,,,,,,,,,,,,,,,,,,,,
Washim,2009,,,,,,,,,,,,,,,,,,,,,,,,,
Washim,2010,,,,,,,,,,,,,,,,,,,,,,,,,
Washim,2011,,,,,,,,,,,,,,,,,,,,,,,,,
Washim,2012,,,,,,,,,,,,,,,,,,,,,,,,,
Washim,2013,,,,,,,,,,,,,,,,,,,,,,,,,
Washim,2014,,,,,,,,,,,,,,,,,,,,,,,,,
Washim,2015,,,,,,,,,,,,,,,,,,,,,,,,,
Washim,2016,,,,,,,,,,,,,,,,,,,,,,,,,
Washim,2017,,,,,,,,,,,,,,,,,,,,,,,,,
Washim,2018,,,,,,,,,,,,,,,,,,,,,,,,,
Washim,2019,,,,,,,,,,,,,,,,,,,,,,,,,
Washim,2020,,,,,,,,,,,,,,,,,,,,,,,,,
Washim,2021,,,,,,,,,,,,,,,,,,,,,,,,,
Yavatmal,2012,,,,,,,,,,,,,,,,,,,,,,,,,
Yavatmal,2013,,,,,,,,,,,,,,,,,,,,,,,,,
Yavatmal,2014,,,,,,,,,,,,,,,,,,,,,,,,,
Yavatmal,2015,,,,,,,,,,,,,,,,,,,,,,,,,
Yavatmal,2016,,,,,,,,,,,,,,,,,,,,,,,,,
Yavatmal,2017,,,,,,,,,,,,,,,,,,,,,,,,,
Yavatmal,2018,,,,,,,,,,,,,,,,,,,,,,,,,
Yavatmal,2019,,,,,,,,,,,,,,,,,,,,,,,,,
Yavatmal,2020,,,,,,,,,,,,,,,,,,,,,,,,,
Yavatmal,2021,,,,,,,,,,,,,,,,,,,,,,,,,
