Year,District,Rural/Urban,Working Population,Male,Female,Main Worker Population,Male Main Workers,Female Main Workers,Marginal Worker Population,Male Marginal Workers,Female Marginal Workers,Unnamed: 12,Unnamed: 13,Unnamed: 14
1991,Mumbai City,Urban,129220,3007332,492010,64610,2966082,468650,64610,41250,23360,,,
1991,Mumbai Suburban,Urban,129220,3007332,492010,64610,2966082,468650,64610,41250,23360,,,
1991,Thane,Rural,920994,523974,397020,814447,513067,301380,106547,10907,95640,,Note:,"2011 Census Marginal Worker Population adds up marginal workers who have worked less than 3 months and 3-6 months, while for 1991 and 2001, it is reported as a single column."
1991,Thane,Urban,1170565,1009391,161174,1147257,999621,147636,23308,9770,13538,,Census Definitions,
1991,Raigad,Rural,692003,378301,313702,614618,367629,246989,77385,10672,66713,,Main Worker,Worked more than 6 months in the previous year
1991,Raigad,Urban,108545,89900,18645,105485,88986,16499,3060,914,2146,,Working Population,Main + Marginal Workers
1991,Ratnagiri,Rural,653572,301008,352564,535806,287016,248790,117766,13992,103774,,,
1991,Ratnagiri,Urban,41238,33124,8114,39950,32583,7367,1288,541,747,,maybe unpivot gender,
1991,Sindhudurg,Rural,375120,183934,191186,300190,171695,128495,74930,12239,62691,,,
1991,Sindhudurg,Urban,20109,15370,4739,18301,14595,3706,1808,775,1033,,,
1991,Nashik,Rural,1270010,673711,596299,1183798,662384,521414,86212,11327,74885,,,
1991,Nashik,Urban,408725,337843,70882,400204,335238,64966,8521,2605,5916,,,
1991,Dhule,Rural,1006543,543835,462708,866441,535606,330835,140102,8229,131873,,,
1991,Dhule,Urban,141949,119192,22757,138443,118161,20282,3506,1031,2475,,,
1991,Jalgaon,Rural,1113714,616679,497035,1032732,610049,422683,80982,6630,74352,,,
1991,Jalgaon,Urban,253575,209639,43936,247145,208196,38949,6430,1443,4987,,,
1991,Ahilyanagar,Rural,1376727,749220,627507,1262944,740976,521968,113783,8244,105539,,,
1991,Ahilyanagar,Urban,173047,135479,37568,169467,134545,34922,3580,934,2646,,,
1991,Pune,Rural,1336282,738178,598104,1179727,722451,457276,156555,15727,140828,,,
1991,Pune,Urban,894473,729923,164550,871952,720337,151615,22521,9586,12935,,,
1991,Satara,Rural,996668,522813,473855,805126,513116,292010,191542,9697,181845,,,
1991,Satara,Urban,94569,75802,18767,91269,75133,16136,3300,669,2631,,,
1991,Sangli,Rural,809657,469836,339821,659190,463103,196087,150467,6733,143734,,,
1991,Sangli,Urban,165185,130184,35001,155536,128433,27103,9649,1751,7898,,,
1991,Solapur,Rural,1106246,638242,468004,969310,630538,338772,136936,7704,129232,,,
1991,Solapur,Urban,285268,218210,67058,279033,217145,61888,6235,1065,5170,,,
1991,Kolhapur,Rural,1120718,618781,501937,926761,598239,328522,193957,20542,173415,,,
1991,Kolhapur,Urban,258473,213841,44632,242974,210533,32441,15499,3308,12191,,,
1991,Chhatrapati Sambhaji Nagar,Rural,736278,397302,338976,681971,390743,291228,54307,6559,47748,,,
1991,Chhatrapati Sambhaji Nagar,Urban,209067,173305,35762,204509,171474,33035,4558,1831,2727,,,
1991,Jalna,Rural,583170,309009,274161,534220,303412,230808,48950,5597,43353,,,
1991,Jalna,Urban,67515,55692,11823,65599,55265,10334,1916,427,1489,,,
1991,Parbhani,Rural,833170,449560,383610,759857,443585,316272,73313,5975,67338,,,
1991,Parbhani,Urban,133672,109685,23987,130449,108979,21470,3223,706,2517,,,
1991,Beed,Rural,764473,400390,364083,669914,387906,282008,94559,12484,82075,,,
1991,Beed,Urban,91933,74937,16996,88675,74076,14599,3258,861,2397,,,
1991,Nanded,Rural,899285,486179,413106,790177,475609,314568,109108,10570,98538,,,
1991,Nanded,Urban,143176,113816,29360,136406,112036,24370,6770,1780,4990,,,
1991,Dharashiv,Rural,521782,293432,228350,474794,290887,183907,46988,2545,44443,,,
1991,Dharashiv,Urban,56744,44431,12313,54631,44031,10600,2113,400,1713,,,
1991,Latur,Rural,644560,348772,295788,569251,344112,225139,75309,4660,70649,,,
1991,Latur,Urban,90763,76639,14124,86992,76263,10729,3771,376,3395,,,
1991,Buldhana,Rural,777510,409367,368143,728131,402525,325606,49379,6842,42537,,,
1991,Buldhana,Urban,121059,94241,26818,116217,93263,22954,4842,978,3864,,,
1991,Akola,Rural,784297,434280,350017,741781,427846,313935,42516,6434,36082,,,
1991,Akola,Urban,184862,152908,31954,181410,151718,29692,3452,1190,2262,,,
1991,Amravati,Rural,757121,437106,320015,677510,416390,261120,79611,20716,58895,,,
1991,Amravati,Urban,219588,177158,42430,210382,174466,35916,9206,2692,6514,,,
1991,Yavatmal,Rural,884944,479477,405467,821263,470411,350852,63681,9066,54615,,,
1991,Yavatmal,Urban,105963,85246,20717,101987,84263,17724,3976,983,2993,,,
1991,Wardha,Rural,393979,224120,169859,371501,218498,153003,22478,5622,16856,,,
1991,Wardha,Urban,81635,67204,14431,79038,66240,12798,2597,964,1633,,,
1991,Nagpur,Rural,634393,358694,275699,588047,350044,238003,46346,8650,37696,,,
1991,Nagpur,Urban,598376,493780,104596,579860,486706,93154,18516,7074,11442,,,
1991,Bhandara,Rural,969573,496227,473346,881566,482961,398605,88007,13266,74741,,,
1991,Bhandara,Urban,87021,63398,23623,83454,62591,20863,3567,807,2760,,,
1991,Chandrapur,Rural,671595,357980,313615,604058,350049,254009,67537,7931,59606,,,
1991,Chandrapur,Urban,146099,121233,24866,141058,119443,21615,5041,1790,3251,,,
1991,Gadchiroli,Rural,398795,206369,192426,335519,200328,135191,63276,6041,57235,,,
1991,Gadchiroli,Urban,24651,17233,7418,23044,16964,6080,1607,269,1338,,,
2001,Nandurbar,Rural,550275,294643,255632,403385,248284,155101,146890,46359,100531,,,
2001,Nandurbar,Urban,59758,49809,9949,54936,47394,7542,4822,2415,2407,,,
2001,Dhule,Rural,609792,346685,263107,458361,299402,158959,151431,47283,104148,,,
2001,Dhule,Urban,128149,107554,20595,115135,100907,14228,13014,6647,6367,,,
2001,Jalgaon,Rural,1250242,714661,535581,1021465,637351,384114,228777,77310,151467,,,
2001,Jalgaon,Urban,313741,262294,51447,278621,242103,36518,35120,20191,14929,,,
2001,Buldhana,Rural,873326,481253,392073,779897,448618,331279,93429,32635,60794,,,
2001,Buldhana,Urban,142689,115354,27335,128900,108459,20441,13789,6895,6894,,,
2001,Akola,Rural,461202,279125,182077,409384,260229,149155,51818,18896,32922,,,
2001,Akola,Urban,187041,156666,30375,172880,148003,24877,14161,8663,5498,,,
2001,Washim,Rural,403335,224951,178384,347211,206946,140265,56124,18005,38119,,,
2001,Washim,Urban,51997,42791,9206,48440,41006,7434,3557,1785,1772,,,
2001,Amravati,Rural,816174,494297,321877,656297,434246,222051,159877,60051,99826,,,
2001,Amravati,Urban,279448,229722,49726,252066,213863,38203,27382,15859,11523,,,
2001,Wardha,Rural,449913,266513,183400,347037,228765,118272,102876,37748,65128,,,
2001,Wardha,Urban,100438,82098,18340,84293,72866,11427,16145,9232,6913,,,
2001,Nagpur,Rural,727301,426640,300661,560006,359641,200365,167295,66999,100296,,,
2001,Nagpur,Urban,811048,664986,146062,723073,609554,113519,87975,55432,32543,,,
2001,Bhandara,Rural,481615,262043,219572,319340,200597,118743,162275,61446,100829,,,
2001,Bhandara,Urban,55270,40993,14277,46124,36571,9553,9146,4422,4724,,,
2001,Gondia,Rural,533761,284451,249310,351412,219975,131437,182349,64476,117873,,,
2001,Gondia,Urban,45835,34570,11265,40478,31964,8514,5357,2606,2751,,,
2001,Gadchiroli,Rural,472779,255052,217727,319035,199650,119385,153744,55402,98342,,,
2001,Gadchiroli,Urban,24325,17338,6987,17924,14520,3404,6401,2818,3583,,,
2001,Chandrapur,Rural,729170,401487,327683,509702,322069,187633,219468,79418,140050,,,
2001,Chandrapur,Urban,201621,166104,35517,173327,149410,23917,28294,16694,11600,,,
2001,Yavatmal,Rural,978283,559693,418590,818712,503260,315452,159571,56433,103138,,,
2001,Yavatmal,Urban,140654,115230,25424,130741,109695,21046,9913,5535,4378,,,
2001,Nanded,Rural,1010495,565958,444537,795375,498309,297066,215120,67649,147471,,,
2001,Nanded,Urban,191542,155964,35578,169712,144385,25327,21830,11579,10251,,,
2001,Hingoli,Rural,416052,223892,192160,373045,209739,163306,43007,14153,28854,,,
2001,Hingoli,Urban,43926,35582,8344,39793,33203,6590,4133,2379,1754,,,
2001,Parbhani,Rural,510958,275521,235437,438142,259014,179128,72816,16507,56309,,,
2001,Parbhani,Urban,133794,108884,24910,121775,102612,19163,12019,6272,5747,,,
2001,Jalna,Rural,627274,341418,285856,533053,315997,217056,94221,25421,68800,,,
2001,Jalna,Urban,89626,73719,15907,78945,67708,11237,10681,6011,4670,,,
2001,Chhatrapati Sambhaji Nagar,Rural,862701,482536,380165,731034,437113,293921,131667,45423,86244,,,
2001,Chhatrapati Sambhaji Nagar,Urban,314156,261255,52901,294497,249162,45335,19659,12093,7566,,,
2001,Nashik,Rural,1560748,853318,707430,1329689,774184,555505,231059,79134,151925,,,
2001,Nashik,Urban,624825,514539,110286,581651,491345,90306,43174,23194,19980,,,
2001,Thane,Rural,1070883,639172,431711,795436,530558,264878,275447,108614,166833,,,
2001,Thane,Urban,2109098,1804155,304943,1986568,1726568,260000,122530,77587,44943,,,
2001,Mumbai Suburban,Rural,0,0,0,0,0,0,0,0,0,,,
2001,Mumbai Suburban,Urban,3152509,2653135,499374,2971039,2524384,446655,181470,128751,52719,,,
2001,Mumbai City,Rural,0,0,0,0,0,0,0,0,0,,,
2001,Mumbai City,Urban,1311739,1111415,200324,1250710,1068656,182054,61029,42759,18270,,,
2001,Raigad,Rural,731334,437043,294291,501980,344291,157689,229354,92752,136602,,,
2001,Raigad,Urban,182661,151900,30761,162709,139982,22727,19952,11918,8034,,,
2001,Pune,Rural,1515885,864241,651644,1298755,788742,510013,217130,75499,141631,,,
2001,Pune,Urban,1438597,1151812,286785,1346674,1095230,251444,91923,56582,35341,,,
2001,Ahilyanagar,Rural,1585383,883644,701739,1365039,811721,553318,220344,71923,148421,,,
2001,Ahilyanagar,Urban,271663,211806,59857,246022,199199,46823,25641,12607,13034,,,
2001,Beed,Rural,852171,460460,391711,734948,422760,312188,117223,37700,79523,,,
2001,Beed,Urban,105413,87455,17958,95710,81851,13859,9703,5604,4099,,,
2001,Latur,Rural,708896,414383,294513,591195,386785,204410,117701,27598,90103,,,
2001,Latur,Urban,131622,111074,20548,121654,105514,16140,9968,5560,4408,,,
2001,Dharashiv,Rural,586757,336970,249787,496317,309553,186764,90440,27417,63023,,,
2001,Dharashiv,Urban,66765,53232,13533,58885,48937,9948,7880,4295,3585,,,
2001,Solapur,Rural,1328183,754876,573307,1103234,684067,419167,224949,70809,154140,,,
2001,Solapur,Urban,414858,301306,113552,382733,285221,97512,32125,16085,16040,,,
2001,Satara,Rural,1175071,654941,520130,928518,583053,345465,246553,71888,174665,,,
2001,Satara,Urban,128587,100893,27694,116471,94659,21812,12116,6234,5882,,,
2001,Ratnagiri,Rural,698319,355188,343131,498822,289283,209539,199497,65905,133592,,,
2001,Ratnagiri,Urban,65068,51592,13476,58791,48505,10286,6277,3087,3190,,,
2001,Sindhudurg,Rural,375899,206000,169899,210484,142216,68268,165415,63784,101631,,,
2001,Sindhudurg,Urban,29086,22357,6729,23343,19273,4070,5743,3084,2659,,,
2001,Kolhapur,Rural,1303867,734316,569551,1066918,664113,402805,236949,70203,166746,,,
2001,Kolhapur,Urban,349103,288711,60392,327964,278499,49465,21139,10212,10927,,,
2001,Sangli,Rural,1003387,573265,430122,760576,507962,252614,242811,65303,177508,,,
2001,Sangli,Urban,215268,167164,48104,191665,156594,35071,23603,10570,13033,,,
2011,Nandurbar,Rural,701564,373629,327935,584986,333204,251782,116578,40425,76153,,,
2011,Nandurbar,Urban,90501,69269,21232,79207,62724,16483,11294,6545,4749,,,
2011,Dhule,Rural,758086,425469,332617,663077,391024,272053,95009,34445,60564,,,
2011,Dhule,Urban,178284,144979,33305,162798,135243,27555,15486,9736,5750,,,
2011,Jalgaon,Rural,1427691,837159,590532,1259810,766492,493318,167881,70667,97214,,,
2011,Jalgaon,Urban,435880,349313,86567,384145,316444,67701,51735,32869,18866,,,
2011,Buldhana,Rural,1038597,590821,447776,945137,552106,393031,93460,38715,54745,,,
2011,Buldhana,Urban,181044,143203,37841,162405,130532,31873,18639,12671,5968,,,
2011,Akola,Rural,529354,326674,202680,469517,299554,169963,59837,27120,32717,,,
2011,Akola,Urban,238800,193688,45112,221508,181359,40149,17292,12329,4963,,,
2011,Washim,Rural,500572,285189,215383,440589,258773,181816,59983,26416,33567,,,
2011,Washim,Urban,69220,55164,14056,62166,50469,11697,7054,4695,2359,,,
2011,Amravati,Rural,892101,558217,333884,754483,499510,254973,137618,58707,78911,,,
2011,Amravati,Urban,344221,279360,64861,307061,254172,52889,37160,25188,11972,,,
2011,Wardha,Rural,460778,277083,183695,399804,253277,146527,60974,23806,37168,,,
2011,Wardha,Urban,147457,115233,32224,129819,104575,25244,17638,10658,6980,,,
2011,Nagpur,Rural,747999,456023,291976,632330,404990,227340,115669,51033,64636,,,
2011,Nagpur,Urban,1120561,878188,242373,1022448,819058,203390,98113,59130,38983,,,
2011,Bhandara,Rural,516087,286323,229764,348458,213109,135349,167629,73214,94415,,,
2011,Bhandara,Urban,81218,58731,22487,65380,50108,15272,15838,8623,7215,,,
2011,Gondia,Rural,584269,323587,260682,367716,230853,136863,216553,92734,123819,,,
2011,Gondia,Urban,81150,59564,21586,66246,50857,15389,14904,8707,6197,,,
2011,Gadchiroli,Rural,540110,291600,248510,358447,213828,144619,181663,77772,103891,,,
2011,Gadchiroli,Urban,44127,31738,12389,34439,26133,8306,9688,5605,4083,,,
2011,Chandrapur,Rural,797449,443040,354409,581210,353863,227347,216239,89177,127062,,,
2011,Chandrapur,Urban,260723,205525,55198,223223,182889,40334,37500,22636,14864,,,
2011,Yavatmal,Rural,1153322,656157,497165,1011555,596850,414705,141767,59307,82460,,,
2011,Yavatmal,Urban,202677,159318,43359,183545,146852,36693,19132,12466,6666,,,
2011,Nanded,Rural,1200724,695134,505590,1062139,644223,417916,138585,50911,87674,,,
2011,Nanded,Urban,293229,230098,63131,255652,206270,49382,37577,23828,13749,,,
2011,Hingoli,Rural,512590,285540,227050,463701,266999,196702,48889,18541,30348,,,
2011,Hingoli,Urban,56592,45363,11229,50670,41333,9337,5922,4030,1892,,,
2011,Parbhani,Rural,644137,361671,282466,598296,345944,252352,45841,15727,30114,,,
2011,Parbhani,Urban,178660,139751,38909,158121,127302,30819,20539,12449,8090,,,
2011,Jalna,Rural,805304,447556,357748,735619,421019,314600,69685,26537,43148,,,
2011,Jalna,Urban,125582,97474,28108,108873,87279,21594,16709,10195,6514,,,
2011,Chhatrapati Sambhaji Nagar,Rural,1044684,593644,451040,962801,563255,399546,81883,30389,51494,,,
2011,Chhatrapati Sambhaji Nagar,Urban,530395,422220,108175,483835,395260,88575,46560,26960,19600,,,
2011,Nashik,Rural,1861358,1025015,836343,1688085,960199,727886,173273,64816,108457,,,
2011,Nashik,Urban,901970,721271,180699,834938,679682,155256,67032,41589,25443,,,
2011,Thane,Rural,1169729,729418,440311,885453,595115,290338,284276,134303,149973,,,
2011,Thane,Urban,3323038,2633705,689333,3045058,2464388,580670,277980,169317,108663,,,
2011,Mumbai Suburban,Rural,0,0,0,0,0,0,0,0,0,,,
2011,Mumbai Suburban,Urban,3735021,2944322,790699,3515922,2811481,704441,219099,132841,86258,,,
2011,Mumbai City,Rural,0,0,0,0,0,0,0,0,0,,,
2011,Mumbai City,Urban,1284396,1021009,263387,1209334,975508,233826,75062,45501,29561,,,
2011,Raigad,Rural,714556,470497,244059,539278,381638,157640,175278,88859,86419,,,
2011,Raigad,Urban,358413,283346,75067,319547,260017,59530,38866,23329,15537,,,
2011,Pune,Rural,1828587,1109717,718870,1676770,1046069,630701,151817,63648,88169,,,
2011,Pune,Urban,2220406,1700099,520307,2074451,1612763,461688,145955,87336,58619,,,
2011,Ahilyanagar,Rural,1875818,1052563,823255,1740077,996307,743770,135741,56256,79485,,,
2011,Ahilyanagar,Urban,328772,247746,81026,299378,231007,68371,29394,16739,12655,,,
2011,Beed,Rural,1086389,597389,489000,1004728,566122,438606,81661,31267,50394,,,
2011,Beed,Urban,169159,130430,38729,149980,118411,31569,19179,12019,7160,,,
2011,Latur,Rural,857367,517448,339919,794557,494140,300417,62810,23308,39502,,,
2011,Latur,Urban,189490,152570,36920,169620,139181,30439,19870,13389,6481,,,
2011,Dharashiv,Rural,683388,404465,278923,623146,379763,243383,60242,24702,35540,,,
2011,Dharashiv,Urban,90528,69330,21198,78748,61894,16854,11780,7436,4344,,,
2011,Solapur,Rural,1395123,841443,553680,1297320,805368,491952,97803,36075,61728,,,
2011,Solapur,Urban,503272,365490,137782,465855,343569,122286,37417,21921,15496,,,
2011,Satara,Rural,1154701,695373,459328,1001339,640565,360774,153362,54808,98554,,,
2011,Satara,Urban,200246,149432,50814,183068,140243,42825,17178,9189,7989,,,
2011,Ratnagiri,Rural,628226,340433,287793,477284,282446,194838,150942,57987,92955,,,
2011,Ratnagiri,Urban,85850,66575,19275,77689,61643,16046,8161,4932,3229,,,
2011,Sindhudurg,Rural,308963,200343,108620,194546,139697,54849,114417,60646,53771,,,
2011,Sindhudurg,Urban,38215,29333,8882,31992,25043,6949,6223,4290,1933,,,
2011,Kolhapur,Rural,1267257,779259,487998,1101978,721522,380456,165279,57737,107542,,,
2011,Kolhapur,Urban,436797,345945,90852,406585,328550,78035,30212,17395,12817,,,
2011,Sangli,Rural,963991,609192,354799,845830,570873,274957,118161,38319,79842,,,
2011,Sangli,Urban,251113,191022,60091,229118,178378,50740,21995,12644,9351,,,
