Year,District,Sex Ratio
1901,Ahilyanagar,1005
1911,Ahilyanagar,983
1921,Ahilyanagar,978
1931,Ahilyanagar,971
1941,Ahilyanagar,969
1951,Ahilyanagar,971
1961,Ahilyanagar,962
1971,Ahilyanagar,956
1981,Ahilyanagar,959
1991,Ahilyanagar,949
2011,Ahilyanagar,934
2001,Ahilyanagar,940
1901,Akola,968
1911,Akola,968
1921,Akola,958
1931,Akola,952
1941,Akola,957
1951,Akola,953
1961,Akola,926
1971,Akola,931
1981,Akola,939
1991,Akola,934
2011,Akola,942
2001,Akola,938
1901,Amravati,960
1911,Amravati,959
1921,Amravati,953
1931,Amravati,939
1941,Amravati,946
1951,Amravati,958
1961,Amravati,933
1971,Amravati,931
1981,Amravati,936
1991,Amravati,936
2011,Amravati,947
2001,Amravati,938
1901,Chhatrapati Sambhaji Nagar,998
1911,Chhatrapati Sambhaji Nagar,988
1921,Chhatrapati Sambhaji Nagar,991
1931,Chhatrapati Sambhaji Nagar,967
1941,Chhatrapati Sambhaji Nagar,957
1951,Chhatrapati Sambhaji Nagar,974
1961,Chhatrapati Sambhaji Nagar,955
1971,Chhatrapati Sambhaji Nagar,935
1981,Chhatrapati Sambhaji Nagar,936
1991,Chhatrapati Sambhaji Nagar,922
2011,Chhatrapati Sambhaji Nagar,917
2001,Chhatrapati Sambhaji Nagar,925
1901,Beed,985
1911,Beed,980
1921,Beed,963
1931,Beed,949
1941,Beed,941
1951,Beed,957
1961,Beed,969
1971,Beed,954
1981,Beed,965
1991,Beed,944
2011,Beed,912
2001,Beed,936
1901,Bhandara,1071
1911,Bhandara,1038
1921,Bhandara,1024
1931,Bhandara,1017
1941,Bhandara,1010
1951,Bhandara,1005
1961,Bhandara,993
1971,Bhandara,984
1981,Bhandara,989
1991,Bhandara,980
2011,Bhandara,984
2001,Bhandara,981
1901,Buldana,992
1911,Buldana,985
1921,Buldana,979
1931,Buldana,971
1941,Buldana,972
1951,Buldana,981
1961,Buldana,959
1971,Buldana,954
1981,Buldana,957
1991,Buldana,953
2011,Buldana,928
2001,Buldana,946
1901,Chandrapur,1023
1911,Chandrapur,1005
1921,Chandrapur,1004
1931,Chandrapur,990
1941,Chandrapur,989
1951,Chandrapur,994
1961,Chandrapur,979
1971,Chandrapur,963
1981,Chandrapur,959
1991,Chandrapur,948
2011,Chandrapur,959
2001,Chandrapur,948
1901,Dhule,980
1911,Dhule,978
1921,Dhule,976
1931,Dhule,969
1941,Dhule,969
1951,Dhule,968
1961,Dhule,961
1971,Dhule,948
1981,Dhule,954
1991,Dhule,945
2011,Dhule,941
2001,Dhule,944
1901,Gadchiroli,1023
1911,Gadchiroli,1005
1921,Gadchiroli,1004
1931,Gadchiroli,990
1941,Gadchiroli,989
1951,Gadchiroli,1000
1961,Gadchiroli,998
1971,Gadchiroli,986
1981,Gadchiroli,981
1991,Gadchiroli,976
2011,Gadchiroli,975
2001,Gadchiroli,976
1901,Gondia,1071
1911,Gondia,1038
1921,Gondia,1024
1931,Gondia,1017
1941,Gondia,1010
1951,Gondia,1004
1961,Gondia,1000
1971,Gondia,989
1981,Gondia,1004
1991,Gondia,995
2011,Gondia,996
2001,Gondia,1005
1901,Hingoli,996
1911,Hingoli,992
1921,Hingoli,978
1931,Hingoli,963
1941,Hingoli,960
1951,Hingoli,989
1961,Hingoli,975
1971,Hingoli,968
1981,Hingoli,966
1991,Hingoli,952
2011,Hingoli,935
2001,Hingoli,953
2011,India,943
1901,Jalgaon,975
1911,Jalgaon,983
1921,Jalgaon,971
1931,Jalgaon,968
1941,Jalgaon,970
1951,Jalgaon,971
1961,Jalgaon,957
1971,Jalgaon,948
1981,Jalgaon,950
1991,Jalgaon,940
2011,Jalgaon,922
2001,Jalgaon,933
1901,Jalna,998
1911,Jalna,989
1921,Jalna,988
1931,Jalna,966
1941,Jalna,957
1951,Jalna,976
1961,Jalna,970
1971,Jalna,959
1981,Jalna,970
1991,Jalna,958
2011,Jalna,929
2001,Jalna,951
1901,Kolhapur,975
1911,Kolhapur,967
1921,Kolhapur,946
1931,Kolhapur,952
1941,Kolhapur,968
1951,Kolhapur,964
1961,Kolhapur,961
1971,Kolhapur,953
1981,Kolhapur,962
1991,Kolhapur,961
2011,Kolhapur,953
2001,Kolhapur,949
1901,Latur,980
1911,Latur,965
1921,Latur,940
1931,Latur,943
1941,Latur,941
1951,Latur,947
1961,Latur,950
1971,Latur,942
1981,Latur,959
1991,Latur,942
2011,Latur,924
2001,Latur,935
2011,Maharashtra,929
1901,Mumbai,652
1911,Mumbai,570
1921,Mumbai,561
1931,Mumbai,592
1941,Mumbai,616
1951,Mumbai,574
1961,Mumbai,626
1971,Mumbai,670
1981,Mumbai,729
1991,Mumbai,791
2011,Mumbai,838
2001,Mumbai,777
1901,Mumbai Suburban,652
1911,Mumbai Suburban,570
1921,Mumbai Suburban,561
1931,Mumbai Suburban,592
1941,Mumbai Suburban,616
1951,Mumbai Suburban,712
1961,Mumbai Suburban,744
1971,Mumbai Suburban,769
1981,Mumbai Suburban,801
1991,Mumbai Suburban,831
2011,Mumbai Suburban,857
2001,Mumbai Suburban,822
1901,Nagpur,991
1911,Nagpur,981
1921,Nagpur,967
1931,Nagpur,953
1941,Nagpur,955
1951,Nagpur,956
1961,Nagpur,929
1971,Nagpur,922
1981,Nagpur,924
1991,Nagpur,922
2011,Nagpur,948
2001,Nagpur,932
1901,Nanded,1004
1911,Nanded,995
1921,Nanded,981
1931,Nanded,966
1941,Nanded,965
1951,Nanded,983
1961,Nanded,970
1971,Nanded,955
1981,Nanded,960
1991,Nanded,945
2011,Nanded,937
2001,Nanded,942
1901,Nandurbar,980
1911,Nandurbar,978
1921,Nandurbar,976
1931,Nandurbar,969
1941,Nandurbar,969
1951,Nandurbar,973
1961,Nandurbar,975
1971,Nandurbar,968
1981,Nandurbar,982
1991,Nandurbar,975
2011,Nandurbar,972
2001,Nandurbar,977
1901,Nashik,974
1911,Nashik,984
1921,Nashik,960
1931,Nashik,963
1941,Nashik,953
1951,Nashik,956
1961,Nashik,946
1971,Nashik,940
1981,Nashik,937
1991,Nashik,940
2011,Nashik,931
2001,Nashik,927
1901,Dharashiv,980
1911,Dharashiv,964
1921,Dharashiv,939
1931,Dharashiv,942
1941,Dharashiv,942
1951,Dharashiv,948
1961,Dharashiv,948
1971,Dharashiv,947
1981,Dharashiv,958
1991,Dharashiv,937
2011,Dharashiv,920
2001,Dharashiv,932
1901,Parbhani,996
1911,Parbhani,993
1921,Parbhani,978
1931,Parbhani,963
1941,Parbhani,960
1951,Parbhani,974
1961,Parbhani,969
1971,Parbhani,954
1981,Parbhani,968
1991,Parbhani,954
2011,Parbhani,940
2001,Parbhani,958
1901,Pune,979
1911,Pune,977
1921,Pune,957
1931,Pune,952
1941,Pune,948
1951,Pune,939
1961,Pune,944
1971,Pune,933
1981,Pune,937
1991,Pune,933
2011,Pune,910
2001,Pune,919
1901,Raigad,1000
1911,Raigad,1023
1921,Raigad,1028
1931,Raigad,1009
1941,Raigad,1036
1951,Raigad,1040
1961,Raigad,1058
1971,Raigad,1056
1981,Raigad,1046
1991,Raigad,1010
2011,Raigad,955
2001,Raigad,976
1901,Ratnagiri,1119
1911,Ratnagiri,1164
1921,Ratnagiri,1187
1931,Ratnagiri,1129
1941,Ratnagiri,1158
1951,Ratnagiri,1239
1961,Ratnagiri,1264
1971,Ratnagiri,1263
1981,Ratnagiri,1258
1991,Ratnagiri,1205
2011,Ratnagiri,1123
2001,Ratnagiri,1136
1901,Sangli,984
1911,Sangli,952
1921,Sangli,942
1931,Sangli,950
1941,Sangli,954
1951,Sangli,968
1961,Sangli,957
1971,Sangli,949
1981,Sangli,967
1991,Sangli,958
2011,Sangli,964
2001,Sangli,957
1901,Satara,1031
1911,Satara,1025
1921,Satara,1030
1931,Satara,1006
1941,Satara,1035
1951,Satara,1051
1961,Satara,1047
1971,Satara,1037
1981,Satara,1061
1991,Satara,1029
2011,Satara,986
2001,Satara,995
1901,Sindhudurg,1111
1911,Sindhudurg,1154
1921,Sindhudurg,1174
1931,Sindhudurg,1119
1941,Sindhudurg,1148
1951,Sindhudurg,1200
1961,Sindhudurg,1194
1971,Sindhudurg,1213
1981,Sindhudurg,1205
1991,Sindhudurg,1137
2011,Sindhudurg,1037
2001,Sindhudurg,1079
1901,Solapur,985
1911,Solapur,967
1921,Solapur,943
1931,Solapur,934
1941,Solapur,942
1951,Solapur,945
1961,Solapur,936
1971,Solapur,933
1981,Solapur,942
1991,Solapur,934
2011,Solapur,932
2001,Solapur,935
1901,Thane,939
1911,Thane,947
1921,Thane,937
1931,Thane,935
1941,Thane,940
1951,Thane,920
1961,Thane,919
1971,Thane,894
1981,Thane,883
1991,Thane,879
2011,Thane,880
2001,Thane,858
1901,Wardha,987
1911,Wardha,983
1921,Wardha,973
1931,Wardha,975
1941,Wardha,978
1951,Wardha,983
1961,Wardha,964
1971,Wardha,949
1981,Wardha,948
1991,Wardha,939
2011,Wardha,946
2001,Wardha,935
1901,Washim,968
1911,Washim,968
1921,Washim,958
1931,Washim,952
1941,Washim,957
1951,Washim,971
1961,Washim,956
1971,Washim,957
1981,Washim,963
1991,Washim,946
2011,Washim,926
2001,Washim,939
1901,Yavatmal,988
1911,Yavatmal,980
1921,Yavatmal,968
1931,Yavatmal,966
1941,Yavatmal,978
1951,Yavatmal,989
1961,Yavatmal,972
1971,Yavatmal,961
1981,Yavatmal,958
1991,Yavatmal,951
2011,Yavatmal,947
2001,Yavatmal,942
