Year,District,Birth Place,Population,Male,Female,Rural Population,Rural Male,Rural Female,Urban Population,Urban Male,Urban Female
1991,Greater Bombay,Within the state of enumeration,7746044,4186545,3559499,0,0,0,7746044,4186545,3559499
1991,Greater Bombay,States in India beyond the state of enumeration,2095697,1228610,867087,0,0,0,2095697,1228610,867087
1991,Thane,Within the state of enumeration,4684814,2447539,2237275,1803764,918824,884940,2881050,1528715,1352335
1991,Thane,States in India beyond the state of enumeration,540302,332935,207367,49545,29585,19960,490757,303350,187407
1991,Raigad,Within the state of enumeration,1749492,863129,886363,1457758,712230,745528,291734,150899,140835
1991,Raigad,States in India beyond the state of enumeration,72024,42968,29056,36408,22128,14280,35616,20840,14776
1991,Ratnagiri,Within the state of enumeration,1513364,683108,830256,1384259,618590,765669,129105,64518,64587
1991,Ratnagiri,States in India beyond the state of enumeration,29333,16372,12961,20792,11442,9350,8541,4930,3611
1991,Sindhudurg,Within the state of enumeration,801562,376644,424918,743432,347193,396239,58130,29451,28679
1991,Sindhudurg,States in India beyond the state of enumeration,30110,12480,17630,25130,10350,14780,4980,2130,2850
1991,Nashik,Within the state of enumeration,3784042,1951343,1832699,2469797,1264948,1204849,1314245,686395,627850
1991,Nashik,States in India beyond the state of enumeration,64280,31990,32290,12220,4810,7410,52060,27180,24880
1991,Dhule,Within the state of enumeration,2462995,1264928,1198067,1968782,1005366,963416,494213,259562,234651
1991,Dhule,States in India beyond the state of enumeration,54318,21100,33218,30830,10450,20380,23488,10650,12838
1991,Jalgaon,Within the state of enumeration,3097154,1606435,1490719,2267025,1170755,1096270,830129,435680,394449
1991,Jalgaon,States in India beyond the state of enumeration,86240,34338,51902,45800,16760,29040,40440,17578,22862
1991,Ahilyanagar,Within the state of enumeration,3349765,1718759,1631006,2830884,1447216,1383668,518881,271543,247338
1991,Ahilyanagar,States in India beyond the state of enumeration,19420,10130,9290,7010,4090,2920,12410,6040,6370
1991,Pune,Within the state of enumeration,5312297,2745470,2566827,2701803,1374131,1327672,2610494,1371339,1239155
1991,Pune,States in India beyond the state of enumeration,207005,109210,97795,22970,12860,10110,184035,96350,87685
1991,Satara,Within the state of enumeration,2405292,1184725,1220567,2104352,1028731,1075621,300940,155994,144946
1991,Satara,States in India beyond the state of enumeration,42120,21490,20630,28040,14000,14040,14080,7490,6590
1991,Sangli,Within the state of enumeration,2121860,1091882,1029978,1669901,853937,815964,451959,237945,214014
1991,Sangli,States in India beyond the state of enumeration,86648,36339,50309,36620,14390,22230,50028,21949,28079
1991,Solapur,Within the state of enumeration,3117824,1628628,1489196,2252014,1177225,1074789,865810,451403,414407
1991,Solapur,States in India beyond the state of enumeration,112533,41538,70995,49420,15300,34120,63113,26238,36875
1991,Kolhapur,Within the state of enumeration,2777143,1439984,1337159,2085635,1074968,1010667,691508,365016,326492
1991,Kolhapur,States in India beyond the state of enumeration,209914,83468,126446,116750,38530,78220,93164,44938,48226
1991,Chhatrapati Sambhaji Nagar,Within the state of enumeration,2194689,1142313,1052376,1484896,764936,719960,709793,377377,332416
1991,Chhatrapati Sambhaji Nagar,States in India beyond the state of enumeration,18210,8890,9320,3580,1810,1770,14630,7080,7550
1991,Jalna,Within the state of enumeration,1358097,693828,664269,1132489,576880,555609,225608,116948,108660
1991,Jalna,States in India beyond the state of enumeration,6040,2830,3210,1120,390,730,4920,2440,2480
1991,Parbhani,Within the state of enumeration,2103995,1078254,1025741,1637066,834946,802120,466929,243308,223621
1991,Parbhani,States in India beyond the state of enumeration,12780,5380,7400,3350,1020,2330,9430,4360,5070
1991,Beed,Within the state of enumeration,1816262,934760,881502,1493464,765149,728315,322798,169611,153187
1991,Beed,States in India beyond the state of enumeration,5620,2560,3060,1570,660,910,4050,1900,2150
1991,Nanded,Within the state of enumeration,2274056,1183148,1090908,1792524,928101,864423,481532,255047,226485
1991,Nanded,States in India beyond the state of enumeration,55458,14428,41030,31200,5070,26130,24258,9358,14900
1991,Dharashiv,Within the state of enumeration,1259427,654126,605301,1071947,555174,516773,187480,98952,88528
1991,Dharashiv,States in India beyond the state of enumeration,16810,4710,12100,10460,1870,8590,6350,2840,3510
1991,Latur,Within the state of enumeration,1638131,853583,784548,1311404,679797,631607,326727,173786,152941
1991,Latur,States in India beyond the state of enumeration,37969,9329,28640,23069,3119,19950,14900,6210,8690
1991,Buldana,Within the state of enumeration,1864269,956387,907882,1485924,759667,726257,378345,196720,181625
1991,Buldana,States in India beyond the state of enumeration,19970,8630,11340,11040,4980,6060,8930,3650,5280
1991,Akola,Within the state of enumeration,2185890,1129328,1056562,1572760,809677,763083,613130,319651,293479
1991,Akola,States in India beyond the state of enumeration,24991,11110,13881,6520,2870,3650,18471,8240,10231
1991,Amravati,Within the state of enumeration,2150047,1115554,1034493,1450988,750824,700164,699059,364730,334329
1991,Amravati,States in India beyond the state of enumeration,47230,19450,27780,31810,12620,19190,15420,6830,8590
1991,Yavatmal,Within the state of enumeration,2051504,1053062,998442,1704993,872527,832466,346511,180535,165976
1991,Yavatmal,States in India beyond the state of enumeration,24820,11020,13800,14830,6370,8460,9990,4650,5340
1991,Wardha,Within the state of enumeration,1045407,539760,505647,774079,398363,375716,271328,141397,129931
1991,Wardha,States in India beyond the state of enumeration,20531,9910,10621,9591,5010,4581,10940,4900,6040
1991,Nagpur,Within the state of enumeration,3107953,1623507,1484446,1206047,626993,579054,1901906,996514,905392
1991,Nagpur,States in India beyond the state of enumeration,170636,82387,88249,49808,22737,27071,120828,59650,61178
1991,Bhandara,Within the state of enumeration,2058197,1042686,1015511,1807152,911813,895339,251045,130873,120172
1991,Bhandara,States in India beyond the state of enumeration,44339,15049,29290,21630,5720,15910,22709,9329,13380
1991,Chandrapur,Within the state of enumeration,1729159,888588,840571,1253261,636474,616787,475898,252114,223784
1991,Chandrapur,States in India beyond the state of enumeration,39915,19649,20266,21460,11510,9950,18455,8139,10316
1991,Gadchiroli,Within the state of enumeration,757553,384954,372599,692125,350484,341641,65428,34470,30958
1991,Gadchiroli,States in India beyond the state of enumeration,16267,6170,10097,13320,4810,8510,2947,1360,1587
2001,Nandurbar,Within the state of enumeration,1257134,644874,612260,1069794,546240,523554,187340,98634,88706
2001,Nandurbar,States in India beyond the state of enumeration,53781,18213,35568,39125,12193,26932,14656,6020,8636
2001,Dhule,Within the state of enumeration,1660735,858563,802172,1234360,635565,598795,426375,222998,203377
2001,Dhule,States in India beyond the state of enumeration,45916,19206,26710,27594,10737,16857,18322,8469,9853
2001,Jalgaon,Within the state of enumeration,3597252,1869501,1727751,2583336,1337980,1245356,1013916,531521,482395
2001,Jalgaon,States in India beyond the state of enumeration,82769,34682,48087,46386,18958,27428,36383,15724,20659
2001,Buldhana,Within the state of enumeration,2207455,1136013,1071442,1744590,895549,849041,462865,240464,222401
2001,Buldhana,States in India beyond the state of enumeration,24418,11087,13331,14438,6856,7582,9980,4231,5749
2001,Akola,Within the state of enumeration,1606305,830171,776134,995732,513944,481788,610573,316227,294346
2001,Akola,States in India beyond the state of enumeration,22409,10415,11994,6972,3504,3468,15437,6911,8526
2001,Washim,Within the state of enumeration,1015310,523915,491395,839482,432641,406841,175828,91274,84554
2001,Washim,States in India beyond the state of enumeration,4674,2057,2617,2264,1102,1162,2410,955,1455
2001,Amravati,Within the state of enumeration,2520908,1310285,1210623,1655250,859384,795866,865658,450901,414757
2001,Amravati,States in India beyond the state of enumeration,83407,33984,49423,52273,20966,31307,31134,13018,18116
2001,Wardha,Within the state of enumeration,1197865,619504,578361,885947,457272,428675,311918,162232,149686
2001,Wardha,States in India beyond the state of enumeration,38072,19083,18989,25618,13264,12354,12454,5819,6635
2001,Nagpur,Within the state of enumeration,3624395,1882723,1741672,1331301,692127,639174,2293094,1190596,1102498
2001,Nagpur,States in India beyond the state of enumeration,434453,217888,216565,122352,59217,63135,312101,158671,153430
2001,Bhandara,Within the state of enumeration,1098885,558182,540703,933351,472945,460406,165534,85237,80297
2001,Bhandara,States in India beyond the state of enumeration,36810,15024,21786,26920,10741,16179,9890,4283,5607
2001,Gondia,Within the state of enumeration,1138858,582203,556655,1012339,515309,497030,126519,66894,59625
2001,Gondia,States in India beyond the state of enumeration,58402,14902,43500,42425,9441,32984,15977,5461,10516
2001,Gadchiroli,Within the state of enumeration,924158,471284,452874,859307,437975,421332,64851,33309,31542
2001,Gadchiroli,States in India beyond the state of enumeration,33258,13169,20089,31011,12105,18906,2247,1064,1183
2001,Chandrapur,Within the state of enumeration,1951946,1001754,950192,1361271,693643,667628,590675,308111,282564
2001,Chandrapur,States in India beyond the state of enumeration,115433,59201,56232,44403,22594,21809,71030,36607,34423
2001,Yavatmal,Within the state of enumeration,2413562,1244897,1168665,1972296,1016219,956077,441266,228678,212588
2001,Yavatmal,States in India beyond the state of enumeration,44055,20424,23631,28654,13237,15417,15401,7187,8214
2001,Nanded,Within the state of enumeration,2814114,1465217,1348897,2152638,1118213,1034425,661476,347004,314472
2001,Nanded,States in India beyond the state of enumeration,61870,15970,45900,34508,5223,29285,27362,10747,16615
2001,Hingoli,Within the state of enumeration,983752,503944,479808,832033,425348,406685,151719,78596,73123
2001,Hingoli,States in India beyond the state of enumeration,3365,1400,1965,1080,480,600,2285,920,1365
2001,Parbhani,Within the state of enumeration,1520317,776867,743450,1041398,529267,512131,478919,247600,231319
2001,Parbhani,States in India beyond the state of enumeration,7283,3259,4024,1116,455,661,6167,2804,3363
2001,Jalna,Within the state of enumeration,1606158,823965,782193,1301907,666104,635803,304251,157861,146390
2001,Jalna,States in India beyond the state of enumeration,6658,2833,3825,3154,1300,1854,3504,1533,1971
2001,Chhatrapati Sambhaji Nagar,Within the state of enumeration,2845347,1477405,1367942,1800060,929094,870966,1045287,548311,496976
2001,Chhatrapati Sambhaji Nagar,States in India beyond the state of enumeration,50476,27261,23215,9585,5586,3999,40891,21675,19216
2001,Nashik,Within the state of enumeration,4827475,2496162,2331313,3027691,1555384,1472307,1799784,940778,859006
2001,Nashik,States in India beyond the state of enumeration,161677,91980,69697,28120,15525,12595,133557,76455,57102
2001,Thane,Within the state of enumeration,6339847,3269262,3070585,2108551,1066723,1041828,4231296,2202539,2028757
2001,Thane,States in India beyond the state of enumeration,1745551,1082485,663066,118778,79927,38851,1626773,1002558,624215
2001,Mumbai Suburban,Within the state of enumeration,6175101,3236589,2938512,0,0,0,6175101,3236589,2938512
2001,Mumbai Suburban,States in India beyond the state of enumeration,2409402,1473720,935682,0,0,0,2409402,1473720,935682
2001,Mumbai City,Within the state of enumeration,2557406,1377625,1179781,0,0,0,2557406,1377625,1179781
2001,Mumbai City,States in India beyond the state of enumeration,762326,490830,271496,0,0,0,762326,490830,271496
2001,Raigad,Within the state of enumeration,2059144,1024924,1034220,1611092,793183,817909,448052,231741,216311
2001,Raigad,States in India beyond the state of enumeration,145690,90572,55118,60536,39733,20803,85154,50839,34315
2001,Pune,Within the state of enumeration,6641678,3431546,3210132,2972979,1519671,1453308,3668699,1911875,1756824
2001,Pune,States in India beyond the state of enumeration,572032,326855,245177,57465,36871,20594,514567,289984,224583
2001,Ahilyanagar,Within the state of enumeration,3995649,2057629,1938020,3221964,1652957,1569007,773685,404672,369013
2001,Ahilyanagar,States in India beyond the state of enumeration,43198,24406,18792,14549,8571,5978,28649,15835,12814
2001,Beed,Within the state of enumeration,2152758,1112151,1040607,1770644,913355,857289,382114,198796,183318
2001,Beed,States in India beyond the state of enumeration,8328,4105,4223,3459,1675,1784,4869,2430,2439
2001,Latur,Within the state of enumeration,2035163,1063301,971862,1561707,814454,747253,473456,248847,224609
2001,Latur,States in India beyond the state of enumeration,45019,11883,33136,28297,4945,23352,16722,6938,9784
2001,Dharashiv,Within the state of enumeration,1466220,764004,702216,1239478,645302,594176,226742,118702,108040
2001,Dharashiv,States in India beyond the state of enumeration,20306,5331,14975,13822,2956,10866,6484,2375,4109
2001,Solapur,Within the state of enumeration,3772002,1960992,1811010,2594039,1353756,1240283,1177963,607236,570727
2001,Solapur,States in India beyond the state of enumeration,77192,28460,48732,30142,9591,20551,47050,18869,28181
2001,Satara,Within the state of enumeration,2745590,1372395,1373195,2365788,1175851,1189937,379802,196544,183258
2001,Satara,States in India beyond the state of enumeration,62685,35466,27219,44725,25731,18994,17960,9735,8225
2001,Ratnagiri,Within the state of enumeration,1632669,753922,878747,1457977,665743,792234,174692,88179,86513
2001,Ratnagiri,States in India beyond the state of enumeration,62685,39467,23218,45431,28920,16511,17254,10547,6707
2001,Sindhudurg,Within the state of enumeration,826689,398311,428378,752593,361005,391588,74096,37306,36790
2001,Sindhudurg,States in India beyond the state of enumeration,41785,19368,22417,33651,15109,18542,8134,4259,3875
2001,Kolhapur,Within the state of enumeration,3253682,1693969,1559713,2332993,1209232,1123761,920689,484737,435952
2001,Kolhapur,States in India beyond the state of enumeration,267041,112364,154677,138880,50601,88279,128161,61763,66398
2001,Sangli,Within the state of enumeration,2459051,1269162,1189889,1880430,968022,912408,578621,301140,277481
2001,Sangli,States in India beyond the state of enumeration,123881,50585,73296,69675,25996,43679,54206,24589,29617
2011,Nandurbar,Within the state of enumeration,1567585,804178,763407,1322434,674363,648071,245151,129815,115336
2011,Nandurbar,States in India beyond the state of enumeration,77036,27167,49869,47705,11996,35709,29331,15171,14160
2011,Dhule,Within the state of enumeration,1978768,1026484,952284,1434101,742503,691598,544667,283981,260686
2011,Dhule,States in India beyond the state of enumeration,70855,26952,43903,45170,16137,29033,25685,10815,14870
2011,Jalgaon,Within the state of enumeration,4059491,2127365,1932126,2792357,1462929,1329428,1267134,664436,602698
2011,Jalgaon,States in India beyond the state of enumeration,166079,67832,98247,93069,36748,56321,73010,31084,41926
2011,Buldana,Within the state of enumeration,2557013,1325287,1231726,2021104,1048214,972890,535909,277073,258836
2011,Buldana,States in India beyond the state of enumeration,28333,11891,16442,15781,6823,8958,12552,5068,7484
2011,Akola,Within the state of enumeration,1784540,920572,863968,1087051,560971,526080,697489,359601,337888
2011,Akola,States in India beyond the state of enumeration,28175,11214,16961,6716,2780,3936,21459,8434,13025
2011,Washim,Within the state of enumeration,1190426,617310,573116,982217,510010,472207,208209,107300,100909
2011,Washim,States in India beyond the state of enumeration,5283,2155,3128,2345,1022,1323,2938,1133,1805
2011,Amravati,Within the state of enumeration,2800409,1449129,1351280,1798294,932563,865731,1002115,516566,485549
2011,Amravati,States in India beyond the state of enumeration,85436,30448,54988,52092,17757,34335,33344,12691,20653
2011,Wardha,Within the state of enumeration,1265606,651525,614081,862990,444635,418355,402616,206890,195726
2011,Wardha,States in India beyond the state of enumeration,32787,15538,17249,13164,6465,6699,19623,9073,10550
2011,Nagpur,Within the state of enumeration,4150706,2139993,2010713,1367147,708207,658940,2783559,1431786,1351773
2011,Nagpur,States in India beyond the state of enumeration,495660,241289,254371,106959,49773,57186,388701,191516,197185
2011,Bhandara,Within the state of enumeration,1167086,593591,573495,946746,481227,465519,220340,112364,107976
2011,Bhandara,States in India beyond the state of enumeration,31503,10993,20510,18566,5597,12969,12937,5396,7541
2011,Gondia,Within the state of enumeration,1246616,641513,605103,1048888,537939,510949,197728,103574,94154
2011,Gondia,States in India beyond the state of enumeration,71242,17693,53549,44031,8135,35896,27211,9558,17653
2011,Gadchiroli,Within the state of enumeration,1029851,525506,504345,916532,467181,449351,113319,58325,54994
2011,Gadchiroli,States in India beyond the state of enumeration,30840,9502,21338,26429,7935,18494,4411,1567,2844
2011,Chandrapur,Within the state of enumeration,2093803,1071583,1022220,1397559,712030,685529,696244,359553,336691
2011,Chandrapur,States in India beyond the state of enumeration,107063,50478,56585,30737,13793,16944,76326,36685,39641
2011,Yavatmal,Within the state of enumeration,2729001,1402820,1326181,2148475,1105555,1042920,580526,297265,283261
2011,Yavatmal,States in India beyond the state of enumeration,42024,16513,25511,24937,9232,15705,17087,7281,9806
2011,Nanded,Within the state of enumeration,3277374,1711592,1565782,2402350,1253091,1149259,875024,458501,416523
2011,Nanded,States in India beyond the state of enumeration,83216,18182,65034,44714,4959,39755,38502,13223,25279
2011,Hingoli,Within the state of enumeration,1172437,604312,568125,996668,513602,483066,175769,90710,85059
2011,Hingoli,States in India beyond the state of enumeration,4372,1727,2645,1517,622,895,2855,1105,1750
2011,Parbhani,Within the state of enumeration,1826147,938831,887316,1264144,651095,613049,562003,287736,274267
2011,Parbhani,States in India beyond the state of enumeration,8603,3383,5220,1395,438,957,7208,2945,4263
2011,Jalna,Within the state of enumeration,1946219,1005362,940857,1578554,815808,762746,367665,189554,178111
2011,Jalna,States in India beyond the state of enumeration,12146,5827,6319,2685,1342,1343,9461,4485,4976
2011,Chhatrapati Sambhaji Nagar,Within the state of enumeration,3632207,1888989,1743218,2072575,1077527,995048,1559632,811462,748170
2011,Chhatrapati Sambhaji Nagar,States in India beyond the state of enumeration,66674,34253,32421,7851,3976,3875,58823,30277,28546
2011,Nashik,Within the state of enumeration,5884117,3038331,2845786,3473291,1788206,1685085,2410826,1250125,1160701
2011,Nashik,States in India beyond the state of enumeration,216074,115188,100886,34524,15545,18979,181550,99643,81907
2011,Thane,Within the state of enumeration,8488311,4362993,4125318,2393727,1208593,1185134,6094584,3154400,2940184
2011,Thane,States in India beyond the state of enumeration,2523605,1476245,1047360,148663,90008,58655,2374942,1386237,988705
2011,Mumbai Suburban,Within the state of enumeration,6619681,3439613,3180068,0,0,0,6619681,3439613,3180068
2011,Mumbai Suburban,States in India beyond the state of enumeration,2665572,1552829,1112743,0,0,0,2665572,1552829,1112743
2011,Mumbai,Within the state of enumeration,2287520,1198635,1088885,0,0,0,2287520,1198635,1088885
2011,Mumbai,States in India beyond the state of enumeration,776423,474586,301837,0,0,0,776423,474586,301837
2011,Raigad,Within the state of enumeration,2389972,1203177,1186795,1603969,799009,804960,786003,404168,381835
2011,Raigad,States in India beyond the state of enumeration,238615,138225,100390,57830,36882,20948,180785,101343,79442
2011,Pune,Within the state of enumeration,8445104,4368014,4077090,3557518,1832029,1725489,4887586,2535985,2351601
2011,Pune,States in India beyond the state of enumeration,947990,537092,410898,115554,68961,46593,832436,468131,364305
2011,Ahilyanagar,Within the state of enumeration,4485762,2314760,2171002,3606854,1861208,1745646,878908,453552,425356
2011,Ahilyanagar,States in India beyond the state of enumeration,47177,24083,23094,16750,9074,7676,30427,15009,15418
2011,Beed,Within the state of enumeration,2575667,1345033,1230634,2067420,1081570,985850,508247,263463,244784
2011,Beed,States in India beyond the state of enumeration,8564,3781,4783,2827,1256,1571,5737,2525,3212
2011,Latur,Within the state of enumeration,2387747,1256626,1131121,1790821,944167,846654,596926,312459,284467
2011,Latur,States in India beyond the state of enumeration,65318,15948,49370,37759,5229,32530,27559,10719,16840
2011,Dharashiv,Within the state of enumeration,1629970,854240,775730,1357671,712110,645561,272299,142130,130169
2011,Dharashiv,States in India beyond the state of enumeration,25683,6276,19407,17283,3289,13994,8400,2987,5413
2011,Solapur,Within the state of enumeration,4165946,2174181,1991765,2852559,1497968,1354591,1313387,676213,637174
2011,Solapur,States in India beyond the state of enumeration,148724,52282,96442,64200,19580,44620,84524,32702,51822
2011,Satara,Within the state of enumeration,2937231,1476122,1461109,2398813,1201373,1197440,538418,274749,263669
2011,Satara,States in India beyond the state of enumeration,64291,33618,30673,33046,17649,15397,31245,15969,15276
2011,Ratnagiri,Within the state of enumeration,1572165,737030,835135,1326256,615633,710623,245909,121397,124512
2011,Ratnagiri,States in India beyond the state of enumeration,41057,22954,18103,23673,13668,10005,17384,9286,8098
2011,Sindhudurg,Within the state of enumeration,799812,394673,405139,705313,346823,358490,94499,47850,46649
2011,Sindhudurg,States in India beyond the state of enumeration,47439,21344,26095,35344,15353,19991,12095,5991,6104
2011,Kolhapur,Within the state of enumeration,3512353,1826678,1685675,2452645,1274738,1177907,1059708,551940,507768
2011,Kolhapur,States in India beyond the state of enumeration,360101,152200,207901,191732,73234,118498,168369,78966,89403
2011,Sangli,Within the state of enumeration,2633856,1360403,1273453,1992395,1029696,962699,641461,330707,310754
2011,Sangli,States in India beyond the state of enumeration,184464,73380,111084,107746,40059,67687,76718,33321,43397
