Year,District,Rural/Urban,Total,Male,Female
1991,Mumbai,Urban,9925891,5460145,4465746
1991,Thane,Rural,1855919,949619,906300
1991,Thane,Urban,3393207,1843255,1549952
1991,Raigad,Rural,1496176,735388,760788
1991,Raigad,Urban,328640,172519,156121
1991,Ratnagiri,Rural,1406001,630502,775499
1991,Ratnagiri,Urban,138056,69688,68368
1991,Sindhudurg,Rural,769002,357773,411229
1991,Sindhudurg,Urban,63150,31611,31539
1991,Nashik,Rural,2482267,1269908,1212359
1991,Nashik,Urban,1369085,715065,654020
1991,Dhule,Rural,1999822,1015876,983946
1991,Dhule,Urban,519841,271212,248629
1991,Jalgaon,Rural,2312965,1187625,1125340
1991,Jalgaon,Urban,874669,455248,419421
1991,Ahilyanagar,Rural,2839454,1452006,1387448
1991,Ahilyanagar,Urban,533481,278603,254878
1991,Pune,Rural,2725503,1387461,1338042
1991,Pune,Urban,2807029,1473999,1333030
1991,Satara,Rural,2135532,1044421,1091111
1991,Satara,Urban,315840,163954,151886
1991,Sangli,Rural,1707041,868447,838594
1991,Sangli,Urban,502447,260074,242373
1991,Solapur,Rural,2301574,1192575,1108999
1991,Solapur,Urban,929483,477941,451542
1991,Kolhapur,Rural,2202505,1113588,1088917
1991,Kolhapur,Urban,787002,411144,375858
1991,Chh. Sambhaji Nagar,Rural,1488636,766816,721820
1991,Chh. Sambhaji Nagar,Urban,725143,384877,340266
1991,Jalna,Rural,1133697,577290,556407
1991,Jalna,Urban,230728,119508,111220
1991,Parbhani,Rural,1640436,835976,804460
1991,Parbhani,Urban,476599,247818,228781
1991,Beed,Rural,1495104,765849,729255
1991,Beed,Urban,326968,171561,155407
1991,Nanded,Rural,1824234,933311,890923
1991,Nanded,Urban,506140,264565,241575
1991,Dharashiv,Rural,1082447,557064,525383
1991,Dharashiv,Urban,193880,101832,92048
1991,Latur,Rural,1334773,683066,651707
1991,Latur,Urban,341868,180137,161731
1991,Buldhana,Rural,1497964,765107,732857
1991,Buldhana,Urban,388335,200910,187425
1991,Akola,Rural,1579940,812857,767083
1991,Akola,Urban,634331,329291,305040
1991,Amravati,Rural,1482928,763514,719414
1991,Amravati,Urban,717129,372800,344329
1991,Yavatmal,Rural,1720213,879017,841196
1991,Yavatmal,Urban,356931,185405,171526
1991,Wardha,Rural,783840,403503,380337
1991,Wardha,Urban,283517,146867,136650
1991,Nagpur,Rural,1256225,649900,606325
1991,Nagpur,Urban,2030914,1060504,970410
1991,Bhandara,Rural,1831735,918913,912822
1991,Bhandara,Urban,275894,141362,134532
1991,Chandrapur,Rural,1275171,648234,626937
1991,Chandrapur,Urban,496823,261553,235270
1991,Gadchiroli,Rural,718445,362474,355971
1991,Gadchiroli,Urban,68565,35890,32675
2001,Ahilyanagar,Rural,3236945,1661811,1575134
2001,Ahilyanagar,Urban,777711,407432,370279
2001,Akola,Rural,1004702,518475,486227
2001,Akola,Urban,627497,323788,303709
2001,Amravati,Rural,1705015,879073,825942
2001,Amravati,Urban,899579,465227,434352
2001,Chh. Sambhaji Nagar,Rural,1820218,940080,880138
2001,Chh. Sambhaji Nagar,Urban,1087150,570550,516600
2001,Beed,Rural,1772681,914315,858366
2001,Beed,Urban,387070,201285,185785
2001,Bhandara,Rural,960418,483768,476650
2001,Bhandara,Urban,175728,89677,86051
2001,Buldhana,Rural,1759097,902445,856652
2001,Buldhana,Urban,473383,244958,228425
2001,Chandrapur,Rural,1406034,716461,689573
2001,Chandrapur,Urban,665067,346532,318535
2001,Dhule,Rural,1262062,646364,615698
2001,Dhule,Urban,445885,232008,213877
2001,Gadchiroli,Rural,903033,456647,446386
2001,Gadchiroli,Urban,67261,34454,32807
2001,Gondia,Rural,1057276,526022,531254
2001,Gondia,Urban,143431,72812,70619
2001,Hingoli,Rural,833130,425840,407290
2001,Hingoli,Urban,147429,76077,71352
2001,Jalgaon,Rural,2616196,1349924,1266272
2001,Jalgaon,Urban,1052794,548462,504332
2001,Jalna,Rural,1296259,662930,633329
2001,Jalna,Urban,307865,159462,148403
2001,Kolhapur,Rural,2472809,1260239,1212570
2001,Kolhapur,Urban,1050353,547231,503122
2001,Latur,Rural,1590024,819413,770611
2001,Latur,Urban,490261,255844,234417
2001,Mumbai,Urban,8640419,4741720,3898699
2001,Nanded,Rural,2171476,1115325,1056151
2001,Nanded,Urban,689064,357890,331174
2001,Nandurbar,Rural,1109036,558513,550523
2001,Nandurbar,Urban,199079,103076,96003
2001,Nashik,Rural,3053132,1569601,1483531
2001,Nashik,Urban,1937556,1019691,917865
2001,Dharashiv,Rural,1253330,648276,605054
2001,Dharashiv,Urban,233256,121092,112164
2001,Palghar,Rural,1263354,645028,618326
2001,Palghar,Urban,378661,201965,176696
2001,Parbhani,Rural,1042529,529729,512800
2001,Parbhani,Urban,485186,250462,234724
2001,Pune,Rural,3031718,1557463,1474255
2001,Pune,Urban,4192861,2207380,1985481
2001,Raigad,Rural,1673094,833965,839129
2001,Raigad,Urban,534835,283663,251172
2001,Ratnagiri,Rural,1504568,695635,808933
2001,Ratnagiri,Urban,189002,97217,91785
2001,Sangli,Rural,1950306,994155,956151
2001,Sangli,Urban,629296,324036,305260
2001,Satara,Rural,2410873,1201817,1209056
2001,Satara,Urban,382343,198283,184060
2001,Sindhudurg,Rural,786506,376272,410234
2001,Sindhudurg,Urban,82319,41618,40701
2001,Solapur,Rural,2624259,1363390,1260869
2001,Solapur,Urban,1225284,626233,599051
2001,Thane,Rural,803191,415270,387921
2001,Thane,Urban,5189749,2849847,2339902
2001,Washim,Rural,842377,434070,408307
2001,Washim,Urban,178445,92328,86117
2001,Yavatmal,Rural,1991849,1024780,967069
2001,Yavatmal,Urban,453095,233915,219180
2011,Ahilyanagar,Rural,3630542,1872907,1757635
2011,Ahilyanagar,Urban,912617,469918,442699
2011,Akola,Rural,1097098,565414,531684
2011,Akola,Urban,719741,368401,351340
2011,Amravati,Rural,1848225,949152,899073
2011,Amravati,Urban,1037287,530135,507152
2011,Chh. Sambhaji Nagar,Rural,2087258,1084999,1002259
2011,Chh. Sambhaji Nagar,Urban,1620170,842644,777526
2011,Beed,Rural,2069123,1082147,986976
2011,Beed,Urban,514298,266128,248170
2011,Bhandara,Rural,966503,487484,479019
2011,Bhandara,Urban,233831,118036,115795
2011,Buldhana,Rural,2037398,1055242,982156
2011,Buldhana,Urban,548860,282318,266542
2011,Chandrapur,Rural,1428929,726106,702823
2011,Chandrapur,Urban,775378,397728,377650
2011,Dhule,Rural,1479826,758916,720910
2011,Dhule,Urban,571036,295115,275921
2011,Gadchiroli,Rural,954909,481290,473619
2011,Gadchiroli,Urban,118033,60038,57995
2011,Gondia,Rural,1096577,547934,548643
2011,Gondia,Urban,225930,113620,112310
2011,Hingoli,Rural,998612,514430,484182
2011,Hingoli,Urban,178733,91864,86869
2011,Jalgaon,Rural,2887206,1500514,1386692
2011,Jalgaon,Urban,1342711,696851,645860
2011,Jalna,Rural,1577099,814936,762163
2011,Jalna,Urban,377429,194194,183235
2011,Kolhapur,Rural,2645992,1348815,1297177
2011,Kolhapur,Urban,1230009,631843,598166
2011,Latur,Rural,1829216,949707,879509
2011,Latur,Urban,624980,323433,301547
2011,Mumbai,Urban,9356962,5031323,4325639
2011,Nagpur,Rural,1474811,758357,716454
2011,Nagpur,Urban,3178759,1626618,1552141
2011,Nanded,Rural,2447394,1258160,1189234
2011,Nanded,Urban,913898,471915,441983
2011,Nandurbar,Rural,1372821,687671,685150
2011,Nandurbar,Urban,275474,145499,129975
2011,Nashik,Rural,3509814,1804712,1705102
2011,Nashik,Urban,2597373,1352474,1244899
2011,Dharashiv,Rural,1376519,716237,660282
2011,Dharashiv,Urban,281057,145298,135759
2011,Palghar,Rural,1428678,715920,712758
2011,Palghar,Urban,1561438,829859,731579
2011,Parbhani,Rural,1266280,651886,614394
2011,Parbhani,Urban,569806,290984,278822
2011,Pune,Rural,3678226,1903440,1774786
2011,Pune,Urban,5751182,3020665,2730517
2011,Raigad,Rural,1664005,836996,827009
2011,Raigad,Urban,970195,507349,462846
2011,Ratnagiri,Rural,1351346,630213,721133
2011,Ratnagiri,Urban,263723,130908,132815
2011,Sangli,Rural,2102786,1071124,1031662
2011,Sangli,Urban,719357,364604,354753
2011,Satara,Rural,2433363,1219749,1213614
2011,Satara,Urban,570378,291093,279285
2011,Sindhudurg,Rural,742645,363268,379377
2011,Sindhudurg,Urban,107006,54064,52942
2011,Solapur,Rural,2918665,1518343,1400322
2011,Solapur,Urban,1399091,709509,689582
2011,Thane,Rural,1116792,584216,532576
2011,Thane,Urban,6953240,3735083,3218157
2011,Wardha,Rural,877474,451874,425600
2011,Wardha,Urban,423300,216511,206789
2011,Washim,Rural,985747,511727,474020
2011,Washim,Urban,211413,108575,102838
2011,Yavatmal,Rural,2174195,1115148,1059047
2011,Yavatmal,Urban,598153,304817,293336
