District,Year,Items,Units
Ahilyanagar,2012,Milk Powder,
Ahilyanagar,2012,White butter,15.98
Ahilyanagar,2012,Ghee,403.96
Ahilyanagar,2012,Energy Milk,13.02
Ahilyanagar,2012,Lassi,13.48
Ahilyanagar,2012,Masala Milk,
Ahilyanagar,2012,Sustainable cow's milk,
Ahilyanagar,2013,Milk Powder,0.0
Ahilyanagar,2013,White butter,30.75
Ahilyanagar,2013,Ghee,482.92
Ahilyanagar,2013,Energy Milk,0.0
Ahilyanagar,2013,Lassi,16.19
Ahilyanagar,2013,Masala Milk,0.0
Ahilyanagar,2013,Sustainable cow's milk,2.42
Ahilyanagar,2014,Milk Powder,0.0
Ahilyanagar,2014,White butter,53.0
Ahilyanagar,2014,Ghee,443.62
Ahilyanagar,2014,Energy Milk,11.52
Ahilyanagar,2014,Lassi,33.34
Ahilyanagar,2014,Masala Milk,0.0
Ahilyanagar,2014,Sustainable cow's milk,2.41
Ahilyanagar,2015,Milk Powder,0.0
Ahilyanagar,2015,White butter,132.03
Ahilyanagar,2015,Ghee,233.36
Ahilyanagar,2015,Energy Milk,7.44
Ahilyanagar,2015,Lassi,21.72
Ahilyanagar,2015,Masala Milk,0.0
Ahilyanagar,2015,Sustainable cow's milk,2.68
Ahilyanagar,2016,Milk Powder,0.0
Ahilyanagar,2016,White butter,132.0
Ahilyanagar,2016,Ghee,233.0
Ahilyanagar,2016,Energy Milk,7.36
Ahilyanagar,2016,Lassi,23.72
Ahilyanagar,2016,Masala Milk,0.0
Ahilyanagar,2016,Sustainable cow's milk,2.57
Ahilyanagar,2017,Milk Powder,0.0
Ahilyanagar,2017,White butter,130.0
Ahilyanagar,2017,Ghee,342.0
Ahilyanagar,2017,Energy Milk,7.2
Ahilyanagar,2017,Lassi,27.72
Ahilyanagar,2017,Masala Milk,0.0
Ahilyanagar,2017,Sustainable cow's milk,2.7
Ahilyanagar,2018,Milk Powder,256.0
Ahilyanagar,2018,White butter,133.0
Ahilyanagar,2018,Ghee,377.0
Ahilyanagar,2018,Energy Milk,7.2
Ahilyanagar,2018,Lassi,27.79
Ahilyanagar,2018,Masala Milk,0.0
Ahilyanagar,2018,Sustainable cow's milk,2.7
Ahilyanagar,2019,Milk Powder,300.0
Ahilyanagar,2019,White butter,147.0
Ahilyanagar,2019,Ghee,398.0
Ahilyanagar,2019,Energy Milk,7.3
Ahilyanagar,2019,Lassi,27.82
Ahilyanagar,2019,Masala Milk,0.0
Ahilyanagar,2019,Sustainable cow's milk,2.7
Ahilyanagar,2020,Milk Powder,310.0
Ahilyanagar,2020,White butter,150.0
Ahilyanagar,2020,Ghee,410.0
Ahilyanagar,2020,Energy Milk,7.4
Ahilyanagar,2020,Lassi,27.85
Ahilyanagar,2020,Masala Milk,0.0
Ahilyanagar,2020,Sustainable cow's milk,2.8
Ahilyanagar,2021,Milk Powder,315.0
Ahilyanagar,2021,White butter,153.0
Ahilyanagar,2021,Ghee,422.0
Ahilyanagar,2021,Energy Milk,7.5
Ahilyanagar,2021,Lassi,27.88
Ahilyanagar,2021,Masala Milk,
Ahilyanagar,2021,Sustainable cow's milk,2.8
Akola,2012,Milk Powder,0.0
Akola,2012,White butter,0.0
Akola,2012,Ghee,0.0
Akola,2012,Energy Milk,0.0
Akola,2012,Lassi,0.0
Akola,2012,Masala Milk,0.0
Akola,2012,Sustainable cow's milk,0.0
Akola,2013,Milk Powder,0.0
Akola,2013,White butter,0.0
Akola,2013,Ghee,0.0
Akola,2013,Energy Milk,0.0
Akola,2013,Lassi,0.0
Akola,2013,Masala Milk,0.0
Akola,2013,Sustainable cow's milk,0.0
Akola,2014,Milk Powder,0.0
Akola,2014,White butter,0.0
Akola,2014,Ghee,0.0
Akola,2014,Energy Milk,0.0
Akola,2014,Lassi,0.0
Akola,2014,Masala Milk,0.0
Akola,2014,Sustainable cow's milk,0.0
Akola,2015,Milk Powder,0.0
Akola,2015,White butter,0.0
Akola,2015,Ghee,0.0
Akola,2015,Energy Milk,0.0
Akola,2015,Lassi,0.0
Akola,2015,Masala Milk,0.0
Akola,2015,Sustainable cow's milk,0.0
Akola,2016,Milk Powder,0.0
Akola,2016,White butter,0.0
Akola,2016,Ghee,0.0
Akola,2016,Energy Milk,0.0
Akola,2016,Lassi,0.0
Akola,2016,Masala Milk,0.0
Akola,2016,Sustainable cow's milk,0.0
Akola,2017,Milk Powder,0.0
Akola,2017,White butter,0.0
Akola,2017,Ghee,0.0
Akola,2017,Energy Milk,0.0
Akola,2017,Lassi,0.0
Akola,2017,Masala Milk,0.0
Akola,2017,Sustainable cow's milk,0.0
Akola,2018,Milk Powder,0.0
Akola,2018,White butter,0.0
Akola,2018,Ghee,0.0
Akola,2018,Energy Milk,0.0
Akola,2018,Lassi,0.0
Akola,2018,Masala Milk,0.0
Akola,2018,Sustainable cow's milk,0.0
Akola,2019,Milk Powder,0.0
Akola,2019,White butter,0.0
Akola,2019,Ghee,0.0
Akola,2019,Energy Milk,0.0
Akola,2019,Lassi,0.0
Akola,2019,Masala Milk,0.0
Akola,2019,Sustainable cow's milk,0.0
Akola,2020,Milk Powder,0.0
Akola,2020,White butter,0.0
Akola,2020,Ghee,0.0
Akola,2020,Energy Milk,0.0
Akola,2020,Lassi,0.0
Akola,2020,Masala Milk,0.0
Akola,2020,Sustainable cow's milk,0.0
Akola,2021,Milk Powder,0.0
Akola,2021,White butter,0.0
Akola,2021,Ghee,0.0
Akola,2021,Energy Milk,0.0
Akola,2021,Lassi,0.0
Akola,2021,Masala Milk,0.0
Akola,2021,Sustainable cow's milk,0.0
Amravati,2012,Milk Powder,
Amravati,2012,White butter,
Amravati,2012,Ghee,
Amravati,2012,Energy Milk,
Amravati,2012,Lassi,
Amravati,2012,Masala Milk,
Amravati,2012,Sustainable cow's milk,40531.425
Amravati,2013,Milk Powder,
Amravati,2013,White butter,
Amravati,2013,Ghee,
Amravati,2013,Energy Milk,
Amravati,2013,Lassi,
Amravati,2013,Masala Milk,
Amravati,2013,Sustainable cow's milk,27789.18
Amravati,2014,Milk Powder,
Amravati,2014,White butter,
Amravati,2014,Ghee,
Amravati,2014,Energy Milk,
Amravati,2014,Lassi,
Amravati,2014,Masala Milk,
Amravati,2014,Sustainable cow's milk,27698.73
Amravati,2015,Milk Powder,
Amravati,2015,White butter,
Amravati,2015,Ghee,
Amravati,2015,Energy Milk,
Amravati,2015,Lassi,
Amravati,2015,Masala Milk,
Amravati,2015,Sustainable cow's milk,2424.27
Amravati,2016,Milk Powder,
Amravati,2016,White butter,
Amravati,2016,Ghee,
Amravati,2016,Energy Milk,
Amravati,2016,Lassi,
Amravati,2016,Masala Milk,
Amravati,2016,Sustainable cow's milk,846.97
Amravati,2017,Milk Powder,
Amravati,2017,White butter,
Amravati,2017,Ghee,
Amravati,2017,Energy Milk,
Amravati,2017,Lassi,
Amravati,2017,Masala Milk,
Amravati,2017,Sustainable cow's milk,650.78
Amravati,2018,Milk Powder,
Amravati,2018,White butter,
Amravati,2018,Ghee,
Amravati,2018,Energy Milk,
Amravati,2018,Lassi,
Amravati,2018,Masala Milk,
Amravati,2018,Sustainable cow's milk,38.05
Amravati,2019,Milk Powder,
Amravati,2019,White butter,
Amravati,2019,Ghee,
Amravati,2019,Energy Milk,
Amravati,2019,Lassi,
Amravati,2019,Masala Milk,
Amravati,2019,Sustainable cow's milk,25.39
Amravati,2020,Milk Powder,
Amravati,2020,White butter,
Amravati,2020,Ghee,
Amravati,2020,Energy Milk,
Amravati,2020,Lassi,
Amravati,2020,Masala Milk,
Amravati,2020,Sustainable cow's milk,26.43
Amravati,2021,Milk Powder,
Amravati,2021,White butter,
Amravati,2021,Ghee,
Amravati,2021,Energy Milk,
Amravati,2021,Lassi,
Amravati,2021,Masala Milk,
Amravati,2021,Sustainable cow's milk,15.09
Bhandara,2012,Milk Powder,
Bhandara,2012,White butter,191.0
Bhandara,2012,Ghee,9416.0
Bhandara,2012,Energy Milk,
Bhandara,2012,Lassi,
Bhandara,2012,Masala Milk,
Bhandara,2012,Sustainable cow's milk,6166360.0
Bhandara,2013,Milk Powder,
Bhandara,2013,White butter,109.0
Bhandara,2013,Ghee,7250.0
Bhandara,2013,Energy Milk,
Bhandara,2013,Lassi,
Bhandara,2013,Masala Milk,
Bhandara,2013,Sustainable cow's milk,6738650.0
Bhandara,2014,Milk Powder,
Bhandara,2014,White butter,303.0
Bhandara,2014,Ghee,6139.0
Bhandara,2014,Energy Milk,
Bhandara,2014,Lassi,
Bhandara,2014,Masala Milk,
Bhandara,2014,Sustainable cow's milk,6841150.0
Bhandara,2015,Milk Powder,172.0
Bhandara,2015,White butter,428.0
Bhandara,2015,Ghee,5718.0
Bhandara,2015,Energy Milk,
Bhandara,2015,Lassi,
Bhandara,2015,Masala Milk,
Bhandara,2015,Sustainable cow's milk,5656650.0
Bhandara,2016,Milk Powder,0.0
Bhandara,2016,White butter,525.0
Bhandara,2016,Ghee,6114.0
Bhandara,2016,Energy Milk,
Bhandara,2016,Lassi,
Bhandara,2016,Masala Milk,
Bhandara,2016,Sustainable cow's milk,5235616.0
Bhandara,2017,Milk Powder,718.31
Bhandara,2017,White butter,581.44
Bhandara,2017,Ghee,5090.1
Bhandara,2017,Energy Milk,
Bhandara,2017,Lassi,
Bhandara,2017,Masala Milk,
Bhandara,2017,Sustainable cow's milk,4351619.0
Bhandara,2018,Milk Powder,827.12
Bhandara,2018,White butter,544.4
Bhandara,2018,Ghee,4137.0
Bhandara,2018,Energy Milk,
Bhandara,2018,Lassi,
Bhandara,2018,Masala Milk,
Bhandara,2018,Sustainable cow's milk,4245625.0
Bhandara,2019,Milk Powder,4.7
Bhandara,2019,White butter,48.23
Bhandara,2019,Ghee,1215.0
Bhandara,2019,Energy Milk,
Bhandara,2019,Lassi,
Bhandara,2019,Masala Milk,
Bhandara,2019,Sustainable cow's milk,3958544.0
Bhandara,2020,Milk Powder,21.07
Bhandara,2020,White butter,76.896
Bhandara,2020,Ghee,2.0
Bhandara,2020,Energy Milk,
Bhandara,2020,Lassi,
Bhandara,2020,Masala Milk,
Bhandara,2020,Sustainable cow's milk,1644920.0
Bhandara,2021,Milk Powder,42.65
Bhandara,2021,White butter,32.8
Bhandara,2021,Ghee,1.0
Bhandara,2021,Energy Milk,
Bhandara,2021,Lassi,
Bhandara,2021,Masala Milk,
Bhandara,2021,Sustainable cow's milk,1417867.0
Buldhana,2013,Milk Powder,
Buldhana,2013,White butter,
Buldhana,2013,Ghee,
Buldhana,2013,Energy Milk,
Buldhana,2013,Lassi,
Buldhana,2013,Masala Milk,
Buldhana,2013,Sustainable cow's milk,
Buldhana,2014,Milk Powder,
Buldhana,2014,White butter,
Buldhana,2014,Ghee,
Buldhana,2014,Energy Milk,
Buldhana,2014,Lassi,
Buldhana,2014,Masala Milk,
Buldhana,2014,Sustainable cow's milk,
Buldhana,2015,Milk Powder,
Buldhana,2015,White butter,
Buldhana,2015,Ghee,
Buldhana,2015,Energy Milk,
Buldhana,2015,Lassi,
Buldhana,2015,Masala Milk,
Buldhana,2015,Sustainable cow's milk,
Buldhana,2016,Milk Powder,
Buldhana,2016,White butter,
Buldhana,2016,Ghee,
Buldhana,2016,Energy Milk,
Buldhana,2016,Lassi,
Buldhana,2016,Masala Milk,
Buldhana,2016,Sustainable cow's milk,
Buldhana,2017,Milk Powder,
Buldhana,2017,White butter,
Buldhana,2017,Ghee,
Buldhana,2017,Energy Milk,
Buldhana,2017,Lassi,
Buldhana,2017,Masala Milk,
Buldhana,2017,Sustainable cow's milk,
Buldhana,2018,Milk Powder,
Buldhana,2018,White butter,
Buldhana,2018,Ghee,
Buldhana,2018,Energy Milk,
Buldhana,2018,Lassi,
Buldhana,2018,Masala Milk,
Buldhana,2018,Sustainable cow's milk,
Buldhana,2019,Milk Powder,
Buldhana,2019,White butter,
Buldhana,2019,Ghee,
Buldhana,2019,Energy Milk,
Buldhana,2019,Lassi,
Buldhana,2019,Masala Milk,
Buldhana,2019,Sustainable cow's milk,592956.0
Buldhana,2020,Milk Powder,
Buldhana,2020,White butter,
Buldhana,2020,Ghee,
Buldhana,2020,Energy Milk,
Buldhana,2020,Lassi,
Buldhana,2020,Masala Milk,
Buldhana,2020,Sustainable cow's milk,789032.0
Buldhana,2021,Milk Powder,
Buldhana,2021,White butter,
Buldhana,2021,Ghee,
Buldhana,2021,Energy Milk,
Buldhana,2021,Lassi,
Buldhana,2021,Masala Milk,
Buldhana,2021,Sustainable cow's milk,614863.0
Chandrapur,2012,Milk Powder,0.0
Chandrapur,2012,White butter,0.0
Chandrapur,2012,Ghee,0.0
Chandrapur,2012,Energy Milk,0.0
Chandrapur,2012,Lassi,0.0
Chandrapur,2012,Masala Milk,0.0
Chandrapur,2012,Sustainable cow's milk,593.3
Chandrapur,2013,Milk Powder,0.0
Chandrapur,2013,White butter,0.0
Chandrapur,2013,Ghee,0.0
Chandrapur,2013,Energy Milk,0.0
Chandrapur,2013,Lassi,0.0
Chandrapur,2013,Masala Milk,0.0
Chandrapur,2013,Sustainable cow's milk,590.1
Chandrapur,2014,Milk Powder,0.0
Chandrapur,2014,White butter,0.0
Chandrapur,2014,Ghee,0.0
Chandrapur,2014,Energy Milk,0.0
Chandrapur,2014,Lassi,0.0
Chandrapur,2014,Masala Milk,0.0
Chandrapur,2014,Sustainable cow's milk,638.3
Chandrapur,2015,Milk Powder,0.0
Chandrapur,2015,White butter,0.0
Chandrapur,2015,Ghee,0.0
Chandrapur,2015,Energy Milk,0.0
Chandrapur,2015,Lassi,0.0
Chandrapur,2015,Masala Milk,0.0
Chandrapur,2015,Sustainable cow's milk,886.6
Chandrapur,2016,Milk Powder,0.0
Chandrapur,2016,White butter,0.0
Chandrapur,2016,Ghee,0.0
Chandrapur,2016,Energy Milk,0.0
Chandrapur,2016,Lassi,0.0
Chandrapur,2016,Masala Milk,0.0
Chandrapur,2016,Sustainable cow's milk,869.4
Chandrapur,2017,Milk Powder,0.0
Chandrapur,2017,White butter,0.0
Chandrapur,2017,Ghee,0.0
Chandrapur,2017,Energy Milk,0.0
Chandrapur,2017,Lassi,0.0
Chandrapur,2017,Masala Milk,0.0
Chandrapur,2017,Sustainable cow's milk,832.61
Chandrapur,2018,Milk Powder,0.0
Chandrapur,2018,White butter,0.0
Chandrapur,2018,Ghee,0.0
Chandrapur,2018,Energy Milk,0.0
Chandrapur,2018,Lassi,0.0
Chandrapur,2018,Masala Milk,0.0
Chandrapur,2018,Sustainable cow's milk,1041.04
Chandrapur,2019,Milk Powder,0.0
Chandrapur,2019,White butter,0.0
Chandrapur,2019,Ghee,0.0
Chandrapur,2019,Energy Milk,0.0
Chandrapur,2019,Lassi,0.0
Chandrapur,2019,Masala Milk,0.0
Chandrapur,2019,Sustainable cow's milk,678.63
Chandrapur,2020,Milk Powder,0.0
Chandrapur,2020,White butter,0.0
Chandrapur,2020,Ghee,0.0
Chandrapur,2020,Energy Milk,0.0
Chandrapur,2020,Lassi,0.0
Chandrapur,2020,Masala Milk,0.0
Chandrapur,2020,Sustainable cow's milk,774.43
Chandrapur,2021,Milk Powder,0.0
Chandrapur,2021,White butter,0.0
Chandrapur,2021,Ghee,0.0
Chandrapur,2021,Energy Milk,0.0
Chandrapur,2021,Lassi,0.0
Chandrapur,2021,Masala Milk,0.0
Chandrapur,2021,Sustainable cow's milk,739.61
Dhule,2012,Milk Powder,
Dhule,2012,White butter,
Dhule,2012,Ghee,
Dhule,2012,Energy Milk,
Dhule,2012,Lassi,
Dhule,2012,Masala Milk,
Dhule,2012,Sustainable cow's milk,
Dhule,2013,Milk Powder,
Dhule,2013,White butter,
Dhule,2013,Ghee,
Dhule,2013,Energy Milk,
Dhule,2013,Lassi,
Dhule,2013,Masala Milk,
Dhule,2013,Sustainable cow's milk,
Dhule,2014,Milk Powder,
Dhule,2014,White butter,
Dhule,2014,Ghee,
Dhule,2014,Energy Milk,
Dhule,2014,Lassi,
Dhule,2014,Masala Milk,
Dhule,2014,Sustainable cow's milk,
Dhule,2015,Milk Powder,
Dhule,2015,White butter,
Dhule,2015,Ghee,
Dhule,2015,Energy Milk,
Dhule,2015,Lassi,
Dhule,2015,Masala Milk,
Dhule,2015,Sustainable cow's milk,
Dhule,2016,Milk Powder,
Dhule,2016,White butter,
Dhule,2016,Ghee,
Dhule,2016,Energy Milk,
Dhule,2016,Lassi,
Dhule,2016,Masala Milk,
Dhule,2016,Sustainable cow's milk,
Dhule,2017,Milk Powder,
Dhule,2017,White butter,
Dhule,2017,Ghee,
Dhule,2017,Energy Milk,
Dhule,2017,Lassi,
Dhule,2017,Masala Milk,
Dhule,2017,Sustainable cow's milk,
Dhule,2018,Milk Powder,
Dhule,2018,White butter,
Dhule,2018,Ghee,
Dhule,2018,Energy Milk,
Dhule,2018,Lassi,
Dhule,2018,Masala Milk,
Dhule,2018,Sustainable cow's milk,
Dhule,2019,Milk Powder,
Dhule,2019,White butter,
Dhule,2019,Ghee,
Dhule,2019,Energy Milk,
Dhule,2019,Lassi,
Dhule,2019,Masala Milk,
Dhule,2019,Sustainable cow's milk,
Dhule,2020,Milk Powder,
Dhule,2020,White butter,
Dhule,2020,Ghee,
Dhule,2020,Energy Milk,
Dhule,2020,Lassi,
Dhule,2020,Masala Milk,
Dhule,2020,Sustainable cow's milk,
Dhule,2021,Milk Powder,
Dhule,2021,White butter,
Dhule,2021,Ghee,
Dhule,2021,Energy Milk,
Dhule,2021,Lassi,
Dhule,2021,Masala Milk,
Dhule,2021,Sustainable cow's milk,
Gadchiroli,2012,Milk Powder,
Gadchiroli,2012,White butter,
Gadchiroli,2012,Ghee,
Gadchiroli,2012,Energy Milk,
Gadchiroli,2012,Lassi,
Gadchiroli,2012,Masala Milk,
Gadchiroli,2012,Sustainable cow's milk,
Gadchiroli,2013,Milk Powder,
Gadchiroli,2013,White butter,
Gadchiroli,2013,Ghee,
Gadchiroli,2013,Energy Milk,
Gadchiroli,2013,Lassi,
Gadchiroli,2013,Masala Milk,
Gadchiroli,2013,Sustainable cow's milk,
Gadchiroli,2014,Milk Powder,
Gadchiroli,2014,White butter,
Gadchiroli,2014,Ghee,
Gadchiroli,2014,Energy Milk,
Gadchiroli,2014,Lassi,
Gadchiroli,2014,Masala Milk,
Gadchiroli,2014,Sustainable cow's milk,
Gadchiroli,2015,Milk Powder,
Gadchiroli,2015,White butter,
Gadchiroli,2015,Ghee,
Gadchiroli,2015,Energy Milk,
Gadchiroli,2015,Lassi,
Gadchiroli,2015,Masala Milk,
Gadchiroli,2015,Sustainable cow's milk,
Gadchiroli,2016,Milk Powder,
Gadchiroli,2016,White butter,
Gadchiroli,2016,Ghee,
Gadchiroli,2016,Energy Milk,
Gadchiroli,2016,Lassi,
Gadchiroli,2016,Masala Milk,
Gadchiroli,2016,Sustainable cow's milk,
Gadchiroli,2017,Milk Powder,
Gadchiroli,2017,White butter,
Gadchiroli,2017,Ghee,
Gadchiroli,2017,Energy Milk,
Gadchiroli,2017,Lassi,
Gadchiroli,2017,Masala Milk,
Gadchiroli,2017,Sustainable cow's milk,
Gadchiroli,2018,Milk Powder,
Gadchiroli,2018,White butter,
Gadchiroli,2018,Ghee,
Gadchiroli,2018,Energy Milk,
Gadchiroli,2018,Lassi,
Gadchiroli,2018,Masala Milk,
Gadchiroli,2018,Sustainable cow's milk,
Gadchiroli,2019,Milk Powder,
Gadchiroli,2019,White butter,
Gadchiroli,2019,Ghee,
Gadchiroli,2019,Energy Milk,
Gadchiroli,2019,Lassi,
Gadchiroli,2019,Masala Milk,
Gadchiroli,2019,Sustainable cow's milk,
Gadchiroli,2020,Milk Powder,
Gadchiroli,2020,White butter,
Gadchiroli,2020,Ghee,
Gadchiroli,2020,Energy Milk,
Gadchiroli,2020,Lassi,
Gadchiroli,2020,Masala Milk,
Gadchiroli,2020,Sustainable cow's milk,
Gadchiroli,2021,Milk Powder,
Gadchiroli,2021,White butter,
Gadchiroli,2021,Ghee,
Gadchiroli,2021,Energy Milk,
Gadchiroli,2021,Lassi,
Gadchiroli,2021,Masala Milk,
Gadchiroli,2021,Sustainable cow's milk,
Gondia,2012,Milk Powder,
Gondia,2012,White butter,
Gondia,2012,Ghee,
Gondia,2012,Energy Milk,
Gondia,2012,Lassi,
Gondia,2012,Masala Milk,
Gondia,2012,Sustainable cow's milk,
Gondia,2013,Milk Powder,
Gondia,2013,White butter,
Gondia,2013,Ghee,
Gondia,2013,Energy Milk,
Gondia,2013,Lassi,
Gondia,2013,Masala Milk,
Gondia,2013,Sustainable cow's milk,
Gondia,2014,Milk Powder,
Gondia,2014,White butter,
Gondia,2014,Ghee,
Gondia,2014,Energy Milk,
Gondia,2014,Lassi,
Gondia,2014,Masala Milk,
Gondia,2014,Sustainable cow's milk,
Gondia,2015,Milk Powder,
Gondia,2015,White butter,
Gondia,2015,Ghee,
Gondia,2015,Energy Milk,
Gondia,2015,Lassi,
Gondia,2015,Masala Milk,
Gondia,2015,Sustainable cow's milk,
Gondia,2016,Milk Powder,
Gondia,2016,White butter,
Gondia,2016,Ghee,
Gondia,2016,Energy Milk,
Gondia,2016,Lassi,
Gondia,2016,Masala Milk,
Gondia,2016,Sustainable cow's milk,
Gondia,2017,Milk Powder,
Gondia,2017,White butter,
Gondia,2017,Ghee,
Gondia,2017,Energy Milk,
Gondia,2017,Lassi,
Gondia,2017,Masala Milk,
Gondia,2017,Sustainable cow's milk,
Gondia,2018,Milk Powder,
Gondia,2018,White butter,
Gondia,2018,Ghee,
Gondia,2018,Energy Milk,
Gondia,2018,Lassi,
Gondia,2018,Masala Milk,
Gondia,2018,Sustainable cow's milk,
Gondia,2019,Milk Powder,
Gondia,2019,White butter,
Gondia,2019,Ghee,
Gondia,2019,Energy Milk,
Gondia,2019,Lassi,
Gondia,2019,Masala Milk,
Gondia,2019,Sustainable cow's milk,
Gondia,2020,Milk Powder,
Gondia,2020,White butter,
Gondia,2020,Ghee,
Gondia,2020,Energy Milk,
Gondia,2020,Lassi,
Gondia,2020,Masala Milk,
Gondia,2020,Sustainable cow's milk,
Gondia,2021,Milk Powder,
Gondia,2021,White butter,
Gondia,2021,Ghee,
Gondia,2021,Energy Milk,
Gondia,2021,Lassi,
Gondia,2021,Masala Milk,
Gondia,2021,Sustainable cow's milk,
Latur,2012,Milk Powder,
Latur,2012,White butter,
Latur,2012,Ghee,1.2
Latur,2012,Energy Milk,
Latur,2012,Lassi,
Latur,2012,Masala Milk,
Latur,2012,Sustainable cow's milk,
Latur,2013,Milk Powder,
Latur,2013,White butter,
Latur,2013,Ghee,1.5
Latur,2013,Energy Milk,
Latur,2013,Lassi,
Latur,2013,Masala Milk,
Latur,2013,Sustainable cow's milk,
Latur,2014,Milk Powder,295.16
Latur,2014,White butter,197.2
Latur,2014,Ghee,0.1
Latur,2014,Energy Milk,
Latur,2014,Lassi,
Latur,2014,Masala Milk,
Latur,2014,Sustainable cow's milk,
Latur,2015,Milk Powder,
Latur,2015,White butter,
Latur,2015,Ghee,
Latur,2015,Energy Milk,
Latur,2015,Lassi,
Latur,2015,Masala Milk,
Latur,2015,Sustainable cow's milk,
Latur,2016,Milk Powder,
Latur,2016,White butter,
Latur,2016,Ghee,
Latur,2016,Energy Milk,
Latur,2016,Lassi,
Latur,2016,Masala Milk,
Latur,2016,Sustainable cow's milk,
Latur,2017,Milk Powder,
Latur,2017,White butter,
Latur,2017,Ghee,
Latur,2017,Energy Milk,
Latur,2017,Lassi,
Latur,2017,Masala Milk,
Latur,2017,Sustainable cow's milk,
Latur,2018,Milk Powder,
Latur,2018,White butter,
Latur,2018,Ghee,
Latur,2018,Energy Milk,
Latur,2018,Lassi,
Latur,2018,Masala Milk,
Latur,2018,Sustainable cow's milk,
Latur,2019,Milk Powder,
Latur,2019,White butter,
Latur,2019,Ghee,
Latur,2019,Energy Milk,
Latur,2019,Lassi,
Latur,2019,Masala Milk,
Latur,2019,Sustainable cow's milk,
Latur,2020,Milk Powder,
Latur,2020,White butter,
Latur,2020,Ghee,
Latur,2020,Energy Milk,
Latur,2020,Lassi,
Latur,2020,Masala Milk,
Latur,2020,Sustainable cow's milk,
Latur,2021,Milk Powder,
Latur,2021,White butter,
Latur,2021,Ghee,
Latur,2021,Energy Milk,
Latur,2021,Lassi,
Latur,2021,Masala Milk,
Latur,2021,Sustainable cow's milk,
Mumbai Suburban,2016,Milk Powder,0.0
Mumbai Suburban,2016,White butter,0.0
Mumbai Suburban,2016,Ghee,150.837
Mumbai Suburban,2016,Energy Milk,2.76506
Mumbai Suburban,2016,Lassi,12.95903
Mumbai Suburban,2016,Masala Milk,0.0
Mumbai Suburban,2016,Sustainable cow's milk,20.39
Mumbai Suburban,2017,Milk Powder,774.87
Mumbai Suburban,2017,White butter,238.38
Mumbai Suburban,2017,Ghee,126.1
Mumbai Suburban,2017,Energy Milk,2.87
Mumbai Suburban,2017,Lassi,15.96
Mumbai Suburban,2017,Masala Milk,0.05
Mumbai Suburban,2017,Sustainable cow's milk,0.0
Mumbai Suburban,2018,Milk Powder,831.83
Mumbai Suburban,2018,White butter,405.31
Mumbai Suburban,2018,Ghee,94.1
Mumbai Suburban,2018,Energy Milk,256000.0
Mumbai Suburban,2018,Lassi,1901000.0
Mumbai Suburban,2018,Masala Milk,0.0
Mumbai Suburban,2018,Sustainable cow's milk,0.0
Mumbai Suburban,2019,Milk Powder,398.33
Mumbai Suburban,2019,White butter,202.66
Mumbai Suburban,2019,Ghee,86.71
Mumbai Suburban,2019,Energy Milk,253000.0
Mumbai Suburban,2019,Lassi,1865000.0
Mumbai Suburban,2019,Masala Milk,0.0
Mumbai Suburban,2019,Sustainable cow's milk,0.0
Mumbai Suburban,2020,Milk Powder,337.72
Mumbai Suburban,2020,White butter,179.66
Mumbai Suburban,2020,Ghee,100.6
Mumbai Suburban,2020,Energy Milk,173000.0
Mumbai Suburban,2020,Lassi,1196000.0
Mumbai Suburban,2020,Masala Milk,0.0
Mumbai Suburban,2020,Sustainable cow's milk,0.0
Mumbai Suburban,2021,Milk Powder,178.1
Mumbai Suburban,2021,White butter,94.8
Mumbai Suburban,2021,Ghee,100.6
Mumbai Suburban,2021,Energy Milk,603000.0
Mumbai Suburban,2021,Lassi,1359000.0
Mumbai Suburban,2021,Masala Milk,0.0
Mumbai Suburban,2021,Sustainable cow's milk,8565000.0
Mumbai City,2013,Milk Powder,0.0
Mumbai City,2013,White butter,0.0
Mumbai City,2013,Ghee,41.53
Mumbai City,2013,Energy Milk,26.92
Mumbai City,2013,Lassi,32.44
Mumbai City,2013,Masala Milk,7.56
Mumbai City,2013,Sustainable cow's milk,0.4
Mumbai City,2014,Milk Powder,0.0
Mumbai City,2014,White butter,0.0
Mumbai City,2014,Ghee,0.0
Mumbai City,2014,Energy Milk,49485.0
Mumbai City,2014,Lassi,933655.0
Mumbai City,2014,Masala Milk,156309.0
Mumbai City,2014,Sustainable cow's milk,0.0
Mumbai City,2015,Milk Powder,0.0
Mumbai City,2015,White butter,0.0
Mumbai City,2015,Ghee,0.0
Mumbai City,2015,Energy Milk,102537.0
Mumbai City,2015,Lassi,159512.0
Mumbai City,2015,Masala Milk,48765.0
Mumbai City,2015,Sustainable cow's milk,0.0
Mumbai City,2016,Milk Powder,0.0
Mumbai City,2016,White butter,0.0
Mumbai City,2016,Ghee,0.0
Mumbai City,2016,Energy Milk,0.0
Mumbai City,2016,Lassi,41270.0
Mumbai City,2016,Masala Milk,20025.0
Mumbai City,2016,Sustainable cow's milk,0.0
Mumbai City,2017,Milk Powder,0.0
Mumbai City,2017,White butter,0.0
Mumbai City,2017,Ghee,0.0
Mumbai City,2017,Energy Milk,0.0
Mumbai City,2017,Lassi,0.08
Mumbai City,2017,Masala Milk,0.05
Mumbai City,2017,Sustainable cow's milk,0.0
Mumbai City,2018,Milk Powder,0.0
Mumbai City,2018,White butter,0.0
Mumbai City,2018,Ghee,0.0
Mumbai City,2018,Energy Milk,0.0
Mumbai City,2018,Lassi,0.0
Mumbai City,2018,Masala Milk,0.0
Mumbai City,2018,Sustainable cow's milk,0.0
Mumbai City,2019,Milk Powder,0.0
Mumbai City,2019,White butter,0.0
Mumbai City,2019,Ghee,0.0
Mumbai City,2019,Energy Milk,0.0
Mumbai City,2019,Lassi,0.0
Mumbai City,2019,Masala Milk,0.0
Mumbai City,2019,Sustainable cow's milk,0.0
Mumbai City,2020,Milk Powder,0.0
Mumbai City,2020,White butter,0.0
Mumbai City,2020,Ghee,0.0
Mumbai City,2020,Energy Milk,0.0
Mumbai City,2020,Lassi,0.0
Mumbai City,2020,Masala Milk,0.0
Mumbai City,2020,Sustainable cow's milk,0.0
Mumbai City,2021,Milk Powder,0.0
Mumbai City,2021,White butter,0.0
Mumbai City,2021,Ghee,0.0
Mumbai City,2021,Energy Milk,0.0
Mumbai City,2021,Lassi,0.0
Mumbai City,2021,Masala Milk,0.0
Mumbai City,2021,Sustainable cow's milk,0.0
Nagpur,2012,Milk Powder,352.53
Nagpur,2012,White butter,206.76
Nagpur,2012,Ghee,8.85
Nagpur,2012,Energy Milk,
Nagpur,2012,Lassi,
Nagpur,2012,Masala Milk,
Nagpur,2012,Sustainable cow's milk,6809440.0
Nagpur,2013,Milk Powder,73.02
Nagpur,2013,White butter,43.18
Nagpur,2013,Ghee,15.38
Nagpur,2013,Energy Milk,
Nagpur,2013,Lassi,
Nagpur,2013,Masala Milk,
Nagpur,2013,Sustainable cow's milk,6852221.0
Nagpur,2014,Milk Powder,
Nagpur,2014,White butter,
Nagpur,2014,Ghee,
Nagpur,2014,Energy Milk,
Nagpur,2014,Lassi,
Nagpur,2014,Masala Milk,
Nagpur,2014,Sustainable cow's milk,
Nagpur,2015,Milk Powder,
Nagpur,2015,White butter,
Nagpur,2015,Ghee,
Nagpur,2015,Energy Milk,
Nagpur,2015,Lassi,
Nagpur,2015,Masala Milk,
Nagpur,2015,Sustainable cow's milk,
Nagpur,2016,Milk Powder,
Nagpur,2016,White butter,
Nagpur,2016,Ghee,
Nagpur,2016,Energy Milk,
Nagpur,2016,Lassi,
Nagpur,2016,Masala Milk,
Nagpur,2016,Sustainable cow's milk,
Nagpur,2017,Milk Powder,
Nagpur,2017,White butter,
Nagpur,2017,Ghee,
Nagpur,2017,Energy Milk,
Nagpur,2017,Lassi,
Nagpur,2017,Masala Milk,
Nagpur,2017,Sustainable cow's milk,
Nagpur,2018,Milk Powder,
Nagpur,2018,White butter,
Nagpur,2018,Ghee,
Nagpur,2018,Energy Milk,
Nagpur,2018,Lassi,
Nagpur,2018,Masala Milk,
Nagpur,2018,Sustainable cow's milk,
Nagpur,2019,Milk Powder,
Nagpur,2019,White butter,
Nagpur,2019,Ghee,
Nagpur,2019,Energy Milk,
Nagpur,2019,Lassi,
Nagpur,2019,Masala Milk,
Nagpur,2019,Sustainable cow's milk,
Nagpur,2020,Milk Powder,
Nagpur,2020,White butter,
Nagpur,2020,Ghee,
Nagpur,2020,Energy Milk,
Nagpur,2020,Lassi,
Nagpur,2020,Masala Milk,
Nagpur,2020,Sustainable cow's milk,
Nagpur,2021,Milk Powder,
Nagpur,2021,White butter,
Nagpur,2021,Ghee,
Nagpur,2021,Energy Milk,
Nagpur,2021,Lassi,
Nagpur,2021,Masala Milk,
Nagpur,2021,Sustainable cow's milk,
Nandurbar,2006,Milk Powder,
Nandurbar,2006,White butter,
Nandurbar,2006,Ghee,
Nandurbar,2006,Energy Milk,
Nandurbar,2006,Lassi,
Nandurbar,2006,Masala Milk,
Nandurbar,2006,Sustainable cow's milk,
Nandurbar,2008,Milk Powder,
Nandurbar,2008,White butter,
Nandurbar,2008,Ghee,
Nandurbar,2008,Energy Milk,
Nandurbar,2008,Lassi,
Nandurbar,2008,Masala Milk,
Nandurbar,2008,Sustainable cow's milk,
Nandurbar,2009,Milk Powder,0.0
Nandurbar,2009,White butter,0.0
Nandurbar,2009,Ghee,0.0
Nandurbar,2009,Energy Milk,0.0
Nandurbar,2009,Lassi,0.0
Nandurbar,2009,Masala Milk,0.0
Nandurbar,2009,Sustainable cow's milk,0.0
Nandurbar,2010,Milk Powder,0.0
Nandurbar,2010,White butter,0.0
Nandurbar,2010,Ghee,0.0
Nandurbar,2010,Energy Milk,0.0
Nandurbar,2010,Lassi,0.0
Nandurbar,2010,Masala Milk,0.0
Nandurbar,2010,Sustainable cow's milk,0.0
Nandurbar,2011,Milk Powder,0.0
Nandurbar,2011,White butter,0.0
Nandurbar,2011,Ghee,0.0
Nandurbar,2011,Energy Milk,0.0
Nandurbar,2011,Lassi,0.0
Nandurbar,2011,Masala Milk,0.0
Nandurbar,2011,Sustainable cow's milk,0.0
Nandurbar,2012,Milk Powder,0.0
Nandurbar,2012,White butter,0.0
Nandurbar,2012,Ghee,0.0
Nandurbar,2012,Energy Milk,0.0
Nandurbar,2012,Lassi,0.0
Nandurbar,2012,Masala Milk,0.0
Nandurbar,2012,Sustainable cow's milk,0.0
Nandurbar,2013,Milk Powder,0.0
Nandurbar,2013,White butter,0.0
Nandurbar,2013,Ghee,0.0
Nandurbar,2013,Energy Milk,0.0
Nandurbar,2013,Lassi,0.0
Nandurbar,2013,Masala Milk,0.0
Nandurbar,2013,Sustainable cow's milk,0.0
Nandurbar,2014,Milk Powder,0.0
Nandurbar,2014,White butter,0.0
Nandurbar,2014,Ghee,0.0
Nandurbar,2014,Energy Milk,0.0
Nandurbar,2014,Lassi,0.0
Nandurbar,2014,Masala Milk,0.0
Nandurbar,2014,Sustainable cow's milk,0.0
Nandurbar,2015,Milk Powder,0.0
Nandurbar,2015,White butter,0.0
Nandurbar,2015,Ghee,0.0
Nandurbar,2015,Energy Milk,0.0
Nandurbar,2015,Lassi,0.0
Nandurbar,2015,Masala Milk,0.0
Nandurbar,2015,Sustainable cow's milk,0.0
Nandurbar,2016,Milk Powder,0.0
Nandurbar,2016,White butter,0.0
Nandurbar,2016,Ghee,0.0
Nandurbar,2016,Energy Milk,0.0
Nandurbar,2016,Lassi,0.0
Nandurbar,2016,Masala Milk,0.0
Nandurbar,2016,Sustainable cow's milk,0.0
Nandurbar,2017,Milk Powder,0.0
Nandurbar,2017,White butter,0.0
Nandurbar,2017,Ghee,0.0
Nandurbar,2017,Energy Milk,0.0
Nandurbar,2017,Lassi,0.0
Nandurbar,2017,Masala Milk,0.0
Nandurbar,2017,Sustainable cow's milk,0.0
Nandurbar,2018,Milk Powder,0.0
Nandurbar,2018,White butter,0.0
Nandurbar,2018,Ghee,0.0
Nandurbar,2018,Energy Milk,0.0
Nandurbar,2018,Lassi,0.0
Nandurbar,2018,Masala Milk,0.0
Nandurbar,2018,Sustainable cow's milk,0.0
Nandurbar,2019,Milk Powder,0.0
Nandurbar,2019,White butter,0.0
Nandurbar,2019,Ghee,0.0
Nandurbar,2019,Energy Milk,0.0
Nandurbar,2019,Lassi,0.0
Nandurbar,2019,Masala Milk,0.0
Nandurbar,2019,Sustainable cow's milk,0.0
Nandurbar,2020,Milk Powder,0.0
Nandurbar,2020,White butter,0.0
Nandurbar,2020,Ghee,0.0
Nandurbar,2020,Energy Milk,0.0
Nandurbar,2020,Lassi,0.0
Nandurbar,2020,Masala Milk,0.0
Nandurbar,2020,Sustainable cow's milk,0.0
Nandurbar,2021,Milk Powder,
Nandurbar,2021,White butter,
Nandurbar,2021,Ghee,
Nandurbar,2021,Energy Milk,
Nandurbar,2021,Lassi,
Nandurbar,2021,Masala Milk,
Nandurbar,2021,Sustainable cow's milk,
Nashik,2012,Milk Powder,
Nashik,2012,White butter,
Nashik,2012,Ghee,
Nashik,2012,Energy Milk,
Nashik,2012,Lassi,
Nashik,2012,Masala Milk,
Nashik,2012,Sustainable cow's milk,
Nashik,2013,Milk Powder,
Nashik,2013,White butter,
Nashik,2013,Ghee,
Nashik,2013,Energy Milk,
Nashik,2013,Lassi,
Nashik,2013,Masala Milk,
Nashik,2013,Sustainable cow's milk,
Nashik,2014,Milk Powder,
Nashik,2014,White butter,
Nashik,2014,Ghee,
Nashik,2014,Energy Milk,
Nashik,2014,Lassi,
Nashik,2014,Masala Milk,
Nashik,2014,Sustainable cow's milk,
Nashik,2015,Milk Powder,
Nashik,2015,White butter,
Nashik,2015,Ghee,
Nashik,2015,Energy Milk,
Nashik,2015,Lassi,
Nashik,2015,Masala Milk,
Nashik,2015,Sustainable cow's milk,
Nashik,2016,Milk Powder,
Nashik,2016,White butter,
Nashik,2016,Ghee,
Nashik,2016,Energy Milk,
Nashik,2016,Lassi,
Nashik,2016,Masala Milk,
Nashik,2016,Sustainable cow's milk,
Nashik,2017,Milk Powder,
Nashik,2017,White butter,
Nashik,2017,Ghee,
Nashik,2017,Energy Milk,
Nashik,2017,Lassi,
Nashik,2017,Masala Milk,
Nashik,2017,Sustainable cow's milk,
Nashik,2018,Milk Powder,
Nashik,2018,White butter,
Nashik,2018,Ghee,
Nashik,2018,Energy Milk,
Nashik,2018,Lassi,
Nashik,2018,Masala Milk,
Nashik,2018,Sustainable cow's milk,
Nashik,2019,Milk Powder,
Nashik,2019,White butter,
Nashik,2019,Ghee,
Nashik,2019,Energy Milk,
Nashik,2019,Lassi,
Nashik,2019,Masala Milk,
Nashik,2019,Sustainable cow's milk,
Nashik,2020,Milk Powder,
Nashik,2020,White butter,
Nashik,2020,Ghee,
Nashik,2020,Energy Milk,
Nashik,2020,Lassi,
Nashik,2020,Masala Milk,
Nashik,2020,Sustainable cow's milk,
Nashik,2021,Milk Powder,
Nashik,2021,White butter,
Nashik,2021,Ghee,
Nashik,2021,Energy Milk,
Nashik,2021,Lassi,
Nashik,2021,Masala Milk,
Nashik,2021,Sustainable cow's milk,
Dharashiv,2012,Milk Powder,
Dharashiv,2012,White butter,
Dharashiv,2012,Ghee,
Dharashiv,2012,Energy Milk,
Dharashiv,2012,Lassi,
Dharashiv,2012,Masala Milk,
Dharashiv,2012,Sustainable cow's milk,
Dharashiv,2013,Milk Powder,
Dharashiv,2013,White butter,
Dharashiv,2013,Ghee,
Dharashiv,2013,Energy Milk,
Dharashiv,2013,Lassi,
Dharashiv,2013,Masala Milk,
Dharashiv,2013,Sustainable cow's milk,
Dharashiv,2014,Milk Powder,
Dharashiv,2014,White butter,
Dharashiv,2014,Ghee,
Dharashiv,2014,Energy Milk,
Dharashiv,2014,Lassi,
Dharashiv,2014,Masala Milk,
Dharashiv,2014,Sustainable cow's milk,
Dharashiv,2015,Milk Powder,
Dharashiv,2015,White butter,
Dharashiv,2015,Ghee,
Dharashiv,2015,Energy Milk,
Dharashiv,2015,Lassi,
Dharashiv,2015,Masala Milk,
Dharashiv,2015,Sustainable cow's milk,
Dharashiv,2016,Milk Powder,
Dharashiv,2016,White butter,
Dharashiv,2016,Ghee,
Dharashiv,2016,Energy Milk,
Dharashiv,2016,Lassi,
Dharashiv,2016,Masala Milk,
Dharashiv,2016,Sustainable cow's milk,
Dharashiv,2017,Milk Powder,
Dharashiv,2017,White butter,
Dharashiv,2017,Ghee,
Dharashiv,2017,Energy Milk,
Dharashiv,2017,Lassi,
Dharashiv,2017,Masala Milk,
Dharashiv,2017,Sustainable cow's milk,
Dharashiv,2018,Milk Powder,
Dharashiv,2018,White butter,
Dharashiv,2018,Ghee,
Dharashiv,2018,Energy Milk,
Dharashiv,2018,Lassi,
Dharashiv,2018,Masala Milk,
Dharashiv,2018,Sustainable cow's milk,
Dharashiv,2019,Milk Powder,
Dharashiv,2019,White butter,
Dharashiv,2019,Ghee,
Dharashiv,2019,Energy Milk,
Dharashiv,2019,Lassi,
Dharashiv,2019,Masala Milk,
Dharashiv,2019,Sustainable cow's milk,
Dharashiv,2020,Milk Powder,
Dharashiv,2020,White butter,
Dharashiv,2020,Ghee,
Dharashiv,2020,Energy Milk,
Dharashiv,2020,Lassi,
Dharashiv,2020,Masala Milk,
Dharashiv,2020,Sustainable cow's milk,
Dharashiv,2021,Milk Powder,
Dharashiv,2021,White butter,
Dharashiv,2021,Ghee,
Dharashiv,2021,Energy Milk,
Dharashiv,2021,Lassi,
Dharashiv,2021,Masala Milk,
Dharashiv,2021,Sustainable cow's milk,0.0
Palghar,2014,Milk Powder,
Palghar,2014,White butter,
Palghar,2014,Ghee,
Palghar,2014,Energy Milk,
Palghar,2014,Lassi,
Palghar,2014,Masala Milk,
Palghar,2014,Sustainable cow's milk,
Palghar,2015,Milk Powder,0.0
Palghar,2015,White butter,0.0
Palghar,2015,Ghee,0.0
Palghar,2015,Energy Milk,0.0
Palghar,2015,Lassi,0.0
Palghar,2015,Masala Milk,0.0
Palghar,2015,Sustainable cow's milk,0.0
Palghar,2016,Milk Powder,0.0
Palghar,2016,White butter,0.0
Palghar,2016,Ghee,0.0
Palghar,2016,Energy Milk,0.0
Palghar,2016,Lassi,0.0
Palghar,2016,Masala Milk,0.0
Palghar,2016,Sustainable cow's milk,0.0
Palghar,2017,Milk Powder,0.0
Palghar,2017,White butter,0.0
Palghar,2017,Ghee,0.0
Palghar,2017,Energy Milk,0.0
Palghar,2017,Lassi,0.0
Palghar,2017,Masala Milk,0.0
Palghar,2017,Sustainable cow's milk,0.0
Palghar,2018,Milk Powder,0.0
Palghar,2018,White butter,0.0
Palghar,2018,Ghee,0.0
Palghar,2018,Energy Milk,0.0
Palghar,2018,Lassi,0.0
Palghar,2018,Masala Milk,0.0
Palghar,2018,Sustainable cow's milk,0.0
Palghar,2019,Milk Powder,0.0
Palghar,2019,White butter,0.0
Palghar,2019,Ghee,0.0
Palghar,2019,Energy Milk,0.0
Palghar,2019,Lassi,0.0
Palghar,2019,Masala Milk,0.0
Palghar,2019,Sustainable cow's milk,0.0
Palghar,2020,Milk Powder,0.0
Palghar,2020,White butter,0.0
Palghar,2020,Ghee,0.0
Palghar,2020,Energy Milk,0.0
Palghar,2020,Lassi,0.0
Palghar,2020,Masala Milk,0.0
Palghar,2020,Sustainable cow's milk,0.0
Palghar,2021,Milk Powder,0.0
Palghar,2021,White butter,0.0
Palghar,2021,Ghee,0.0
Palghar,2021,Energy Milk,0.0
Palghar,2021,Lassi,0.0
Palghar,2021,Masala Milk,0.0
Palghar,2021,Sustainable cow's milk,0.0
Raigad,2012,Milk Powder,
Raigad,2012,White butter,
Raigad,2012,Ghee,
Raigad,2012,Energy Milk,
Raigad,2012,Lassi,
Raigad,2012,Masala Milk,
Raigad,2012,Sustainable cow's milk,
Raigad,2013,Milk Powder,0.0
Raigad,2013,White butter,0.0
Raigad,2013,Ghee,0.0
Raigad,2013,Energy Milk,0.0
Raigad,2013,Lassi,0.0
Raigad,2013,Masala Milk,0.0
Raigad,2013,Sustainable cow's milk,0.0
Raigad,2014,Milk Powder,0.0
Raigad,2014,White butter,0.0
Raigad,2014,Ghee,0.0
Raigad,2014,Energy Milk,0.0
Raigad,2014,Lassi,0.0
Raigad,2014,Masala Milk,0.0
Raigad,2014,Sustainable cow's milk,0.0
Raigad,2015,Milk Powder,0.0
Raigad,2015,White butter,0.0
Raigad,2015,Ghee,0.0
Raigad,2015,Energy Milk,0.0
Raigad,2015,Lassi,0.0
Raigad,2015,Masala Milk,0.0
Raigad,2015,Sustainable cow's milk,0.0
Raigad,2016,Milk Powder,
Raigad,2016,White butter,
Raigad,2016,Ghee,
Raigad,2016,Energy Milk,
Raigad,2016,Lassi,
Raigad,2016,Masala Milk,
Raigad,2016,Sustainable cow's milk,
Raigad,2017,Milk Powder,
Raigad,2017,White butter,
Raigad,2017,Ghee,
Raigad,2017,Energy Milk,
Raigad,2017,Lassi,
Raigad,2017,Masala Milk,
Raigad,2017,Sustainable cow's milk,
Raigad,2018,Milk Powder,
Raigad,2018,White butter,
Raigad,2018,Ghee,
Raigad,2018,Energy Milk,
Raigad,2018,Lassi,
Raigad,2018,Masala Milk,
Raigad,2018,Sustainable cow's milk,
Raigad,2019,Milk Powder,
Raigad,2019,White butter,
Raigad,2019,Ghee,
Raigad,2019,Energy Milk,
Raigad,2019,Lassi,
Raigad,2019,Masala Milk,
Raigad,2019,Sustainable cow's milk,
Raigad,2020,Milk Powder,
Raigad,2020,White butter,
Raigad,2020,Ghee,
Raigad,2020,Energy Milk,
Raigad,2020,Lassi,
Raigad,2020,Masala Milk,
Raigad,2020,Sustainable cow's milk,
Raigad,2021,Milk Powder,
Raigad,2021,White butter,
Raigad,2021,Ghee,
Raigad,2021,Energy Milk,
Raigad,2021,Lassi,
Raigad,2021,Masala Milk,
Raigad,2021,Sustainable cow's milk,
Ratnagiri,2006,Milk Powder,
Ratnagiri,2006,White butter,
Ratnagiri,2006,Ghee,
Ratnagiri,2006,Energy Milk,
Ratnagiri,2006,Lassi,
Ratnagiri,2006,Masala Milk,
Ratnagiri,2006,Sustainable cow's milk,
Ratnagiri,2008,Milk Powder,
Ratnagiri,2008,White butter,
Ratnagiri,2008,Ghee,
Ratnagiri,2008,Energy Milk,
Ratnagiri,2008,Lassi,
Ratnagiri,2008,Masala Milk,
Ratnagiri,2008,Sustainable cow's milk,
Ratnagiri,2009,Milk Powder,
Ratnagiri,2009,White butter,
Ratnagiri,2009,Ghee,
Ratnagiri,2009,Energy Milk,
Ratnagiri,2009,Lassi,
Ratnagiri,2009,Masala Milk,
Ratnagiri,2009,Sustainable cow's milk,
Ratnagiri,2010,Milk Powder,
Ratnagiri,2010,White butter,
Ratnagiri,2010,Ghee,
Ratnagiri,2010,Energy Milk,
Ratnagiri,2010,Lassi,
Ratnagiri,2010,Masala Milk,
Ratnagiri,2010,Sustainable cow's milk,
Ratnagiri,2011,Milk Powder,
Ratnagiri,2011,White butter,
Ratnagiri,2011,Ghee,
Ratnagiri,2011,Energy Milk,
Ratnagiri,2011,Lassi,
Ratnagiri,2011,Masala Milk,
Ratnagiri,2011,Sustainable cow's milk,
Ratnagiri,2012,Milk Powder,
Ratnagiri,2012,White butter,
Ratnagiri,2012,Ghee,
Ratnagiri,2012,Energy Milk,
Ratnagiri,2012,Lassi,
Ratnagiri,2012,Masala Milk,
Ratnagiri,2012,Sustainable cow's milk,
Ratnagiri,2013,Milk Powder,
Ratnagiri,2013,White butter,
Ratnagiri,2013,Ghee,
Ratnagiri,2013,Energy Milk,
Ratnagiri,2013,Lassi,
Ratnagiri,2013,Masala Milk,
Ratnagiri,2013,Sustainable cow's milk,
Ratnagiri,2014,Milk Powder,
Ratnagiri,2014,White butter,
Ratnagiri,2014,Ghee,
Ratnagiri,2014,Energy Milk,
Ratnagiri,2014,Lassi,
Ratnagiri,2014,Masala Milk,
Ratnagiri,2014,Sustainable cow's milk,
Ratnagiri,2015,Milk Powder,
Ratnagiri,2015,White butter,
Ratnagiri,2015,Ghee,
Ratnagiri,2015,Energy Milk,
Ratnagiri,2015,Lassi,
Ratnagiri,2015,Masala Milk,
Ratnagiri,2015,Sustainable cow's milk,
Ratnagiri,2016,Milk Powder,
Ratnagiri,2016,White butter,
Ratnagiri,2016,Ghee,
Ratnagiri,2016,Energy Milk,
Ratnagiri,2016,Lassi,
Ratnagiri,2016,Masala Milk,
Ratnagiri,2016,Sustainable cow's milk,
Ratnagiri,2017,Milk Powder,
Ratnagiri,2017,White butter,
Ratnagiri,2017,Ghee,
Ratnagiri,2017,Energy Milk,
Ratnagiri,2017,Lassi,
Ratnagiri,2017,Masala Milk,
Ratnagiri,2017,Sustainable cow's milk,
Ratnagiri,2018,Milk Powder,
Ratnagiri,2018,White butter,
Ratnagiri,2018,Ghee,
Ratnagiri,2018,Energy Milk,
Ratnagiri,2018,Lassi,
Ratnagiri,2018,Masala Milk,
Ratnagiri,2018,Sustainable cow's milk,
Ratnagiri,2019,Milk Powder,
Ratnagiri,2019,White butter,
Ratnagiri,2019,Ghee,
Ratnagiri,2019,Energy Milk,
Ratnagiri,2019,Lassi,
Ratnagiri,2019,Masala Milk,
Ratnagiri,2019,Sustainable cow's milk,
Ratnagiri,2020,Milk Powder,
Ratnagiri,2020,White butter,
Ratnagiri,2020,Ghee,
Ratnagiri,2020,Energy Milk,
Ratnagiri,2020,Lassi,
Ratnagiri,2020,Masala Milk,
Ratnagiri,2020,Sustainable cow's milk,
Ratnagiri,2021,Milk Powder,
Ratnagiri,2021,White butter,
Ratnagiri,2021,Ghee,
Ratnagiri,2021,Energy Milk,
Ratnagiri,2021,Lassi,
Ratnagiri,2021,Masala Milk,
Ratnagiri,2021,Sustainable cow's milk,
Sindhudurg,2012,Milk Powder,
Sindhudurg,2012,White butter,
Sindhudurg,2012,Ghee,
Sindhudurg,2012,Energy Milk,
Sindhudurg,2012,Lassi,
Sindhudurg,2012,Masala Milk,
Sindhudurg,2012,Sustainable cow's milk,
Sindhudurg,2013,Milk Powder,
Sindhudurg,2013,White butter,
Sindhudurg,2013,Ghee,
Sindhudurg,2013,Energy Milk,
Sindhudurg,2013,Lassi,
Sindhudurg,2013,Masala Milk,
Sindhudurg,2013,Sustainable cow's milk,
Sindhudurg,2014,Milk Powder,
Sindhudurg,2014,White butter,
Sindhudurg,2014,Ghee,
Sindhudurg,2014,Energy Milk,
Sindhudurg,2014,Lassi,
Sindhudurg,2014,Masala Milk,
Sindhudurg,2014,Sustainable cow's milk,
Sindhudurg,2015,Milk Powder,
Sindhudurg,2015,White butter,
Sindhudurg,2015,Ghee,
Sindhudurg,2015,Energy Milk,
Sindhudurg,2015,Lassi,
Sindhudurg,2015,Masala Milk,
Sindhudurg,2015,Sustainable cow's milk,
Sindhudurg,2016,Milk Powder,
Sindhudurg,2016,White butter,
Sindhudurg,2016,Ghee,
Sindhudurg,2016,Energy Milk,
Sindhudurg,2016,Lassi,
Sindhudurg,2016,Masala Milk,
Sindhudurg,2016,Sustainable cow's milk,
Sindhudurg,2017,Milk Powder,
Sindhudurg,2017,White butter,
Sindhudurg,2017,Ghee,
Sindhudurg,2017,Energy Milk,
Sindhudurg,2017,Lassi,
Sindhudurg,2017,Masala Milk,
Sindhudurg,2017,Sustainable cow's milk,
Sindhudurg,2018,Milk Powder,
Sindhudurg,2018,White butter,
Sindhudurg,2018,Ghee,
Sindhudurg,2018,Energy Milk,
Sindhudurg,2018,Lassi,
Sindhudurg,2018,Masala Milk,
Sindhudurg,2018,Sustainable cow's milk,
Sindhudurg,2019,Milk Powder,
Sindhudurg,2019,White butter,
Sindhudurg,2019,Ghee,
Sindhudurg,2019,Energy Milk,
Sindhudurg,2019,Lassi,
Sindhudurg,2019,Masala Milk,
Sindhudurg,2019,Sustainable cow's milk,
Sindhudurg,2020,Milk Powder,
Sindhudurg,2020,White butter,
Sindhudurg,2020,Ghee,
Sindhudurg,2020,Energy Milk,
Sindhudurg,2020,Lassi,
Sindhudurg,2020,Masala Milk,
Sindhudurg,2020,Sustainable cow's milk,
Sindhudurg,2021,Milk Powder,
Sindhudurg,2021,White butter,
Sindhudurg,2021,Ghee,
Sindhudurg,2021,Energy Milk,
Sindhudurg,2021,Lassi,
Sindhudurg,2021,Masala Milk,
Sindhudurg,2021,Sustainable cow's milk,
Thane,2012,Milk Powder,
Thane,2012,White butter,
Thane,2012,Ghee,
Thane,2012,Energy Milk,
Thane,2012,Lassi,
Thane,2012,Masala Milk,
Thane,2012,Sustainable cow's milk,
Thane,2013,Milk Powder,0.0
Thane,2013,White butter,0.0
Thane,2013,Ghee,0.0
Thane,2013,Energy Milk,0.0
Thane,2013,Lassi,0.0
Thane,2013,Masala Milk,0.0
Thane,2013,Sustainable cow's milk,0.0
Thane,2014,Milk Powder,0.0
Thane,2014,White butter,0.0
Thane,2014,Ghee,0.0
Thane,2014,Energy Milk,0.0
Thane,2014,Lassi,0.0
Thane,2014,Masala Milk,0.0
Thane,2014,Sustainable cow's milk,0.0
Thane,2015,Milk Powder,0.0
Thane,2015,White butter,0.0
Thane,2015,Ghee,0.0
Thane,2015,Energy Milk,0.0
Thane,2015,Lassi,0.0
Thane,2015,Masala Milk,0.0
Thane,2015,Sustainable cow's milk,0.0
Thane,2016,Milk Powder,0.0
Thane,2016,White butter,0.0
Thane,2016,Ghee,0.0
Thane,2016,Energy Milk,0.0
Thane,2016,Lassi,0.0
Thane,2016,Masala Milk,0.0
Thane,2016,Sustainable cow's milk,0.0
Thane,2017,Milk Powder,0.0
Thane,2017,White butter,0.0
Thane,2017,Ghee,0.0
Thane,2017,Energy Milk,0.0
Thane,2017,Lassi,0.0
Thane,2017,Masala Milk,0.0
Thane,2017,Sustainable cow's milk,0.0
Thane,2018,Milk Powder,0.0
Thane,2018,White butter,0.0
Thane,2018,Ghee,0.0
Thane,2018,Energy Milk,0.0
Thane,2018,Lassi,0.0
Thane,2018,Masala Milk,0.0
Thane,2018,Sustainable cow's milk,0.0
Thane,2019,Milk Powder,0.0
Thane,2019,White butter,0.0
Thane,2019,Ghee,0.0
Thane,2019,Energy Milk,0.0
Thane,2019,Lassi,0.0
Thane,2019,Masala Milk,0.0
Thane,2019,Sustainable cow's milk,0.0
Thane,2020,Milk Powder,0.0
Thane,2020,White butter,0.0
Thane,2020,Ghee,0.0
Thane,2020,Energy Milk,0.0
Thane,2020,Lassi,0.0
Thane,2020,Masala Milk,0.0
Thane,2020,Sustainable cow's milk,0.0
Thane,2021,Milk Powder,0.0
Thane,2021,White butter,0.0
Thane,2021,Ghee,0.0
Thane,2021,Energy Milk,0.0
Thane,2021,Lassi,0.0
Thane,2021,Masala Milk,0.0
Thane,2021,Sustainable cow's milk,0.0
Wardha,2012,Milk Powder,
Wardha,2012,White butter,
Wardha,2012,Ghee,
Wardha,2012,Energy Milk,
Wardha,2012,Lassi,
Wardha,2012,Masala Milk,
Wardha,2012,Sustainable cow's milk,
Wardha,2013,Milk Powder,0.0
Wardha,2013,White butter,0.0
Wardha,2013,Ghee,0.0
Wardha,2013,Energy Milk,0.0
Wardha,2013,Lassi,0.0
Wardha,2013,Masala Milk,0.0
Wardha,2013,Sustainable cow's milk,0.0
Wardha,2014,Milk Powder,0.0
Wardha,2014,White butter,0.0
Wardha,2014,Ghee,0.0
Wardha,2014,Energy Milk,0.0
Wardha,2014,Lassi,0.0
Wardha,2014,Masala Milk,0.0
Wardha,2014,Sustainable cow's milk,0.0
Wardha,2015,Milk Powder,0.0
Wardha,2015,White butter,0.0
Wardha,2015,Ghee,0.0
Wardha,2015,Energy Milk,0.0
Wardha,2015,Lassi,0.0
Wardha,2015,Masala Milk,0.0
Wardha,2015,Sustainable cow's milk,0.0
Wardha,2016,Milk Powder,0.0
Wardha,2016,White butter,0.0
Wardha,2016,Ghee,0.0
Wardha,2016,Energy Milk,0.0
Wardha,2016,Lassi,0.0
Wardha,2016,Masala Milk,0.0
Wardha,2016,Sustainable cow's milk,0.0
Wardha,2017,Milk Powder,
Wardha,2017,White butter,
Wardha,2017,Ghee,25.0
Wardha,2017,Energy Milk,
Wardha,2017,Lassi,
Wardha,2017,Masala Milk,
Wardha,2017,Sustainable cow's milk,
Wardha,2018,Milk Powder,
Wardha,2018,White butter,
Wardha,2018,Ghee,30.0
Wardha,2018,Energy Milk,
Wardha,2018,Lassi,
Wardha,2018,Masala Milk,
Wardha,2018,Sustainable cow's milk,
Wardha,2019,Milk Powder,
Wardha,2019,White butter,
Wardha,2019,Ghee,
Wardha,2019,Energy Milk,
Wardha,2019,Lassi,
Wardha,2019,Masala Milk,
Wardha,2019,Sustainable cow's milk,
Wardha,2020,Milk Powder,
Wardha,2020,White butter,
Wardha,2020,Ghee,24.3
Wardha,2020,Energy Milk,
Wardha,2020,Lassi,
Wardha,2020,Masala Milk,
Wardha,2020,Sustainable cow's milk,
Wardha,2021,Milk Powder,
Wardha,2021,White butter,
Wardha,2021,Ghee,24.6
Wardha,2021,Energy Milk,
Wardha,2021,Lassi,
Wardha,2021,Masala Milk,
Wardha,2021,Sustainable cow's milk,
Washim,2008,Milk Powder,
Washim,2008,White butter,
Washim,2008,Ghee,
Washim,2008,Energy Milk,
Washim,2008,Lassi,
Washim,2008,Masala Milk,
Washim,2008,Sustainable cow's milk,
Washim,2009,Milk Powder,
Washim,2009,White butter,
Washim,2009,Ghee,
Washim,2009,Energy Milk,
Washim,2009,Lassi,
Washim,2009,Masala Milk,
Washim,2009,Sustainable cow's milk,
Washim,2010,Milk Powder,
Washim,2010,White butter,
Washim,2010,Ghee,
Washim,2010,Energy Milk,
Washim,2010,Lassi,
Washim,2010,Masala Milk,
Washim,2010,Sustainable cow's milk,
Washim,2011,Milk Powder,
Washim,2011,White butter,
Washim,2011,Ghee,
Washim,2011,Energy Milk,
Washim,2011,Lassi,
Washim,2011,Masala Milk,
Washim,2011,Sustainable cow's milk,
Washim,2012,Milk Powder,
Washim,2012,White butter,
Washim,2012,Ghee,
Washim,2012,Energy Milk,
Washim,2012,Lassi,
Washim,2012,Masala Milk,
Washim,2012,Sustainable cow's milk,
Washim,2013,Milk Powder,
Washim,2013,White butter,
Washim,2013,Ghee,
Washim,2013,Energy Milk,
Washim,2013,Lassi,
Washim,2013,Masala Milk,
Washim,2013,Sustainable cow's milk,
Washim,2014,Milk Powder,
Washim,2014,White butter,
Washim,2014,Ghee,
Washim,2014,Energy Milk,
Washim,2014,Lassi,
Washim,2014,Masala Milk,
Washim,2014,Sustainable cow's milk,
Washim,2015,Milk Powder,
Washim,2015,White butter,
Washim,2015,Ghee,
Washim,2015,Energy Milk,
Washim,2015,Lassi,
Washim,2015,Masala Milk,
Washim,2015,Sustainable cow's milk,
Washim,2016,Milk Powder,
Washim,2016,White butter,
Washim,2016,Ghee,
Washim,2016,Energy Milk,
Washim,2016,Lassi,
Washim,2016,Masala Milk,
Washim,2016,Sustainable cow's milk,
Washim,2017,Milk Powder,
Washim,2017,White butter,
Washim,2017,Ghee,
Washim,2017,Energy Milk,
Washim,2017,Lassi,
Washim,2017,Masala Milk,
Washim,2017,Sustainable cow's milk,
Washim,2018,Milk Powder,
Washim,2018,White butter,
Washim,2018,Ghee,
Washim,2018,Energy Milk,
Washim,2018,Lassi,
Washim,2018,Masala Milk,
Washim,2018,Sustainable cow's milk,
Washim,2019,Milk Powder,
Washim,2019,White butter,
Washim,2019,Ghee,
Washim,2019,Energy Milk,
Washim,2019,Lassi,
Washim,2019,Masala Milk,
Washim,2019,Sustainable cow's milk,
Washim,2020,Milk Powder,
Washim,2020,White butter,
Washim,2020,Ghee,
Washim,2020,Energy Milk,
Washim,2020,Lassi,
Washim,2020,Masala Milk,
Washim,2020,Sustainable cow's milk,
Washim,2021,Milk Powder,
Washim,2021,White butter,
Washim,2021,Ghee,
Washim,2021,Energy Milk,
Washim,2021,Lassi,
Washim,2021,Masala Milk,
Washim,2021,Sustainable cow's milk,
Yavatmal,2012,Milk Powder,
Yavatmal,2012,White butter,
Yavatmal,2012,Ghee,
Yavatmal,2012,Energy Milk,
Yavatmal,2012,Lassi,
Yavatmal,2012,Masala Milk,
Yavatmal,2012,Sustainable cow's milk,236.0
Yavatmal,2013,Milk Powder,
Yavatmal,2013,White butter,
Yavatmal,2013,Ghee,
Yavatmal,2013,Energy Milk,
Yavatmal,2013,Lassi,
Yavatmal,2013,Masala Milk,
Yavatmal,2013,Sustainable cow's milk,314.0
Yavatmal,2014,Milk Powder,
Yavatmal,2014,White butter,
Yavatmal,2014,Ghee,
Yavatmal,2014,Energy Milk,
Yavatmal,2014,Lassi,
Yavatmal,2014,Masala Milk,
Yavatmal,2014,Sustainable cow's milk,373.0
Yavatmal,2015,Milk Powder,
Yavatmal,2015,White butter,
Yavatmal,2015,Ghee,
Yavatmal,2015,Energy Milk,
Yavatmal,2015,Lassi,
Yavatmal,2015,Masala Milk,
Yavatmal,2015,Sustainable cow's milk,357.0
Yavatmal,2016,Milk Powder,
Yavatmal,2016,White butter,
Yavatmal,2016,Ghee,
Yavatmal,2016,Energy Milk,
Yavatmal,2016,Lassi,
Yavatmal,2016,Masala Milk,
Yavatmal,2016,Sustainable cow's milk,0.0
Yavatmal,2017,Milk Powder,0.0
Yavatmal,2017,White butter,0.0
Yavatmal,2017,Ghee,0.0
Yavatmal,2017,Energy Milk,0.0
Yavatmal,2017,Lassi,0.0
Yavatmal,2017,Masala Milk,0.0
Yavatmal,2017,Sustainable cow's milk,0.0
Yavatmal,2018,Milk Powder,0.0
Yavatmal,2018,White butter,0.0
Yavatmal,2018,Ghee,0.0
Yavatmal,2018,Energy Milk,0.0
Yavatmal,2018,Lassi,0.0
Yavatmal,2018,Masala Milk,0.0
Yavatmal,2018,Sustainable cow's milk,0.0
Yavatmal,2019,Milk Powder,0.0
Yavatmal,2019,White butter,0.0
Yavatmal,2019,Ghee,0.0
Yavatmal,2019,Energy Milk,0.0
Yavatmal,2019,Lassi,0.0
Yavatmal,2019,Masala Milk,0.0
Yavatmal,2019,Sustainable cow's milk,0.0
Yavatmal,2020,Milk Powder,0.0
Yavatmal,2020,White butter,0.0
Yavatmal,2020,Ghee,0.0
Yavatmal,2020,Energy Milk,0.0
Yavatmal,2020,Lassi,0.0
Yavatmal,2020,Masala Milk,0.0
Yavatmal,2020,Sustainable cow's milk,0.0
Yavatmal,2021,Milk Powder,0.0
Yavatmal,2021,White butter,0.0
Yavatmal,2021,Ghee,0.0
Yavatmal,2021,Energy Milk,0.0
Yavatmal,2021,Lassi,0.0
Yavatmal,2021,Masala Milk,0.0
Yavatmal,2021,Sustainable cow's milk,0.0
Sangli,2012,Milk Powder,1947.49
Sangli,2012,White butter,1136.92
Sangli,2012,Ghee,408.31
Sangli,2012,Energy Milk,220.94
Sangli,2012,Lassi,417.87
Sangli,2012,Masala Milk,0.0
Sangli,2012,Sustainable cow's milk,0.0
Sangli,2013,Milk Powder,343.36
Sangli,2013,White butter,269.24
Sangli,2013,Ghee,609.89
Sangli,2013,Energy Milk,166.78
Sangli,2013,Lassi,388.03
Sangli,2013,Masala Milk,0.0
Sangli,2013,Sustainable cow's milk,0.0
Sangli,2014,Milk Powder,757.61
Sangli,2014,White butter,418.49
Sangli,2014,Ghee,370.29
Sangli,2014,Energy Milk,139.34
Sangli,2014,Lassi,362.41
Sangli,2014,Masala Milk,0.0
Sangli,2014,Sustainable cow's milk,0.0
Sangli,2015,Milk Powder,4985.8
Sangli,2015,White butter,2388.29
Sangli,2015,Ghee,384.74
Sangli,2015,Energy Milk,131.61
Sangli,2015,Lassi,439.98
Sangli,2015,Masala Milk,0.0
Sangli,2015,Sustainable cow's milk,0.0
Sangli,2016,Milk Powder,157.91
Sangli,2016,White butter,62.68
Sangli,2016,Ghee,345.12
Sangli,2016,Energy Milk,0.0
Sangli,2016,Lassi,1028.92
Sangli,2016,Masala Milk,117.5
Sangli,2016,Sustainable cow's milk,0.0
Sangli,2017,Milk Powder,1459.82
Sangli,2017,White butter,1129.56
Sangli,2017,Ghee,185.54
Sangli,2017,Energy Milk,0.0
Sangli,2017,Lassi,418.23
Sangli,2017,Masala Milk,158.89
Sangli,2017,Sustainable cow's milk,0.0
Sangli,2018,Milk Powder,3482.06
Sangli,2018,White butter,2242.35
Sangli,2018,Ghee,301.62
Sangli,2018,Energy Milk,0.0
Sangli,2018,Lassi,478.06
Sangli,2018,Masala Milk,145.17
Sangli,2018,Sustainable cow's milk,0.0
Sangli,2019,Milk Powder,4198.42
Sangli,2019,White butter,2196.0
Sangli,2019,Ghee,71.89
Sangli,2019,Energy Milk,0.0
Sangli,2019,Lassi,481.89
Sangli,2019,Masala Milk,942.89
Sangli,2019,Sustainable cow's milk,0.0
Sangli,2020,Milk Powder,1399.0
Sangli,2020,White butter,1229.0
Sangli,2020,Ghee,149.5
Sangli,2020,Energy Milk,0.0
Sangli,2020,Lassi,68.19
Sangli,2020,Masala Milk,0.0
Sangli,2020,Sustainable cow's milk,0.0
Sangli,2021,Milk Powder,1318.0
Sangli,2021,White butter,1207.0
Sangli,2021,Ghee,71.97
Sangli,2021,Energy Milk,0.0
Sangli,2021,Lassi,510.26
Sangli,2021,Masala Milk,60193.07
Sangli,2021,Sustainable cow's milk,0.0
Pune,2011,Milk Powder,0.0
Pune,2011,White butter,0.0
Pune,2011,Ghee,218.41
Pune,2011,Energy Milk,189.05
Pune,2011,Lassi,122.08
Pune,2011,Masala Milk,0.0
Pune,2011,Sustainable cow's milk,374.82
Pune,2012,Milk Powder,170.75
Pune,2012,White butter,0.0
Pune,2012,Ghee,220.98
Pune,2012,Energy Milk,244.07
Pune,2012,Lassi,232.68
Pune,2012,Masala Milk,0.0
Pune,2012,Sustainable cow's milk,693.317
Pune,2013,Milk Powder,86.26
Pune,2013,White butter,0.0
Pune,2013,Ghee,311.14
Pune,2013,Energy Milk,15.83
Pune,2013,Lassi,8.52
Pune,2013,Masala Milk,0.0
Pune,2013,Sustainable cow's milk,780.87
Pune,2014,Milk Powder,49.33
Pune,2014,White butter,87.14
Pune,2014,Ghee,217.06
Pune,2014,Energy Milk,13.49
Pune,2014,Lassi,7.69
Pune,2014,Masala Milk,0.0
Pune,2014,Sustainable cow's milk,780.93
Pune,2015,Milk Powder,675.52
Pune,2015,White butter,337.02
Pune,2015,Ghee,274.73
Pune,2015,Energy Milk,289.15
Pune,2015,Lassi,184.61
Pune,2015,Masala Milk,0.0
Pune,2015,Sustainable cow's milk,738.98
Pune,2016,Milk Powder,657.93
Pune,2016,White butter,337.03
Pune,2016,Ghee,251.51
Pune,2016,Energy Milk,281.5
Pune,2016,Lassi,200.59
Pune,2016,Masala Milk,0.0
Pune,2016,Sustainable cow's milk,786.89
Pune,2017,Milk Powder,836.95
Pune,2017,White butter,468.26
Pune,2017,Ghee,239.67
Pune,2017,Energy Milk,64.15
Pune,2017,Lassi,2.95
Pune,2017,Masala Milk,0.0
Pune,2017,Sustainable cow's milk,580.735
Pune,2018,Milk Powder,848.53
Pune,2018,White butter,622.88
Pune,2018,Ghee,237.68
Pune,2018,Energy Milk,70.46
Pune,2018,Lassi,15.75
Pune,2018,Masala Milk,0.0
Pune,2018,Sustainable cow's milk,605.58
Pune,2019,Milk Powder,413.86
Pune,2019,White butter,210.84
Pune,2019,Ghee,215.9
Pune,2019,Energy Milk,321000.0
Pune,2019,Lassi,324000.0
Pune,2019,Masala Milk,0.0
Pune,2019,Sustainable cow's milk,64324300.0
Pune,2020,Milk Powder,343.13
Pune,2020,White butter,195.04
Pune,2020,Ghee,231.87
Pune,2020,Energy Milk,272000.0
Pune,2020,Lassi,333055.0
Pune,2020,Masala Milk,0.0
Pune,2020,Sustainable cow's milk,49202000.0
Pune,2021,Milk Powder,178.1
Pune,2021,White butter,133.54
Pune,2021,Ghee,200.24
Pune,2021,Energy Milk,286040.0
Pune,2021,Lassi,428947.0
Pune,2021,Masala Milk,0.0
Pune,2021,Sustainable cow's milk,49291416.0
Satara,2012,Milk Powder,0.0
Satara,2012,White butter,3.4
Satara,2012,Ghee,0.0
Satara,2012,Energy Milk,0.0
Satara,2012,Lassi,121905.0
Satara,2012,Masala Milk,209060.0
Satara,2012,Sustainable cow's milk,0.0
Satara,2013,Milk Powder,0.0
Satara,2013,White butter,22.78
Satara,2013,Ghee,0.0
Satara,2013,Energy Milk,0.0
Satara,2013,Lassi,196085.0
Satara,2013,Masala Milk,110040.0
Satara,2013,Sustainable cow's milk,0.0
Satara,2014,Milk Powder,0.0
Satara,2014,White butter,47.26
Satara,2014,Ghee,0.0
Satara,2014,Energy Milk,0.0
Satara,2014,Lassi,135660.0
Satara,2014,Masala Milk,179020.0
Satara,2014,Sustainable cow's milk,0.0
Satara,2015,Milk Powder,0.0
Satara,2015,White butter,29.65
Satara,2015,Ghee,0.0
Satara,2015,Energy Milk,0.0
Satara,2015,Lassi,215675.0
Satara,2015,Masala Milk,255120.0
Satara,2015,Sustainable cow's milk,0.0
Satara,2016,Milk Powder,0.0
Satara,2016,White butter,21.85
Satara,2016,Ghee,0.0
Satara,2016,Energy Milk,0.0
Satara,2016,Lassi,255940.0
Satara,2016,Masala Milk,98476.0
Satara,2016,Sustainable cow's milk,0.0
Satara,2017,Milk Powder,0.0
Satara,2017,White butter,4.2
Satara,2017,Ghee,0.0
Satara,2017,Energy Milk,0.0
Satara,2017,Lassi,289195.0
Satara,2017,Masala Milk,279175.0
Satara,2017,Sustainable cow's milk,0.0
Satara,2018,Milk Powder,0.0
Satara,2018,White butter,3.3
Satara,2018,Ghee,0.0
Satara,2018,Energy Milk,0.0
Satara,2018,Lassi,64576.0
Satara,2018,Masala Milk,60004.0
Satara,2018,Sustainable cow's milk,0.0
Satara,2019,Milk Powder,0.0
Satara,2019,White butter,0.0
Satara,2019,Ghee,0.0
Satara,2019,Energy Milk,0.0
Satara,2019,Lassi,82101.0
Satara,2019,Masala Milk,66618.0
Satara,2019,Sustainable cow's milk,0.0
Satara,2020,Milk Powder,0.0
Satara,2020,White butter,0.0
Satara,2020,Ghee,0.0
Satara,2020,Energy Milk,0.0
Satara,2020,Lassi,77829.0
Satara,2020,Masala Milk,54780.0
Satara,2020,Sustainable cow's milk,0.0
Satara,2021,Milk Powder,0.0
Satara,2021,White butter,12.0
Satara,2021,Ghee,8.0
Satara,2021,Energy Milk,0.0
Satara,2021,Lassi,77069.0
Satara,2021,Masala Milk,50083.0
Satara,2021,Sustainable cow's milk,
Beed,2013,Milk Powder,0.0
Beed,2013,White butter,0.0
Beed,2013,Ghee,0.0
Beed,2013,Energy Milk,0.0
Beed,2013,Lassi,0.0
Beed,2013,Masala Milk,0.0
Beed,2013,Sustainable cow's milk,0.0
Beed,2014,Milk Powder,0.0
Beed,2014,White butter,0.0
Beed,2014,Ghee,0.0
Beed,2014,Energy Milk,0.0
Beed,2014,Lassi,0.0
Beed,2014,Masala Milk,0.0
Beed,2014,Sustainable cow's milk,0.0
Beed,2015,Milk Powder,0.0
Beed,2015,White butter,0.0
Beed,2015,Ghee,0.0
Beed,2015,Energy Milk,0.0
Beed,2015,Lassi,0.0
Beed,2015,Masala Milk,0.0
Beed,2015,Sustainable cow's milk,0.0
Beed,2016,Milk Powder,0.0
Beed,2016,White butter,0.0
Beed,2016,Ghee,0.0
Beed,2016,Energy Milk,0.0
Beed,2016,Lassi,0.0
Beed,2016,Masala Milk,0.0
Beed,2016,Sustainable cow's milk,0.0
Beed,2017,Milk Powder,0.0
Beed,2017,White butter,0.0
Beed,2017,Ghee,0.0
Beed,2017,Energy Milk,0.0
Beed,2017,Lassi,0.0
Beed,2017,Masala Milk,0.0
Beed,2017,Sustainable cow's milk,0.0
Beed,2018,Milk Powder,
Beed,2018,White butter,
Beed,2018,Ghee,
Beed,2018,Energy Milk,
Beed,2018,Lassi,
Beed,2018,Masala Milk,
Beed,2018,Sustainable cow's milk,
Beed,2019,Milk Powder,
Beed,2019,White butter,
Beed,2019,Ghee,0.532
Beed,2019,Energy Milk,
Beed,2019,Lassi,6774.0
Beed,2019,Masala Milk,
Beed,2019,Sustainable cow's milk,
Beed,2020,Milk Powder,
Beed,2020,White butter,
Beed,2020,Ghee,0.26
Beed,2020,Energy Milk,
Beed,2020,Lassi,10710.0
Beed,2020,Masala Milk,
Beed,2020,Sustainable cow's milk,
Beed,2021,Milk Powder,
Beed,2021,White butter,
Beed,2021,Ghee,0.27
Beed,2021,Energy Milk,
Beed,2021,Lassi,2682.0
Beed,2021,Masala Milk,
Beed,2021,Sustainable cow's milk,
Hingoli,2012,Milk Powder,
Hingoli,2012,White butter,
Hingoli,2012,Ghee,
Hingoli,2012,Energy Milk,
Hingoli,2012,Lassi,
Hingoli,2012,Masala Milk,
Hingoli,2012,Sustainable cow's milk,365414.0
Hingoli,2013,Milk Powder,
Hingoli,2013,White butter,
Hingoli,2013,Ghee,
Hingoli,2013,Energy Milk,
Hingoli,2013,Lassi,
Hingoli,2013,Masala Milk,
Hingoli,2013,Sustainable cow's milk,440434.0
Hingoli,2014,Milk Powder,
Hingoli,2014,White butter,
Hingoli,2014,Ghee,
Hingoli,2014,Energy Milk,
Hingoli,2014,Lassi,
Hingoli,2014,Masala Milk,
Hingoli,2014,Sustainable cow's milk,440434.0
Hingoli,2015,Milk Powder,
Hingoli,2015,White butter,
Hingoli,2015,Ghee,
Hingoli,2015,Energy Milk,
Hingoli,2015,Lassi,
Hingoli,2015,Masala Milk,
Hingoli,2015,Sustainable cow's milk,656270.0
Hingoli,2016,Milk Powder,
Hingoli,2016,White butter,
Hingoli,2016,Ghee,
Hingoli,2016,Energy Milk,
Hingoli,2016,Lassi,
Hingoli,2016,Masala Milk,
Hingoli,2016,Sustainable cow's milk,442380.0
Hingoli,2017,Milk Powder,
Hingoli,2017,White butter,
Hingoli,2017,Ghee,
Hingoli,2017,Energy Milk,
Hingoli,2017,Lassi,
Hingoli,2017,Masala Milk,
Hingoli,2017,Sustainable cow's milk,779640.0
Hingoli,2018,Milk Powder,
Hingoli,2018,White butter,
Hingoli,2018,Ghee,
Hingoli,2018,Energy Milk,
Hingoli,2018,Lassi,
Hingoli,2018,Masala Milk,
Hingoli,2018,Sustainable cow's milk,2358960.0
Hingoli,2019,Milk Powder,
Hingoli,2019,White butter,
Hingoli,2019,Ghee,
Hingoli,2019,Energy Milk,
Hingoli,2019,Lassi,
Hingoli,2019,Masala Milk,
Hingoli,2019,Sustainable cow's milk,1388238.0
Hingoli,2020,Milk Powder,
Hingoli,2020,White butter,
Hingoli,2020,Ghee,
Hingoli,2020,Energy Milk,
Hingoli,2020,Lassi,
Hingoli,2020,Masala Milk,
Hingoli,2020,Sustainable cow's milk,1290275.0
Hingoli,2021,Milk Powder,
Hingoli,2021,White butter,
Hingoli,2021,Ghee,
Hingoli,2021,Energy Milk,
Hingoli,2021,Lassi,
Hingoli,2021,Masala Milk,
Hingoli,2021,Sustainable cow's milk,1132960.0
Parbhani,2013,Milk Powder,
Parbhani,2013,White butter,
Parbhani,2013,Ghee,
Parbhani,2013,Energy Milk,
Parbhani,2013,Lassi,
Parbhani,2013,Masala Milk,
Parbhani,2013,Sustainable cow's milk,2708665.0
Parbhani,2014,Milk Powder,
Parbhani,2014,White butter,
Parbhani,2014,Ghee,
Parbhani,2014,Energy Milk,
Parbhani,2014,Lassi,
Parbhani,2014,Masala Milk,
Parbhani,2014,Sustainable cow's milk,3949300.0
Parbhani,2015,Milk Powder,
Parbhani,2015,White butter,
Parbhani,2015,Ghee,
Parbhani,2015,Energy Milk,
Parbhani,2015,Lassi,
Parbhani,2015,Masala Milk,
Parbhani,2015,Sustainable cow's milk,6340050.0
Parbhani,2016,Milk Powder,
Parbhani,2016,White butter,
Parbhani,2016,Ghee,
Parbhani,2016,Energy Milk,
Parbhani,2016,Lassi,
Parbhani,2016,Masala Milk,
Parbhani,2016,Sustainable cow's milk,4585860.0
Parbhani,2017,Milk Powder,
Parbhani,2017,White butter,
Parbhani,2017,Ghee,
Parbhani,2017,Energy Milk,
Parbhani,2017,Lassi,
Parbhani,2017,Masala Milk,
Parbhani,2017,Sustainable cow's milk,6502110.0
Parbhani,2018,Milk Powder,
Parbhani,2018,White butter,
Parbhani,2018,Ghee,
Parbhani,2018,Energy Milk,
Parbhani,2018,Lassi,
Parbhani,2018,Masala Milk,
Parbhani,2018,Sustainable cow's milk,13420320.0
Parbhani,2019,Milk Powder,
Parbhani,2019,White butter,
Parbhani,2019,Ghee,
Parbhani,2019,Energy Milk,
Parbhani,2019,Lassi,
Parbhani,2019,Masala Milk,
Parbhani,2019,Sustainable cow's milk,7966566.0
Parbhani,2020,Milk Powder,
Parbhani,2020,White butter,
Parbhani,2020,Ghee,
Parbhani,2020,Energy Milk,
Parbhani,2020,Lassi,
Parbhani,2020,Masala Milk,
Parbhani,2020,Sustainable cow's milk,2681655.0
Parbhani,2021,Milk Powder,
Parbhani,2021,White butter,
Parbhani,2021,Ghee,
Parbhani,2021,Energy Milk,
Parbhani,2021,Lassi,
Parbhani,2021,Masala Milk,
Parbhani,2021,Sustainable cow's milk,2339650.0
Jalna,2013,Milk Powder,
Jalna,2013,White butter,
Jalna,2013,Ghee,
Jalna,2013,Energy Milk,
Jalna,2013,Lassi,
Jalna,2013,Masala Milk,
Jalna,2013,Sustainable cow's milk,
Jalna,2014,Milk Powder,
Jalna,2014,White butter,
Jalna,2014,Ghee,
Jalna,2014,Energy Milk,
Jalna,2014,Lassi,
Jalna,2014,Masala Milk,
Jalna,2014,Sustainable cow's milk,1119.04
Jalna,2015,Milk Powder,
Jalna,2015,White butter,
Jalna,2015,Ghee,1.21
Jalna,2015,Energy Milk,
Jalna,2015,Lassi,
Jalna,2015,Masala Milk,
Jalna,2015,Sustainable cow's milk,975.993
Jalna,2016,Milk Powder,
Jalna,2016,White butter,
Jalna,2016,Ghee,0.78
Jalna,2016,Energy Milk,
Jalna,2016,Lassi,2.37
Jalna,2016,Masala Milk,
Jalna,2016,Sustainable cow's milk,1061.03
Jalna,2017,Milk Powder,
Jalna,2017,White butter,
Jalna,2017,Ghee,1.7
Jalna,2017,Energy Milk,
Jalna,2017,Lassi,
Jalna,2017,Masala Milk,
Jalna,2017,Sustainable cow's milk,1140.0
Jalna,2018,Milk Powder,
Jalna,2018,White butter,
Jalna,2018,Ghee,1.87
Jalna,2018,Energy Milk,
Jalna,2018,Lassi,
Jalna,2018,Masala Milk,
Jalna,2018,Sustainable cow's milk,1095365.0
Jalna,2019,Milk Powder,
Jalna,2019,White butter,
Jalna,2019,Ghee,2.13
Jalna,2019,Energy Milk,
Jalna,2019,Lassi,
Jalna,2019,Masala Milk,
Jalna,2019,Sustainable cow's milk,866111.0
Jalna,2020,Milk Powder,
Jalna,2020,White butter,
Jalna,2020,Ghee,
Jalna,2020,Energy Milk,
Jalna,2020,Lassi,
Jalna,2020,Masala Milk,
Jalna,2020,Sustainable cow's milk,3879826.0
Jalna,2021,Milk Powder,
Jalna,2021,White butter,
Jalna,2021,Ghee,
Jalna,2021,Energy Milk,
Jalna,2021,Lassi,
Jalna,2021,Masala Milk,
Jalna,2021,Sustainable cow's milk,
Jalgaon,2012,Milk Powder,1257.0
Jalgaon,2012,White butter,1112.0
Jalgaon,2012,Ghee,581.0
Jalgaon,2012,Energy Milk,
Jalgaon,2012,Lassi,
Jalgaon,2012,Masala Milk,
Jalgaon,2012,Sustainable cow's milk,
Jalgaon,2013,Milk Powder,398.0
Jalgaon,2013,White butter,739.0
Jalgaon,2013,Ghee,614.0
Jalgaon,2013,Energy Milk,
Jalgaon,2013,Lassi,
Jalgaon,2013,Masala Milk,
Jalgaon,2013,Sustainable cow's milk,
Jalgaon,2014,Milk Powder,1337.0
Jalgaon,2014,White butter,1398.0
Jalgaon,2014,Ghee,535.0
Jalgaon,2014,Energy Milk,
Jalgaon,2014,Lassi,
Jalgaon,2014,Masala Milk,
Jalgaon,2014,Sustainable cow's milk,
Jalgaon,2015,Milk Powder,1553.0
Jalgaon,2015,White butter,1626.0
Jalgaon,2015,Ghee,493.0
Jalgaon,2015,Energy Milk,
Jalgaon,2015,Lassi,
Jalgaon,2015,Masala Milk,
Jalgaon,2015,Sustainable cow's milk,
Jalgaon,2016,Milk Powder,759.0
Jalgaon,2016,White butter,920.0
Jalgaon,2016,Ghee,613.0
Jalgaon,2016,Energy Milk,
Jalgaon,2016,Lassi,
Jalgaon,2016,Masala Milk,
Jalgaon,2016,Sustainable cow's milk,
Jalgaon,2017,Milk Powder,759.0
Jalgaon,2017,White butter,920.0
Jalgaon,2017,Ghee,613.0
Jalgaon,2017,Energy Milk,
Jalgaon,2017,Lassi,
Jalgaon,2017,Masala Milk,
Jalgaon,2017,Sustainable cow's milk,
Jalgaon,2018,Milk Powder,2793.39
Jalgaon,2018,White butter,2682.78
Jalgaon,2018,Ghee,812.34
Jalgaon,2018,Energy Milk,
Jalgaon,2018,Lassi,102194.0
Jalgaon,2018,Masala Milk,
Jalgaon,2018,Sustainable cow's milk,
Jalgaon,2019,Milk Powder,2109.36
Jalgaon,2019,White butter,2150.67
Jalgaon,2019,Ghee,719.41
Jalgaon,2019,Energy Milk,
Jalgaon,2019,Lassi,110435.0
Jalgaon,2019,Masala Milk,
Jalgaon,2019,Sustainable cow's milk,
Jalgaon,2020,Milk Powder,2664.0
Jalgaon,2020,White butter,2524.9
Jalgaon,2020,Ghee,695.69
Jalgaon,2020,Energy Milk,
Jalgaon,2020,Lassi,73195.0
Jalgaon,2020,Masala Milk,
Jalgaon,2020,Sustainable cow's milk,
Jalgaon,2021,Milk Powder,783.39
Jalgaon,2021,White butter,1359.24
Jalgaon,2021,Ghee,701.48
Jalgaon,2021,Energy Milk,
Jalgaon,2021,Lassi,117296.0
Jalgaon,2021,Masala Milk,
Jalgaon,2021,Sustainable cow's milk,
Kolhapur,2017,Milk Powder,6595.91
Kolhapur,2017,White butter,5669.14
Kolhapur,2017,Ghee,921.41
Kolhapur,2017,Energy Milk,
Kolhapur,2017,Lassi,801196.0
Kolhapur,2017,Masala Milk,
Kolhapur,2017,Sustainable cow's milk,
Kolhapur,2018,Milk Powder,12284.15
Kolhapur,2018,White butter,9013.13
Kolhapur,2018,Ghee,909.31
Kolhapur,2018,Energy Milk,0.0
Kolhapur,2018,Lassi,505196.0
Kolhapur,2018,Masala Milk,
Kolhapur,2018,Sustainable cow's milk,
Kolhapur,2019,Milk Powder,8689.0
Kolhapur,2019,White butter,7368.0
Kolhapur,2019,Ghee,879.0
Kolhapur,2019,Energy Milk,0.0
Kolhapur,2019,Lassi,536850.0
Kolhapur,2019,Masala Milk,
Kolhapur,2019,Sustainable cow's milk,
Kolhapur,2020,Milk Powder,11540.0
Kolhapur,2020,White butter,10410.0
Kolhapur,2020,Ghee,1120.0
Kolhapur,2020,Energy Milk,0.0
Kolhapur,2020,Lassi,547640.0
Kolhapur,2020,Masala Milk,
Kolhapur,2020,Sustainable cow's milk,
Kolhapur,2021,Milk Powder,11980.0
Kolhapur,2021,White butter,10840.0
Kolhapur,2021,Ghee,1210.0
Kolhapur,2021,Energy Milk,0.0
Kolhapur,2021,Lassi,564890.0
Kolhapur,2021,Masala Milk,
Kolhapur,2021,Sustainable cow's milk,
Solapur,2017,Milk Powder,0.0
Solapur,2017,White butter,161.418
Solapur,2017,Ghee,96.418
Solapur,2017,Energy Milk,0.0
Solapur,2017,Lassi,1000.72
Solapur,2017,Masala Milk,0.0
Solapur,2017,Sustainable cow's milk,0.0
Solapur,2018,Milk Powder,
Solapur,2018,White butter,
Solapur,2018,Ghee,125.544
Solapur,2018,Energy Milk,
Solapur,2018,Lassi,58.285
Solapur,2018,Masala Milk,128.334
Solapur,2018,Sustainable cow's milk,
Solapur,2019,Milk Powder,
Solapur,2019,White butter,
Solapur,2019,Ghee,167.476
Solapur,2019,Energy Milk,
Solapur,2019,Lassi,92082.0
Solapur,2019,Masala Milk,119217.0
Solapur,2019,Sustainable cow's milk,
Solapur,2020,Milk Powder,
Solapur,2020,White butter,
Solapur,2020,Ghee,138.248
Solapur,2020,Energy Milk,0.0
Solapur,2020,Lassi,93873.0
Solapur,2020,Masala Milk,128411.0
Solapur,2020,Sustainable cow's milk,
Solapur,2021,Milk Powder,
Solapur,2021,White butter,
Solapur,2021,Ghee,69.44
Solapur,2021,Energy Milk,
Solapur,2021,Lassi,233631.0
Solapur,2021,Masala Milk,145540.0
Solapur,2021,Sustainable cow's milk,
Chh. Sambhaji Nagar,2017,Milk Powder,
Chh. Sambhaji Nagar,2017,White butter,
Chh. Sambhaji Nagar,2017,Ghee,51.3
Chh. Sambhaji Nagar,2017,Energy Milk,
Chh. Sambhaji Nagar,2017,Lassi,1393.63
Chh. Sambhaji Nagar,2017,Masala Milk,134483.0
Chh. Sambhaji Nagar,2017,Sustainable cow's milk,
Chh. Sambhaji Nagar,2018,Milk Powder,
Chh. Sambhaji Nagar,2018,White butter,
Chh. Sambhaji Nagar,2018,Ghee,43.69
Chh. Sambhaji Nagar,2018,Energy Milk,
Chh. Sambhaji Nagar,2018,Lassi,1548.2
Chh. Sambhaji Nagar,2018,Masala Milk,175960.0
Chh. Sambhaji Nagar,2018,Sustainable cow's milk,
Chh. Sambhaji Nagar,2019,Milk Powder,
Chh. Sambhaji Nagar,2019,White butter,
Chh. Sambhaji Nagar,2019,Ghee,32.93
Chh. Sambhaji Nagar,2019,Energy Milk,
Chh. Sambhaji Nagar,2019,Lassi,1476.48
Chh. Sambhaji Nagar,2019,Masala Milk,231316.0
Chh. Sambhaji Nagar,2019,Sustainable cow's milk,
Chh. Sambhaji Nagar,2020,Milk Powder,
Chh. Sambhaji Nagar,2020,White butter,
Chh. Sambhaji Nagar,2020,Ghee,36.27
Chh. Sambhaji Nagar,2020,Energy Milk,
Chh. Sambhaji Nagar,2020,Lassi,1103.3
Chh. Sambhaji Nagar,2020,Masala Milk,12767.0
Chh. Sambhaji Nagar,2020,Sustainable cow's milk,
Chh. Sambhaji Nagar,2021,Milk Powder,
Chh. Sambhaji Nagar,2021,White butter,
Chh. Sambhaji Nagar,2021,Ghee,38.78
Chh. Sambhaji Nagar,2021,Energy Milk,
Chh. Sambhaji Nagar,2021,Lassi,3308.2
Chh. Sambhaji Nagar,2021,Masala Milk,36908.0
Chh. Sambhaji Nagar,2021,Sustainable cow's milk,
Nanded,2014,Milk Powder,
Nanded,2014,White butter,
Nanded,2014,Ghee,
Nanded,2014,Energy Milk,
Nanded,2014,Lassi,
Nanded,2014,Masala Milk,
Nanded,2014,Sustainable cow's milk,
Nanded,2015,Milk Powder,
Nanded,2015,White butter,
Nanded,2015,Ghee,
Nanded,2015,Energy Milk,
Nanded,2015,Lassi,
Nanded,2015,Masala Milk,
Nanded,2015,Sustainable cow's milk,4661761.0
Nanded,2016,Milk Powder,
Nanded,2016,White butter,
Nanded,2016,Ghee,
Nanded,2016,Energy Milk,
Nanded,2016,Lassi,
Nanded,2016,Masala Milk,
Nanded,2016,Sustainable cow's milk,5110000.0
Nanded,2017,Milk Powder,
Nanded,2017,White butter,
Nanded,2017,Ghee,
Nanded,2017,Energy Milk,
Nanded,2017,Lassi,
Nanded,2017,Masala Milk,
Nanded,2017,Sustainable cow's milk,
Nanded,2018,Milk Powder,
Nanded,2018,White butter,
Nanded,2018,Ghee,
Nanded,2018,Energy Milk,
Nanded,2018,Lassi,
Nanded,2018,Masala Milk,
Nanded,2018,Sustainable cow's milk,
Nanded,2019,Milk Powder,
Nanded,2019,White butter,
Nanded,2019,Ghee,
Nanded,2019,Energy Milk,
Nanded,2019,Lassi,
Nanded,2019,Masala Milk,
Nanded,2019,Sustainable cow's milk,
Nanded,2020,Milk Powder,
Nanded,2020,White butter,
Nanded,2020,Ghee,
Nanded,2020,Energy Milk,
Nanded,2020,Lassi,
Nanded,2020,Masala Milk,
Nanded,2020,Sustainable cow's milk,
Nanded,2021,Milk Powder,
Nanded,2021,White butter,
Nanded,2021,Ghee,
Nanded,2021,Energy Milk,
Nanded,2021,Lassi,
Nanded,2021,Masala Milk,
Nanded,2021,Sustainable cow's milk,
