District,Year,Public,Private,C-Section Share of Institutional Deliveries,Public Facilities,Private Facilities
Ahilyanagar,2019,3795,7826,15.8,16.9,15.3
Akola,2019,10546,2805,40.8,44.2,31.7
Amravati,2019,5892,8320,35.5,23.4,56.3
Beed,2019,9336,2466,25.6,29.8,16.6
Bhandara,2019,4786,2964,47,40.1,65.1
Buldhana,2019,2543,2355,11.7,14.6,9.6
Chandrapur,2019,4075,4499,31.3,21.1,55.5
Chh. Sambhaji Nagar,2019,5683,7881,19,14.8,24
Dharashiv,2019,2702,2747,24.7,17.6,41
Dhule,2019,3650,1269,12.9,12.6,13.6
Gadchiroli,2019,3078,199,20.9,20.6,29.3
Gondia,2019,3721,2029,32.9,27.3,52.9
Hingoli,2019,1820,1085,17.8,15.3,24.7
Jalgaon,2019,3100,5185,11.3,10.4,12
Jalna,2019,770,3784,12.9,5.1,18.8
Kolhapur,2019,5167,15010,35.5,27.7,39.4
Latur,2019,4645,4571,22.1,17.8,29.2
Mumbai,2019,23136,24228,32,33.6,30.7
Nagpur,2019,14257,7246,30.6,39.4,21.2
Nanded,2019,2795,7673,17.2,6.9,37.3
Nandurbar,2019,1129,69,4.5,4.8,2.2
Nashik,2019,7386,13118,18.9,13,25.4
Palghar,2019,3417,7787,20.1,10.7,32.8
Parbhani,2019,3246,859,12.6,21.6,4.9
Pune,2019,18773,32813,30.4,26.6,33.1
Raigad,2019,2666,5616,20.6,21.8,20.1
Ratnagiri,2019,1523,4166,35.6,26.4,40.8
Sangli,2019,5819,9996,34.3,32.2,35.7
Satara,2019,3316,12633,35.7,21.3,43.4
Sindhudurg,2019,1985,873,39.1,40.6,36.2
Solapur,2019,5788,8209,19,21.3,17.7
Thane,2019,10650,20760,21,22.8,20.2
Wardha,2019,1627,4244,34.2,23.7,41.2
Washim,2019,259,1258,11.4,3.1,25.9
Yavatmal,2019,2810,3858,16.1,12,21.4
Ahilyanagar,2018,3510,9558,17.8,14.3,19.5
Akola,2018,10124,3266,40.3,42.1,35.6
Amravati,2018,5283,6995,31.8,20.7,53.2
Beed,2018,8591,2436,23.5,26.3,17
Bhandara,2018,5274,2313,45.3,40.1,64
Buldhana,2018,1840,2067,9.5,10.1,9
Chandrapur,2018,3813,5528,30.3,18.8,52.5
Chh. Sambhaji Nagar,2018,5406,4624,14.2,14.6,13.7
Dharashiv,2018,2525,2931,23.9,15.5,45
Dhule,2018,2318,1009,8.4,8.3,8.6
Gadchiroli,2018,2148,207,14.6,13.9,31.9
Gondia,2018,3490,1264,27.4,23.4,52.1
Hingoli,2018,1978,853,16.8,15.6,20.7
Jalgaon,2018,2880,4294,10.3,9.6,10.8
Jalna,2018,634,3392,12.8,4,21.7
Kolhapur,2018,4795,13286,39.3,24.3,50.7
Latur,2018,5160,2777,18.2,16.6,22.3
Mumbai,2018,22309,25811,32.6,32.5,32.8
Nagpur,2018,13328,7480,29.6,36.8,21.9
Nanded,2018,2515,7830,16.9,6.2,38.7
Nandurbar,2018,1076,0,4.8,5.1,0
Nashik,2018,6804,10248,18.1,12,27.2
Palghar,2018,3138,7766,20.9,10.1,37.1
Parbhani,2018,4032,452,13.4,22.9,2.8
Pune,2018,17916,28767,31.2,27.4,34.2
Raigad,2018,2654,6152,24,20.4,26
Ratnagiri,2018,1393,4218,32.6,22,38.8
Sangli,2018,5317,8117,30.8,29.2,32
Satara,2018,2948,11334,32.8,18.3,41.4
Sindhudurg,2018,1790,1224,40.9,37.6,46.9
Solapur,2018,5320,8869,20.1,18.9,20.9
Thane,2018,11141,22674,25.1,23.7,25.9
Wardha,2018,1395,4122,32.6,20.6,40.5
Washim,2018,190,1166,9.1,2.2,18.8
Yavatmal,2018,2331,2498,11.5,9.7,14
Ahilyanagar,2017,2953,9386,16.3,9,21.8
Akola,2017,10107,2185,34.8,39.8,22.1
Amravati,2017,4834,7269,29.7,17.8,53.5
Beed,2017,8157,3433,24.5,23.3,27.8
Bhandara,2017,4703,2424,40.3,33.1,69.6
Buldhana,2017,1453,2920,13.1,7.4,21.1
Chandrapur,2017,4147,2823,24.9,18.5,50.8
Chh. Sambhaji Nagar,2017,4708,6168,13.7,13,14.4
Dharashiv,2017,2209,2375,18.5,12.1,36.8
Dhule,2017,671,450,2.8,2.5,3.5
Gadchiroli,2017,1974,207,12.9,12.2,30.6
Gondia,2017,3409,1112,25.3,21.3,59.9
Hingoli,2017,1425,867,12.4,10.2,19.7
Jalgaon,2017,2359,3487,8.5,7.2,9.6
Jalna,2017,549,3575,13.2,3,27.1
Kolhapur,2017,4687,11403,34.1,21.3,45.3
Latur,2017,4838,1057,13.8,15.6,8.9
Mumbai,2017,23823,25588,32.5,32.3,32.6
Nagpur,2017,13351,7010,29.2,33.4,23.5
Nanded,2017,1679,2438,6.3,3.9,10.9
Nandurbar,2017,1168,39,4.8,4.7,11.8
Nashik,2017,5818,9090,15.8,10,25
Palghar,2017,2736,4817,14.2,8.2,24.2
Parbhani,2017,3922,0,11.1,19.8,0
Pune,2017,16070,19095,24.3,23.6,25
Raigad,2017,2569,5913,24.9,18.8,28.9
Ratnagiri,2017,1477,3817,30.2,20.4,37.1
Sangli,2017,4093,8065,25.5,21.3,28.4
Satara,2017,2850,11992,33.1,16.1,44.3
Sindhudurg,2017,1737,1117,36.7,33.9,42.1
Solapur,2017,4157,12827,22.9,12.9,30.6
Thane,2017,9888,8012,13.3,21,9.1
Wardha,2017,835,4606,31.5,13,42.3
Washim,2017,150,1193,8.3,1.5,18.8
Yavatmal,2017,2330,2203,10.5,8.7,13.3
Ahilyanagar,2016,3569,10373,17.9,12.9,20.7
Akola,2016,9526,1467,31.4,37.8,14.9
Amravati,2016,4168,6535,25.6,14.5,49.8
Beed,2016,6292,1347,16.9,20.8,9
Bhandara,2016,4513,1772,36.8,31.9,60.5
Buldhana,2016,736,2092,7.6,4.1,10.9
Chandrapur,2016,3015,1227,14.7,14.8,14.5
Chh. Sambhaji Nagar,2016,2757,4439,9.5,7.2,12
Dharashiv,2016,1988,2051,16.7,11,33.8
Dhule,2016,5,537,1.3,0,7
Gadchiroli,2016,1467,132,10.3,9.9,19.8
Gondia,2016,2761,997,22.6,18.6,57.8
Hingoli,2016,959,633,9.7,8,14.4
Jalgaon,2016,2495,6203,12.6,8.8,15.3
Jalna,2016,409,3063,10.7,2.3,20.9
Kolhapur,2016,1523,7351,20.1,6.9,33.6
Latur,2016,799,2762,8.6,3.2,17
Mumbai,2016,32047,10150,25.7,43,11.3
Nagpur,2016,12148,2322,31.2,32.2,26.7
Nanded,2016,2245,3386,9.7,5,25.5
Nandurbar,2016,1352,0,6,6.4,0
Nashik,2016,5101,5744,11.1,8.2,16.4
Palghar,2016,2299,4671,14,7.5,24.5
Parbhani,2016,2832,324,11.7,15.3,3.8
Pune,2016,14272,20927,23.5,20.5,26
Raigad,2016,2160,3363,17.7,16.4,18.6
Ratnagiri,2016,1406,1711,16.6,19.4,14.8
Sangli,2016,607,3805,9.3,2.9,14.1
Satara,2016,2870,5465,18.2,15.5,20.1
Sindhudurg,2016,1481,574,25.2,29,18.9
Solapur,2016,2365,6035,12.5,8,16
Thane,2016,7633,16666,24.5,13.6,38.7
Wardha,2016,730,3131,22.2,10.8,29.3
Washim,2016,140,1140,7.6,1.5,15
Yavatmal,2016,1921,3859,14.3,7.7,24.7
Ahilyanagar,2015,3606,3230,8.7,11.7,6.7
Akola,2015,9401,2219,33,32.8,33.9
Amravati,2015,5171,4986,23.6,15.9,47.3
Beed,2015,5326,1510,16,16.4,14.6
Bhandara,2015,4980,1695,33.8,29.6,58.1
Buldhana,2015,526,1684,5.3,2.6,7.8
Chandrapur,2015,2943,2342,17.7,12.4,37.6
Chh. Sambhaji Nagar,2015,1510,2954,5.5,3.7,7.3
Dharashiv,2015,2040,2164,15.6,10.2,30.9
Dhule,2015,11,293,1,0.1,3.7
Gadchiroli,2015,1608,98,10.1,9.9,13.9
Gondia,2015,2599,1129,19.5,15.2,55
Hingoli,2015,931,382,7.5,7.2,8.5
Jalgaon,2015,2265,5824,11.6,8.1,14
Jalna,2015,518,2807,10.4,2.7,22.6
Kolhapur,2015,2461,6145,18.8,10,28.9
Latur,2015,1977,2972,11.2,6.4,22.5
Mumbai,2015,18918,20354,28.3,22.1,38.3
Nagpur,2015,8378,3610,28.2,27.4,30.2
Nanded,2015,1201,3206,6.5,2.1,29.2
Nandurbar,2015,1509,0,6.5,7.1,0
Nashik,2015,5034,3471,9.3,7.5,14
Palghar,2015,1602,1734,7.3,4.4,18.8
Parbhani,2015,2263,293,9.4,10.8,4.8
Pune,2015,12241,14371,19.2,18.2,20
Raigad,2015,2099,2673,16.2,14.8,17.5
Ratnagiri,2015,1440,1341,13.7,18.3,10.9
Sangli,2015,1492,3515,10.4,5.8,15.5
Satara,2015,2749,5482,17.4,13.7,20.1
Sindhudurg,2015,1454,462,21.9,26.4,14.4
Solapur,2015,1712,5942,11.1,5.5,15.7
Thane,2015,6783,8208,15.3,9.7,29.3
Wardha,2015,983,1841,15.2,13.1,16.6
Washim,2015,59,992,5.3,0.6,10.2
Yavatmal,2015,2856,3464,14.1,10.9,18.7
Ahilyanagar,2014,2995,6985,11.6,11.3,11.7
Akola,2014,8427,3838,34.9,34.7,35.2
Amravati,2014,3794,6876,24.9,13.9,44.1
Beed,2014,1942,1728,9.1,9.4,8.9
Bhandara,2014,4396,1556,30.8,26.7,53.8
Buldhana,2014,907,1355,5.7,4,8
Chandrapur,2014,2470,3618,20.7,12.5,37.7
Chh. Sambhaji Nagar,2014,332,2000,2.9,0.9,4.5
Dharashiv,2014,1697,2291,15.1,9.3,28
Dhule,2014,8,619,1.6,0,4.5
Gadchiroli,2014,1461,75,9.2,9,13.3
Gondia,2014,2297,1086,17.9,13.9,46.4
Hingoli,2014,646,534,6.7,5.6,8.9
Jalgaon,2014,1984,5310,10.4,7.3,12.3
Jalna,2014,331,2209,7.5,1.6,15.9
Kolhapur,2014,4011,7847,21.6,16,26.2
Latur,2014,3617,3993,16.1,12,23.4
Mumbai,2014,21248,32699,30.8,23.7,38.1
Nagpur,2014,10806,4723,28.3,28.3,28.2
Nanded,2014,1700,6470,12.7,3.9,31.3
Nandurbar,2014,1090,638,7.2,5.4,16.2
Nashik,2014,5908,3948,11.1,10.2,13
Palghar,2014,722,2827,9.1,2.9,20
Parbhani,2014,1918,219,8.3,9.7,3.6
Pune,2014,10612,19030,20.8,18.4,22.5
Raigad,2014,1950,2546,14.4,14.2,14.4
Ratnagiri,2014,1487,1226,19.9,18.4,22
Sangli,2014,2378,3901,12.6,12.1,13
Satara,2014,2486,6569,19,14.3,21.8
Sindhudurg,2014,1587,565,23.3,27.1,16.6
Solapur,2014,2938,6785,13.5,9.3,16.7
Thane,2014,5730,16536,20.8,11.5,28.9
Wardha,2014,785,3341,17.7,6.5,29.7
Washim,2014,69,1158,5.9,0.8,9.8
Yavatmal,2014,1946,3346,12,7.7,17.6
Ahilyanagar,2013,2537,6405,11.5,11.4,11.6
Akola,2013,6934,2301,22.1,22.3,21.7
Amravati,2013,4064,6032,22.2,14.6,34.4
Beed,2013,1484,25,3.4,6.5,0.1
Bhandara,2013,4073,1124,26.9,24.3,43.5
Buldhana,2013,1175,1353,5.7,5.4,6
Chandrapur,2013,1944,4241,19.9,9.3,41.2
Chh. Sambhaji Nagar,2013,398,1475,4.4,1.6,8
Dharashiv,2013,1647,2097,14.4,10.5,20.3
Dhule,2013,13,741,1.8,0.1,4.4
Gadchiroli,2013,1447,30,10.2,10.2,10.2
Gondia,2013,2161,1179,17.1,12.7,48.1
Hingoli,2013,508,476,6.2,4.4,11.2
Jalgaon,2013,2273,4534,10.1,8.4,11.3
Jalna,2013,367,2073,7.2,1.9,14.6
Kolhapur,2013,3119,9035,19.9,11.9,25.9
Latur,2013,1251,1715,6.1,4.7,7.9
Mumbai,2013,14981,30554,26.9,17.4,36.6
Nagpur,2013,9649,4827,25.2,24,28.2
Nanded,2013,3779,5903,14.1,8.6,23.8
Nandurbar,2013,955,656,7.2,5.2,16.2
Nashik,2013,5626,4282,9.5,9.1,10
Palghar,2013,44,,1.7,1.7,
Parbhani,2013,1694,81,6.5,9.2,0.9
Pune,2013,11607,21274,22.7,19.5,24.9
Raigad,2013,1783,1855,11.1,12.8,9.9
Ratnagiri,2013,1559,969,16.6,18.7,14.1
Sangli,2013,1999,3857,11.2,10.7,11.5
Satara,2013,1940,6469,17.4,12.3,19.9
Sindhudurg,2013,1697,415,22.2,26.7,13.2
Solapur,2013,2639,6206,12.4,8.7,15.2
Thane,2013,5070,13173,13.7,6.9,22.2
Wardha,2013,1120,1953,14.8,12.3,16.9
Washim,2013,89,1107,7.3,1.1,14
Yavatmal,2013,763,2138,8.9,3.5,19.9
Ahilyanagar,2012,2286,9641,13.6,9.1,15.3
Akola,2012,4837,2954,23.7,26.8,19.9
Amravati,2012,3100,5760,21.1,12,35.9
Beed,2012,1434,918,4.9,7.5,3.2
Bhandara,2012,3392,1130,24.8,20.7,62.5
Buldhana,2012,1007,2712,7.7,4.9,9.7
Chandrapur,2012,1606,4167,20,8.5,41.8
Chh. Sambhaji Nagar,2012,144,1423,3.5,0.6,7.4
Dharashiv,2012,1504,2549,11.2,8.7,13.5
Dhule,2012,24,1216,3.4,0.1,10.8
Gadchiroli,2012,1342,89,9.6,9.2,28.1
Gondia,2012,2082,1007,15.9,11.9,55.1
Hingoli,2012,492,326,5.4,4.3,8.4
Jalgaon,2012,2885,4827,10.4,8.6,11.8
Jalna,2012,363,1330,3.9,2,5.3
Kolhapur,2012,605,8879,15.5,2.6,23.8
Latur,2012,1258,906,4.3,4.9,3.7
Mumbai,2012,41662,5291,26.3,49.9,5.6
Nagpur,2012,7212,3364,19.7,17.5,27
Nanded,2012,3167,4643,9.4,6.2,14.6
Nandurbar,2012,869,140,5.9,5.7,7.9
Nashik,2012,4946,4086,8.9,8.3,9.8
Palghar,2012,,,,,
Parbhani,2012,1743,191,6.5,10.4,1.4
Pune,2012,11033,20878,21.8,22.4,21.4
Raigad,2012,1841,5288,19.8,13.5,23.7
Ratnagiri,2012,1339,1730,17.4,15.5,19.2
Sangli,2012,1259,5182,13,8.3,15
Satara,2012,1151,12554,26.1,8.5,32.2
Sindhudurg,2012,1602,1043,26.8,25,30.1
Solapur,2012,2151,7481,13.8,7.6,17.9
Thane,2012,6098,15952,16.3,7.9,27.4
Wardha,2012,931,3089,20.7,10.9,28.4
Washim,2012,75,1350,6.5,1,9.4
Yavatmal,2012,1139,3468,10.7,4.5,19.5
Ahilyanagar,2011,1346,10972,14.9,6.4,17.9
Akola,2011,3032,1129,14.2,17.3,9.5
Amravati,2011,3085,5516,21,12.9,32.3
Beed,2011,763,2722,8.1,4.8,10
Bhandara,2011,3046,793,22.5,19.2,64.7
Buldhana,2011,247,2840,7.2,0.9,17.2
Chandrapur,2011,1792,4024,18.3,9,33.7
Chh. Sambhaji Nagar,2011,44,2474,4.3,0.2,6.6
Dharashiv,2011,1406,2438,12.4,10.3,14.1
Dhule,2011,1948,1769,8.1,7.2,9.3
Gadchiroli,2011,1015,80,7.6,7.3,16.9
Gondia,2011,2036,1058,16.1,11.7,54.8
Hingoli,2011,204,392,3.7,2.6,4.9
Jalgaon,2011,2406,2876,7.9,8.3,7.6
Jalna,2011,533,2574,7.6,3,11.1
Kolhapur,2011,497,8315,14.4,2.2,21.5
Latur,2011,259,677,1.9,1.2,2.5
Mumbai,2011,42135,,24.2,51,0
Nagpur,2011,6056,1656,16.8,15.9,21.4
Nanded,2011,436,5884,8.9,1.1,18.3
Nandurbar,2011,976,329,8.1,7.3,11.5
Nashik,2011,3874,5017,9.1,6.7,12.6
Palghar,2011,,,,,
Parbhani,2011,1334,728,7.3,8.8,5.6
Pune,2011,7299,15830,16.7,17.2,16.5
Raigad,2011,1352,5495,19.8,12.3,23.3
Ratnagiri,2011,1044,3416,18.8,13.2,21.6
Sangli,2011,2086,5777,15.1,16.2,14.7
Satara,2011,1096,12049,25.2,10.6,28.8
Sindhudurg,2011,1365,113,14.1,20.3,3
Solapur,2011,1941,6080,12.8,7.2,17
Thane,2011,4661,14309,14.3,7.7,19.8
Wardha,2011,1793,2398,18.7,12.7,28.9
Washim,2011,3,1662,9.5,0.1,13.9
Yavatmal,2011,1054,3571,11.3,4.3,21.6
Ahilyanagar,2010,413,3165,4,1.4,5.3
Akola,2010,829,189,3,5.6,1
Amravati,2010,500,2317,6.5,1.3,38.2
Beed,2010,808,536,3.5,4.1,2.9
Bhandara,2010,2005,627,16.9,14.2,41.8
Buldhana,2010,824,689,3.7,4,3.3
Chandrapur,2010,,,0,0,0
Chh. Sambhaji Nagar,2010,262,1449,3.3,1.4,4.3
Dharashiv,2010,683,633,5.1,3.2,13.9
Dhule,2010,229,75,0.9,1,0.9
Gadchiroli,2010,2159,88,17.2,17.4,13.3
Gondia,2010,1431,808,15,11,41.7
Hingoli,2010,59,438,3,1.1,3.9
Jalgaon,2010,774,2247,4.8,2.8,6.5
Jalna,2010,391,1220,4.2,2.6,5.3
Kolhapur,2010,2447,3306,9.9,14.1,8.1
Latur,2010,618,531,2.3,2.4,2.3
Mumbai,2010,28103,,15.7,29.8,0
Nagpur,2010,1015,260,2.7,2.4,4.5
Nanded,2010,863,3719,7.6,2.9,12
Nandurbar,2010,315,248,2.8,2,5.6
Nashik,2010,3286,3810,8.3,6.7,10.5
Palghar,2010,,,,,
Parbhani,2010,817,390,4.4,6.3,2.7
Pune,2010,6715,8785,11.3,18.8,8.7
Raigad,2010,1274,4591,17.9,14.3,19.3
Ratnagiri,2010,401,2362,13.4,6.3,16.5
Sangli,2010,748,587,2.6,5.4,1.6
Satara,2010,745,8830,20,7.9,23
Sindhudurg,2010,1033,1137,22.6,17.2,31.6
Solapur,2010,2037,245,3.2,8.5,0.5
Thane,2010,979,4310,3.7,1.7,5.1
Wardha,2010,599,1324,8.3,4,16.2
Washim,2010,111,900,4.8,1.3,7.3
Yavatmal,2010,1264,1525,6.6,3.9,14.9
Ahilyanagar,2009,680,2796,5.4,4.6,5.7
Akola,2009,1128,137,8.3,9.8,3.7
Amravati,2009,1691,1384,8.6,7.4,10.6
Beed,2009,748,388,3.2,4.3,2.1
Bhandara,2009,1504,263,17.1,15.3,57
Buldhana,2009,503,1396,6.9,3.9,9.7
Chandrapur,2009,1068,2790,13.3,6.5,22
Chh. Sambhaji Nagar,2009,17,1178,2.6,0.1,4.2
Dharashiv,2009,805,463,5.8,7.7,4.1
Dhule,2009,89,241,2.2,0.7,8.5
Gadchiroli,2009,4546,376,7.5,7,72.7
Gondia,2009,1338,492,16.6,12.5,136.7
Hingoli,2009,129,490,6.9,1.6,57.9
Jalgaon,2009,1455,1582,4.7,5.6,4
Jalna,2009,318,1014,4,2.5,5
Kolhapur,2009,1749,3783,9.6,7.4,11.2
Latur,2009,321,472,1.8,2,1.7
Mumbai,2009,21513,,37.7,41.5,0
Nagpur,2009,978,275,3.5,2.8,33.7
Nanded,2009,1660,1969,5.8,6,5.7
Nandurbar,2009,80,126,1.3,0.7,2.5
Nashik,2009,2560,1833,5.6,4.5,8.6
Palghar,2009,,,,,
Parbhani,2009,861,152,4.6,7.2,1.5
Pune,2009,5753,6559,11.6,9.3,14.9
Raigad,2009,1336,3323,15.9,15.2,16.3
Ratnagiri,2009,680,2228,15.3,10.9,17.5
Sangli,2009,549,2721,12.8,5.1,18.4
Satara,2009,843,7104,15.9,4.2,23.6
Sindhudurg,2009,889,700,16.3,12.9,24.5
Solapur,2009,3960,2598,10.4,11.8,8.8
Thane,2009,2463,7921,13.3,4.6,33
Wardha,2009,653,1203,9.2,3.9,35.7
Washim,2009,,1311,6.7,0,27.5
Yavatmal,2009,982,126,11.9,10.6,103.3
Ahilyanagar,2008,1068,3881,22.2,6.2,75.7
Akola,2008,154,695,3.6,1.8,4.6
Amravati,2008,96,2202,6.8,1,9.3
Beed,2008,667,215,2.8,3.9,1.5
Bhandara,2008,1591,255,16.3,15.4,26
Buldhana,2008,508,1119,5.1,4.6,5.5
Chandrapur,2008,1739,3098,16.5,11.3,22.2
Chh. Sambhaji Nagar,2008,383,1067,8.7,6.3,10.1
Dharashiv,2008,809,450,5,6.2,3.8
Dhule,2008,374,354,3.6,3,4.8
Gadchiroli,2008,1007,238,12.8,12.1,17
Gondia,2008,1085,269,13.1,12.3,17.7
Hingoli,2008,108,383,3.1,1.5,4.3
Jalgaon,2008,2217,1542,6.4,10.3,4.2
Jalna,2008,273,760,3.3,2,4.4
Kolhapur,2008,2911,5144,13.4,18.9,11.5
Latur,2008,636,263,2.2,4.6,1
Mumbai,2008,,16357,9.3,,9.3
Nagpur,2008,67,1010,3.1,0.2,37.9
Nanded,2008,1405,2549,7,8,6.6
Nandurbar,2008,133,64,1.4,1.3,1.8
Nashik,2008,3384,1337,6,10.8,2.9
Palghar,2008,,,,,
Parbhani,2008,1046,138,9.3,9.5,7.9
Pune,2008,7273,5089,8.5,24.8,4.4
Raigad,2008,1133,2028,11.5,9,13.5
Ratnagiri,2008,689,2104,12.8,13.2,12.7
Sangli,2008,1529,3337,9.9,14.2,8.7
Satara,2008,776,6088,13.3,7.1,14.9
Sindhudurg,2008,580,547,10.6,12.4,9.1
Solapur,2008,2039,2309,6.9,12.5,4.9
Thane,2008,4072,9391,7.7,10.6,6.9
Wardha,2008,540,851,7.2,6,8.1
Washim,2008,383,1067,8.7,6.3,10.1
Yavatmal,2008,431,845,3.3,3.6,3.2
