District,Year,Inpatients,Outpatients,Given Allopathic Treatment,Received AYUSH Treatment,Outpatients to Inpatients,Major Operations,Minor Operations,Hysterectomies Performed
Ahilyanagar,2019,121386,3084400,2972120,112280,3.9,4977,7449,2051
Akola,2019,138892,1635457,1568057,67400,8.5,7225,2887,48
Amravati,2019,216558,3050813,2797127,253686,7.1,12279,27337,362
Beed,2019,171431,2592209,2432129,160080,6.6,10551,17014,473
Bhandara,2019,107963,2187702,1992093,195609,4.9,10301,7204,147
Buldhana,2019,191694,2695942,2408002,287940,7.1,3636,10002,459
Chandrapur,2019,158843,3439799,3077157,362642,4.6,12181,16506,5340
Chh. Sambhaji Nagar,2019,204862,3693782,3572255,121527,5.5,6248,15449,282
Dharashiv,2019,141539,2366363,2218276,148087,6,6519,15151,313
Dhule,2019,101097,1548341,1464416,83925,6.5,3504,3190,218
Gadchiroli,2019,113306,1774152,1583998,190154,6.4,5280,8554,423
Gondia,2019,83089,1692993,1516031,176962,4.9,3681,8732,837
Hingoli,2019,79151,1292228,1210737,81491,6.1,2865,24503,756
Jalgaon,2019,247110,3237602,3060455,177147,7.6,3917,4241,185
Jalna,2019,103663,1728905,1549400,179505,6,3835,5647,59
Kolhapur,2019,209214,3413177,3199180,213997,6.1,13957,16487,319
Latur,2019,122317,2354537,2105266,249271,5.2,3657,6147,725
Mumbai,2019,640949,14336160,14215166,120994,4.5,65737,57944,5273
Nagpur,2019,111413,3554728,3276318,278410,3.1,12030,13108,93
Nanded,2019,200491,3485874,3267205,218669,5.8,8816,16172,10
Nandurbar,2019,143245,1732062,1652816,79246,8.3,1370,7294,167
Nashik,2019,337823,5749139,5595460,153679,5.9,18807,43318,762
Palghar,2019,152457,3214619,3038157,176462,4.7,4022,10798,345
Parbhani,2019,141433,1987019,1805793,181226,7.1,5653,12187,215
Pune,2019,415482,9126613,8864823,261790,4.6,34681,41339,2242
Raigad,2019,108599,1771403,1591172,180231,6.1,6546,6005,650
Ratnagiri,2019,116039,1623920,1583779,40141,7.1,2863,7326,309
Sangli,2019,155772,2725225,2600204,125021,5.7,9752,8247,694
Satara,2019,138291,2811823,2740352,71471,4.9,5099,13149,162
Sindhudurg,2019,58400,1238084,1180587,57497,4.7,3163,6846,394
Solapur,2019,209267,3434908,3334351,100557,6.1,10093,15732,336
Thane,2019,243555,5812530,5679617,132913,4.2,15157,31061,3186
Wardha,2019,78311,2254882,2032051,222831,3.5,5178,9535,909
Washim,2019,98673,1499797,1369817,129980,6.6,116,2508,3
Yavatmal,2019,141505,2574318,2397373,176945,5.5,517,2308,17
Ahilyanagar,2018,118545,2714028,2595372,118656,4.4,4214,6959,2124
Akola,2018,112973,1423727,1343429,80298,7.9,6959,4183,433
Amravati,2018,203323,2752063,2509013,243050,7.4,11371,24572,439
Beed,2018,143667,2222953,2066437,156516,6.5,10284,14243,924
Bhandara,2018,103534,1814147,1663176,150971,5.7,10780,6499,190
Buldhana,2018,170128,2315900,2042252,273648,7.3,4168,7638,953
Chandrapur,2018,135450,3003856,2679909,323947,4.5,13422,17294,4842
Chh. Sambhaji Nagar,2018,176844,2925488,2824837,100651,6,16961,19865,445
Dharashiv,2018,138704,1879936,1706103,173833,7.4,4633,25653,258
Dhule,2018,75151,1246607,1171836,74771,6,2461,3216,254
Gadchiroli,2018,102486,1576783,1418174,158609,6.5,4786,8119,784
Gondia,2018,80506,1466294,1270842,195452,5.5,9727,8044,2095
Hingoli,2018,77581,943894,845226,98668,8.2,2722,25536,1296
Jalgaon,2018,164698,2690850,2541845,149005,6.1,3792,5807,594
Jalna,2018,98558,1435611,1268305,167306,6.9,3843,5914,262
Kolhapur,2018,213584,3015762,2817917,197845,7.1,13367,17764,431
Latur,2018,101392,1920551,1670635,249916,5.3,3074,7355,1734
Mumbai,2018,607062,14752858,14593520,159338,4.1,72925,79713,8403
Nagpur,2018,98114,3089307,2792214,297093,3.2,11886,15222,253
Nanded,2018,215159,3005084,2736649,268435,7.2,10201,16313,9
Nandurbar,2018,139273,1422906,1358096,64810,9.8,1577,4770,563
Nashik,2018,336711,5047835,4892204,155631,6.7,18406,32599,495
Palghar,2018,146849,3092664,2840748,251916,4.7,4284,9935,230
Parbhani,2018,128790,1875575,1707309,168266,6.9,6601,11780,237
Pune,2018,379096,8922189,8595717,326472,4.2,38274,40901,2655
Raigad,2018,89930,1706155,1537623,168532,5.3,6599,5982,1114
Ratnagiri,2018,116570,1502573,1471662,30911,7.8,2520,9543,324
Sangli,2018,134060,2342159,2215525,126634,5.7,10027,8946,1520
Satara,2018,140746,2298178,2215051,83127,6.1,3688,13534,156
Sindhudurg,2018,55801,999701,912990,86711,5.6,3104,6400,678
Solapur,2018,190951,3090486,3008992,81494,6.2,10447,17270,575
Thane,2018,240580,5179848,5067885,111963,4.6,15319,29032,5258
Wardha,2018,77324,1929314,1681605,247709,4,4317,10367,562
Washim,2018,85004,1141518,1042823,98695,7.4,954,2857,0
Yavatmal,2018,140798,2153486,2008445,145041,6.5,742,2521,177
Ahilyanagar,2017,125742,2569910,2428898,141012,4.9,4433,7141,1557
Akola,2017,116390,1669135,1606583,62552,7,7472,5212,177
Amravati,2017,222996,2637957,2444972,192985,8.5,11007,22427,358
Beed,2017,144091,2168264,2016993,151271,6.6,8292,16891,664
Bhandara,2017,118900,2183305,1991996,191309,5.4,11000,7606,4638
Buldhana,2017,163939,2313895,1994813,319082,7.1,5550,6490,560
Chandrapur,2017,132523,2777687,2509569,268118,4.8,11445,17009,4857
Chh. Sambhaji Nagar,2017,110581,2463714,2318282,145432,4.5,2291,22199,494
Dharashiv,2017,140480,1994962,1816343,178619,7,5422,26823,1353
Dhule,2017,62357,1175601,1072793,102808,5.3,938,2459,226
Gadchiroli,2017,94161,1487448,1337291,150157,6.3,4117,6672,1996
Gondia,2017,78317,1571584,1341939,229645,5,8721,8539,1948
Hingoli,2017,78804,956996,863730,93266,8.2,2625,21870,1127
Jalgaon,2017,158331,2592223,2443680,148543,6.1,3511,6145,476
Jalna,2017,101893,1557582,1387680,169902,6.5,3054,6653,142
Kolhapur,2017,210420,3029637,2828581,201056,6.9,18305,20261,584
Latur,2017,122413,1931145,1665767,265378,6.3,2995,8110,1361
Mumbai,2017,544517,14697902,14508899,189003,3.7,73047,49547,10759
Nagpur,2017,136977,3229627,2940758,288869,4.2,13386,15438,560
Nanded,2017,217822,2771022,2535616,235406,7.9,6832,9927,1515
Nandurbar,2017,121824,1200995,1150272,50723,10.1,2556,2221,213
Nashik,2017,290984,4622215,4483422,138793,6.3,14029,22306,597
Palghar,2017,151525,2937806,2736657,201149,5.2,4552,9794,337
Parbhani,2017,154634,2001603,1857355,144248,7.7,7531,12531,502
Pune,2017,348893,8055081,7733075,322006,4.3,18660,23832,3474
Raigad,2017,91650,1718881,1521544,197337,5.3,4711,5860,1308
Ratnagiri,2017,121029,1456862,1406097,50765,8.3,2303,9815,678
Sangli,2017,151216,2492050,2299398,192652,6.1,7556,15885,1482
Satara,2017,146613,2265104,2165250,99854,6.5,4217,12655,443
Sindhudurg,2017,61733,991876,903237,88639,6.2,3058,5851,306
Solapur,2017,154267,2829096,2743815,85281,5.5,9033,12075,205
Thane,2017,261055,5135340,4996615,138725,5.1,14482,23020,2357
Wardha,2017,72371,1909704,1687675,222029,3.8,3799,9835,514
Washim,2017,67586,1165769,1092185,73584,5.8,1350,2877,86
Yavatmal,2017,156884,2256413,2115092,141321,7,1400,2939,6
Ahilyanagar,2016,128241,3242347,,109926,4,6781,8198,127
Akola,2016,115384,1531757,,94883,7.5,8873,2224,72
Amravati,2016,171150,2525047,,240296,6.8,11943,10802,616
Beed,2016,133755,2268923,,224605,5.9,10507,18526,519
Bhandara,2016,102095,1872526,,218094,5.5,10406,7278,79
Buldhana,2016,159182,2283065,,306396,7,3865,6081,26
Chandrapur,2016,119101,2750773,,287717,4.3,10354,12850,132
Chh. Sambhaji Nagar,2016,98294,2249140,,135487,4.4,627,7721,16
Dharashiv,2016,130588,1971732,,220815,6.6,8648,12921,227
Dhule,2016,93621,1181860,,79060,7.9,626,2668,11
Gadchiroli,2016,93272,1626639,,154942,5.7,4472,7385,57
Gondia,2016,86437,1510052,,248874,5.7,8888,6675,231
Hingoli,2016,80408,947215,,101375,8.5,3196,21036,150
Jalgaon,2016,154282,2595778,,148073,5.9,5363,3725,77
Jalna,2016,108431,1440650,,174334,7.5,2945,6212,107
Kolhapur,2016,158723,2486087,,188169,6.4,8137,12151,489
Latur,2016,102075,2126724,,326729,4.8,4849,6600,237
Mumbai,2016,545630,15835297,,146626,3.4,77810,33059,3487
Nagpur,2016,95524,2716874,,127729,3.5,13571,11441,160
Nanded,2016,209304,2818603,,280436,7.4,5955,7532,109
Nandurbar,2016,114854,1498972,,57798,7.7,2774,2620,186
Nashik,2016,299018,4847566,,206473,6.2,16630,17402,357
Palghar,2016,139228,2358546,,146004,5.9,4925,6903,106
Parbhani,2016,145179,2134978,,214720,6.8,7782,12834,108
Pune,2016,334310,8018642,,246265,4.2,25589,22397,628
Raigad,2016,101080,1689162,,276931,6,5854,6714,266
Ratnagiri,2016,116189,1523593,,100341,7.6,5157,8702,497
Sangli,2016,90445,1808962,,175024,5,9261,6470,524
Satara,2016,135821,2188374,,101670,6.2,8463,14124,133
Sindhudurg,2016,60781,1063206,,80958,5.7,3876,6458,253
Solapur,2016,138737,2658920,,84631,5.2,4400,6046,110
Thane,2016,221577,4827544,,130512,4.6,18557,21226,4017
Wardha,2016,76228,1985832,,260997,3.8,3675,8826,28
Washim,2016,74697,1226618,,79009,6.1,1429,1975,190
Yavatmal,2016,148106,2348308,,130131,6.3,2104,2175,161
Ahilyanagar,2015,141213,3013372,,108867,4.7,7628,7583,153
Akola,2015,117245,1487808,,100746,7.9,9783,6532,86
Amravati,2015,166860,2573696,,248038,6.5,11433,11554,1046
Beed,2015,157608,2593964,,301898,6.1,14083,15741,238
Bhandara,2015,117069,1854042,,196743,6.3,11461,10192,76
Buldhana,2015,163343,2248660,,307704,7.3,5580,6565,347
Chandrapur,2015,127173,2669648,,303141,4.8,11074,10412,119
Chh. Sambhaji Nagar,2015,93238,2307275,,159255,4,894,7203,51
Dharashiv,2015,146320,2039150,,224374,7.2,11131,8139,641
Dhule,2015,78837,1161251,,72187,6.8,1760,3088,41
Gadchiroli,2015,97371,1716623,,171432,5.7,5642,7639,60
Gondia,2015,93820,1454478,,209159,6.5,7960,6162,316
Hingoli,2015,77548,957430,,106836,8.1,4021,21449,92
Jalgaon,2015,174033,2601380,,172323,6.7,6535,3627,56
Jalna,2015,110136,1542454,,186506,7.1,4522,6348,7
Kolhapur,2015,157803,2401600,,189834,6.6,6779,12776,1081
Latur,2015,111566,2177059,,367094,5.1,5472,5640,475
Mumbai,2015,535637,11411014,,88980,4.7,74330,41033,2140
Nagpur,2015,98803,2467996,,173603,4,8510,12540,73
Nanded,2015,190004,2857849,,209883,6.6,7615,7595,75
Nandurbar,2015,110636,1378880,,50647,8,3858,2843,41
Nashik,2015,317705,4969949,,220609,6.4,15970,16805,574
Palghar,2015,135715,2198578,,137627,6.2,3739,6412,181
Parbhani,2015,155387,2153750,,205324,7.2,8228,14090,95
Pune,2015,341609,6687248,,230822,5.1,25055,19329,350
Raigad,2015,104316,1674028,,210883,6.2,6363,6965,343
Ratnagiri,2015,113660,1655043,,46779,6.9,6244,9188,836
Sangli,2015,79060,1544752,,150271,5.1,10086,8556,171
Satara,2015,134119,2306145,,121808,5.8,7532,12409,138
Sindhudurg,2015,59464,1126465,,74684,5.3,3479,6448,465
Solapur,2015,112201,2448652,,82565,4.6,5048,5165,77
Thane,2015,215458,3812098,,128616,5.7,17614,20439,6010
Wardha,2015,75161,1931839,,273353,3.9,4095,7142,76
Washim,2015,74775,1210580,,92820,6.2,2005,1284,71
Yavatmal,2015,133348,2143260,,132597,6.2,4143,2824,1089
Ahilyanagar,2014,115666,2831049,,111570,4.1,7092,8073,200
Akola,2014,93098,1359111,,158883,6.8,8610,3176,18
Amravati,2014,181029,2387139,,220041,7.6,13838,10886,556
Beed,2014,132264,2279987,,308282,5.8,10447,18893,98
Bhandara,2014,101629,1670867,,168246,6.1,12135,7549,71
Buldhana,2014,185350,2098533,,296922,8.8,7184,9536,373
Chandrapur,2014,114980,2478156,,227976,4.6,10292,10392,44
Chh. Sambhaji Nagar,2014,77363,1812000,,112519,4.3,1020,5848,34
Dharashiv,2014,107325,1789762,,187152,6,10794,8674,362
Dhule,2014,91235,1050514,,52552,8.7,1802,3162,0
Gadchiroli,2014,98842,1542469,,130194,6.4,7305,5288,101
Gondia,2014,80126,1381885,,148476,5.8,7104,6197,505
Hingoli,2014,68931,891095,,88878,7.7,4203,6747,51
Jalgaon,2014,153396,2478825,,166065,6.2,6863,4589,78
Jalna,2014,96802,1535124,,157230,6.3,4717,4646,5
Kolhapur,2014,135100,2117000,,178047,6.4,5864,11223,425
Latur,2014,106054,1941082,,343164,5.5,4995,6571,306
Mumbai,2014,475392,11646905,,,4.1,79315,72861,14
Nagpur,2014,93764,2470032,,235942,3.8,8117,11389,55
Nanded,2014,161890,2406834,,187067,6.7,7418,5780,344
Nandurbar,2014,98567,1344812,,47324,7.3,5627,3044,20
Nashik,2014,271367,4555593,,230300,6,19308,16414,426
Palghar,2014,115150,1657443,,109245,6.9,2581,5574,47
Parbhani,2014,120068,2094149,,173255,5.7,7131,13723,27
Pune,2014,272942,5161404,,203965,5.3,18028,18107,88
Raigad,2014,115252,1502844,,163469,7.7,6799,3995,279
Ratnagiri,2014,94543,1508580,,41131,6.3,5224,7974,560
Sangli,2014,73395,1447999,,102848,5.1,1561,7600,60
Satara,2014,110332,2316325,,157371,4.8,6746,11174,309
Sindhudurg,2014,50811,1085103,,56015,4.7,4402,4221,315
Solapur,2014,104753,2283632,,62568,4.6,4440,4656,323
Thane,2014,192158,3483922,,99313,5.5,17676,12407,3489
Wardha,2014,78619,1763001,,233674,4.5,4380,4026,0
Washim,2014,59548,1130879,,47053,5.3,3185,739,402
Yavatmal,2014,146525,3063815,,155149,4.8,4259,2628,500
Ahilyanagar,2013,117896,2550566,,63956,4.6,6048,8158,53
Akola,2013,67712,866938,,51983,7.8,7853,3861,0
Amravati,2013,166910,2148416,,141055,7.8,10758,7725,613
Beed,2013,125117,1411293,,113618,8.9,11414,3993,60
Bhandara,2013,116967,1475074,,71653,7.9,10873,7029,0
Buldhana,2013,176697,2001373,,143218,8.8,6602,3742,157
Chandrapur,2013,94641,2218545,,215340,4.3,1352,5458,39
Chh. Sambhaji Nagar,2013,78348,1539964,,70162,5.1,4602,5763,45
Dharashiv,2013,94003,1435842,,173175,6.5,6622,5800,64
Dhule,2013,62594,891666,,61401,7,995,2311,1
Gadchiroli,2013,78147,1232101,,103863,6.3,6978,2750,130
Gondia,2013,64687,1160575,,51515,5.6,6539,4541,20
Hingoli,2013,56401,632556,,42500,8.9,3528,3448,45
Jalgaon,2013,150928,2169078,,99006,7,5277,3079,38
Jalna,2013,77161,1110191,,125413,7,5436,2134,0
Kolhapur,2013,117106,2009659,,88289,5.8,5348,9599,170
Latur,2013,108104,1479109,,202498,7.3,4419,4418,61
Mumbai,2013,479949,10379731,,,4.6,71329,62825,
Nagpur,2013,117001,1724062,,189548,6.8,7926,9926,80
Nanded,2013,121870,1450454,,121783,8.4,3583,2876,141
Nandurbar,2013,98180,1164450,,26508,8.4,4697,2629,71
Nashik,2013,262067,3719628,,138321,7,17054,11429,0
Palghar,2013,11837,131528,,10905,9,185,826,25
Parbhani,2013,100096,1675852,,47741,6,6882,9137,49
Pune,2013,314494,4202270,,129895,7.5,19947,15415,143
Raigad,2013,104142,1472072,,52272,7.1,7754,5247,60
Ratnagiri,2013,97921,1294467,,56535,7.6,4473,9526,147
Sangli,2013,51453,1277420,,71413,4,1633,6462,56
Satara,2013,122131,2017206,,140141,6.1,6022,5360,121
Sindhudurg,2013,54625,1101351,,33119,5,5008,5356,107
Solapur,2013,108604,2138415,,46292,5.1,6646,6718,235
Thane,2013,299831,3795212,,111497,7.9,13807,10657,44
Wardha,2013,81223,1315988,,76646,6.2,4340,5150,0
Washim,2013,49259,824449,,26711,6,3139,661,0
Yavatmal,2013,111081,1765095,,133364,6.3,4276,2671,106
Ahilyanagar,2012,104447,1974204,,58238,5.3,8063,9635,
Akola,2012,78277,704084,,39353,11.1,6232,4875,
Amravati,2012,177049,1868077,,95709,9.5,10713,14434,
Beed,2012,135043,1200742,,97600,11.2,5908,8369,
Bhandara,2012,77832,1082931,,91641,7.2,9621,7691,
Buldhana,2012,147715,1305475,,237497,11.3,5833,6487,
Chandrapur,2012,125476,1791185,,152999,7,9287,8340,
Chh. Sambhaji Nagar,2012,74933,1246314,,35156,6,482,6143,
Dharashiv,2012,99102,1106283,,131280,9,7191,14723,
Dhule,2012,57045,985866,,27392,5.8,2393,3463,
Gadchiroli,2012,77926,848200,,45719,9.2,5419,3600,
Gondia,2012,59162,919991,,94024,6.4,3935,3360,
Hingoli,2012,71830,478109,,49879,15,3486,4122,
Jalgaon,2012,113730,1612344,,108526,7.1,5962,6980,
Jalna,2012,83648,818350,,73987,10.2,3328,5725,
Kolhapur,2012,90224,1547669,,107106,5.8,10530,11314,
Latur,2012,109260,1329591,,137673,8.2,4166,8298,
Mumbai,2012,495790,9294078,,,5.3,72131,62676,
Nagpur,2012,100787,1737008,,59076,5.8,9838,9462,
Nanded,2012,133973,1501402,,175372,8.9,2941,3790,
Nandurbar,2012,74729,761279,,14811,9.8,6737,7308,
Nashik,2012,251649,2935071,,57784,8.6,15637,31407,
Palghar,2012,,,,,,,,
Parbhani,2012,103406,975035,,68955,10.6,4253,9494,
Pune,2012,255643,3817098,,107847,6.7,17683,17574,
Raigad,2012,103341,1216774,,55680,8.5,7053,5825,
Ratnagiri,2012,87327,1126604,,54112,7.8,4502,8102,
Sangli,2012,50874,955021,,57820,5.3,1247,9894,
Satara,2012,118297,1692317,,61514,7,3285,6375,
Sindhudurg,2012,53356,763385,,41979,7,3566,4998,
Solapur,2012,93460,1554523,,34465,6,5654,7568,
Thane,2012,265951,3805463,,108082,7,15776,21957,
Wardha,2012,68938,1006569,,127386,6.8,4586,6915,
Washim,2012,51629,573746,,18226,9,2523,1268,
Yavatmal,2012,106572,1111720,,92384,9.6,2313,4877,
Ahilyanagar,2011,94711,1503964,,46164,6.3,4957,7594,
Akola,2011,87530,548910,,19624,15.9,4331,3015,
Amravati,2011,154756,1779124,,74984,8.7,9713,15680,
Beed,2011,101366,804897,,35829,12.6,4828,3630,
Bhandara,2011,80845,951707,,60037,8.5,6437,4049,
Buldhana,2011,120453,996892,,109427,12.1,5030,3889,
Chandrapur,2011,139585,1557044,,68149,9,9208,5748,
Chh. Sambhaji Nagar,2011,52209,845144,,22788,6.2,333,4909,
Dharashiv,2011,92731,857831,,125401,10.8,4001,7839,
Dhule,2011,34670,531042,,9457,6.5,1490,1534,
Gadchiroli,2011,44881,520089,,27891,8.6,959,1512,
Gondia,2011,72290,872893,,49874,8.3,3484,2509,
Hingoli,2011,55565,411859,,38909,13.5,411,1005,
Jalgaon,2011,137126,1347607,,91376,10.2,5152,7440,
Jalna,2011,47553,462354,,34538,10.3,1277,3039,
Kolhapur,2011,94058,1335575,,70808,7,7887,8023,
Latur,2011,88582,1224796,,132238,7.2,1957,6044,
Mumbai,2011,523238,10885828,,,4.8,78451,73710,
Nagpur,2011,125424,1397227,,36796,9,8881,10804,
Nanded,2011,159260,1237989,,154903,12.9,2955,3983,
Nandurbar,2011,80220,635728,,9259,12.6,1623,4041,
Nashik,2011,189980,2293768,,95974,8.3,7044,11624,
Palghar,2011,,,,,,,,
Parbhani,2011,88001,784145,,19812,11.2,3614,5472,
Pune,2011,205290,2706912,,69300,7.6,12940,13563,
Raigad,2011,92283,1071166,,30848,8.6,5028,4519,
Ratnagiri,2011,102195,979933,,26026,10.4,3688,4279,
Sangli,2011,47298,754405,,36404,6.3,1159,6852,
Satara,2011,106680,1403184,,49797,7.6,2428,4911,
Sindhudurg,2011,57875,728563,,34046,7.9,3785,4973,
Solapur,2011,111082,1426439,,30279,7.8,3456,8774,
Thane,2011,184260,1736003,,23069,10.6,1853,9434,
Wardha,2011,59908,575355,,44400,10.4,1922,2755,
Washim,2011,39570,401176,,22319,9.9,132,685,
Yavatmal,2011,153020,1031455,,65735,14.8,2264,4450,
Ahilyanagar,2010,,,,,,,,
Akola,2010,3339,95438,,,3.5,,,
Amravati,2010,58542,204546,,7805,28.6,4477,7299,
Beed,2010,,,,,,,,
Bhandara,2010,,,,,,,,
Buldhana,2010,,,,,,,,
Chandrapur,2010,,,,,,,,
Chh. Sambhaji Nagar,2010,,,,,,,,
Dharashiv,2010,,,,,,,,
Dhule,2010,2516,257104,,8316,1,1247,1119,
Gadchiroli,2010,169,,,,,,,
Gondia,2010,,,,,,,,
Hingoli,2010,,,,,,,,
Jalgaon,2010,,597901,,,0,,,
Jalna,2010,19,652234,,,0,1966,1466,
Kolhapur,2010,,850175,,,0,,,
Latur,2010,,35057,,,0,140,201,
Mumbai,2010,,,,,,,,
Nagpur,2010,,,,1,,,,
Nanded,2010,,323018,,,0,,,
Nandurbar,2010,432,330632,,,0.1,,,
Nashik,2010,,,,,,,,
Palghar,2010,,,,,,,,
Parbhani,2010,204,,,,,,,
Pune,2010,1055009,1300617,,,81.1,,,
Raigad,2010,,,,,,,,
Ratnagiri,2010,,,,,,,,
Sangli,2010,4794,70222,,1835,6.8,140,527,
Satara,2010,,,,,,,,
Sindhudurg,2010,,,,,,,,
Solapur,2010,258,714370,,,0,,,
Thane,2010,85,,,,,,,
Wardha,2010,,,,,,,,
Washim,2010,,74919,,3410,0,,,
Yavatmal,2010,,,,10,,,,
Ahilyanagar,2009,,261022,,,0,560,659,
Akola,2009,887,279820,,8,0.3,1136,458,
Amravati,2009,288,349856,,1397,0.1,5619,7643,
Beed,2009,,,,,,,,
Bhandara,2009,,203568,,,0,1064,467,
Buldhana,2009,6246,,,,,,,
Chandrapur,2009,,335578,,,0,1803,1313,
Chh. Sambhaji Nagar,2009,,325934,,,0,202,493,
Dharashiv,2009,,169830,,,0,1349,374,
Dhule,2009,,284283,,4120,0,423,1103,
Gadchiroli,2009,,158048,,,0,772,544,
Gondia,2009,,193907,,,0,1417,837,
Hingoli,2009,,58116,,,0,309,203,
Jalgaon,2009,,771735,,,0,,21,
Jalna,2009,,461838,,63,0,898,658,
Kolhapur,2009,,821609,,,0,2516,1683,
Latur,2009,,223153,,,0,158,535,
Mumbai,2009,,,,,,,,
Nagpur,2009,,393272,,24,0,1294,1679,
Nanded,2009,,598725,,,0,,,
Nandurbar,2009,,126412,,,0,647,630,
Nashik,2009,,457595,,,0,626,1049,
Palghar,2009,,,,,,,,
Parbhani,2009,,196457,,,0,,,
Pune,2009,,1228192,,11621,0,1872,1213,
Raigad,2009,,,,,,,,
Ratnagiri,2009,,229881,,,0,1187,1419,
Sangli,2009,334,212627,,,0.2,323,563,
Satara,2009,,276102,,,0,1606,1234,
Sindhudurg,2009,,75268,,,0,714,1390,
Solapur,2009,3115,666817,,2,0.5,680,1278,
Thane,2009,,617217,,,0,828,6597,
Wardha,2009,,169047,,,0,881,1810,
Washim,2009,,232825,,10407,0,57,188,
Yavatmal,2009,,269527,,7,0,1689,3003,
Ahilyanagar,2008,,,,,,,,
Akola,2008,,,,,,,,
Amravati,2008,,,,,,,,
Beed,2008,,,,,,1286,,
Bhandara,2008,,,,,,,,
Buldhana,2008,,,,,,,,
Chandrapur,2008,,,,,,,,
Chh. Sambhaji Nagar,2008,,,,,,,,
Dharashiv,2008,,,,,,20,92,
Dhule,2008,,,,,,,,
Gadchiroli,2008,,,,,,,,
Gondia,2008,,,,,,,,
Hingoli,2008,,,,,,,,
Jalgaon,2008,,47460,,,0,,,
Jalna,2008,,22800,,,0,17,205,
Kolhapur,2008,,83548,,,0,,,
Latur,2008,,,,,,,,
Mumbai,2008,,,,,,,,
Nagpur,2008,,,,,,,,
Nanded,2008,24085,78082,,,30.8,,,
Nandurbar,2008,,,,,,642,,
Nashik,2008,,,,,,,,
Palghar,2008,,,,,,,,
Parbhani,2008,,,,,,,,
Pune,2008,,,,,,,,
Raigad,2008,,,,,,1165,,
Ratnagiri,2008,,,,,,628,,
Sangli,2008,,,,,,,,
Satara,2008,,,,,,,,
Sindhudurg,2008,,,,,,,,
Solapur,2008,,,,,,,,
Thane,2008,,,,2,,,,
Wardha,2008,,,,,,,,
Washim,2008,,,,,,,,
Yavatmal,2008,,,,,,,,
