District,Year,Moderately Anaemic Women,Women with Severe Anemia Treated at Institution
Ahilyanagar,2019,78655,3723
Akola,2019,34774,2425
Amravati,2019,41234,2347
Beed,2019,43256,2436
Bhandara,2019,18537,789
Buldhana,2019,39815,2818
Chandrapur,2019,39758,805
Chh. Sambhaji Nagar,2019,65489,1550
Dharashiv,2019,30320,718
Dhule,2019,37848,2264
Gadchiroli,2019,17282,535
Gondia,2019,18222,176
Hingoli,2019,21851,1641
Jalgaon,2019,73864,2538
Jalna,2019,42480,1333
Kolhapur,2019,51001,2546
Latur,2019,43796,2243
Mumbai,2019,97385,4778
Nagpur,2019,57926,2622
Nanded,2019,48394,1918
Nandurbar,2019,37045,3877
Nashik,2019,150085,7228
Palghar,2019,48008,2362
Parbhani,2019,33126,1228
Pune,2019,146652,5445
Raigad,2019,40336,776
Ratnagiri,2019,18006,361
Sangli,2019,52539,1426
Satara,2019,38902,2666
Sindhudurg,2019,6271,85
Solapur,2019,66640,2843
Thane,2019,146597,5958
Wardha,2019,17576,580
Washim,2019,18486,1387
Yavatmal,2019,42292,2816
Ahilyanagar,2018,70450,3626
Akola,2018,33106,1279
Amravati,2018,45358,1309
Beed,2018,42735,1483
Bhandara,2018,17520,1048
Buldhana,2018,41244,1704
Chandrapur,2018,38194,1571
Chh. Sambhaji Nagar,2018,63257,2316
Dharashiv,2018,28226,575
Dhule,2018,39371,2005
Gadchiroli,2018,19205,588
Gondia,2018,18165,195
Hingoli,2018,21708,945
Jalgaon,2018,70195,2767
Jalna,2018,39272,819
Kolhapur,2018,59454,1864
Latur,2018,46170,2554
Mumbai,2018,106378,4741
Nagpur,2018,69941,2195
Nanded,2018,47484,2570
Nandurbar,2018,35084,2471
Nashik,2018,139160,6479
Palghar,2018,43050,2306
Parbhani,2018,31416,1106
Pune,2018,145334,4835
Raigad,2018,37402,613
Ratnagiri,2018,18394,336
Sangli,2018,46384,1299
Satara,2018,45609,2478
Sindhudurg,2018,7100,197
Solapur,2018,68893,2062
Thane,2018,138812,3934
Wardha,2018,18944,864
Washim,2018,19725,933
Yavatmal,2018,41648,3237
Ahilyanagar,2017,68302,1963
Akola,2017,33056,1145
Amravati,2017,43043,1030
Beed,2017,42011,1185
Bhandara,2017,18644,404
Buldhana,2017,37945,1334
Chandrapur,2017,34575,1150
Chh. Sambhaji Nagar,2017,64690,2033
Dharashiv,2017,28958,532
Dhule,2017,34765,1647
Gadchiroli,2017,20205,583
Gondia,2017,26133,277
Hingoli,2017,18967,427
Jalgaon,2017,65362,1267
Jalna,2017,40157,500
Kolhapur,2017,64877,1516
Latur,2017,44618,3370
Mumbai,2017,73752,2941
Nagpur,2017,56548,1465
Nanded,2017,54059,3623
Nandurbar,2017,37191,1039
Nashik,2017,133430,2310
Palghar,2017,53166,1682
Parbhani,2017,29866,640
Pune,2017,168274,4091
Raigad,2017,37935,386
Ratnagiri,2017,19971,361
Sangli,2017,49142,894
Satara,2017,41646,1941
Sindhudurg,2017,8941,103
Solapur,2017,60182,695
Thane,2017,144346,3429
Wardha,2017,18231,546
Washim,2017,19987,205
Yavatmal,2017,37194,2146
Ahilyanagar,2016,70321,224
Akola,2016,28044,741
Amravati,2016,38556,377
Beed,2016,35935,989
Bhandara,2016,18823,75
Buldhana,2016,36597,143
Chandrapur,2016,32744,220
Chh. Sambhaji Nagar,2016,48070,1198
Dharashiv,2016,26779,147
Dhule,2016,33119,474
Gadchiroli,2016,17855,581
Gondia,2016,21879,322
Hingoli,2016,18894,574
Jalgaon,2016,67276,449
Jalna,2016,35779,162
Kolhapur,2016,56342,112
Latur,2016,46003,1722
Mumbai,2016,65711,2014
Nagpur,2016,59089,1372
Nanded,2016,53507,3285
Nandurbar,2016,34114,236
Nashik,2016,114925,942
Palghar,2016,57055,637
Parbhani,2016,28236,291
Pune,2016,133849,1094
Raigad,2016,30228,485
Ratnagiri,2016,17867,129
Sangli,2016,50547,85
Satara,2016,44022,256
Sindhudurg,2016,7818,12
Solapur,2016,73099,262
Thane,2016,121350,2895
Wardha,2016,18178,106
Washim,2016,17448,106
Yavatmal,2016,40916,465
Ahilyanagar,2015,74284,373
Akola,2015,50098,1051
Amravati,2015,47273,529
Beed,2015,35171,892
Bhandara,2015,22007,27
Buldhana,2015,35068,119
Chandrapur,2015,30358,218
Chh. Sambhaji Nagar,2015,54168,872
Dharashiv,2015,26383,76
Dhule,2015,30003,232
Gadchiroli,2015,20979,163
Gondia,2015,23029,164
Hingoli,2015,19658,550
Jalgaon,2015,66074,414
Jalna,2015,35869,208
Kolhapur,2015,60185,139
Latur,2015,47128,994
Mumbai,2015,52890,1867
Nagpur,2015,72397,1127
Nanded,2015,57025,3682
Nandurbar,2015,35614,194
Nashik,2015,98307,629
Palghar,2015,70087,745
Parbhani,2015,35761,787
Pune,2015,125159,1299
Raigad,2015,28368,48
Ratnagiri,2015,19498,134
Sangli,2015,50870,419
Satara,2015,52004,569
Sindhudurg,2015,8270,29
Solapur,2015,72386,491
Thane,2015,103607,1540
Wardha,2015,19264,251
Washim,2015,17938,18
Yavatmal,2015,43693,801
Ahilyanagar,2014,73515,1228
Akola,2014,56230,869
Amravati,2014,46460,111
Beed,2014,33462,427
Bhandara,2014,22146,207
Buldhana,2014,34447,678
Chandrapur,2014,30579,264
Chh. Sambhaji Nagar,2014,47773,942
Dharashiv,2014,30126,232
Dhule,2014,32581,1075
Gadchiroli,2014,21433,118
Gondia,2014,21244,320
Hingoli,2014,19801,175
Jalgaon,2014,50493,450
Jalna,2014,40241,61
Kolhapur,2014,54759,208
Latur,2014,44855,1352
Mumbai,2014,31384,1782
Nagpur,2014,70434,1611
Nanded,2014,54041,1656
Nandurbar,2014,35370,433
Nashik,2014,89264,2131
Palghar,2014,57648,946
Parbhani,2014,33064,1255
Pune,2014,112141,3018
Raigad,2014,27400,54
Ratnagiri,2014,19070,56
Sangli,2014,48811,258
Satara,2014,47434,481
Sindhudurg,2014,8169,13
Solapur,2014,72080,950
Thane,2014,99004,2327
Wardha,2014,19452,173
Washim,2014,19545,130
Yavatmal,2014,41276,1006
Ahilyanagar,2013,72293,1463
Akola,2013,52680,957
Amravati,2013,53973,1886
Beed,2013,45392,1461
Bhandara,2013,22217,221
Buldhana,2013,43601,1795
Chandrapur,2013,28204,642
Chh. Sambhaji Nagar,2013,41993,1104
Dharashiv,2013,28431,384
Dhule,2013,33095,961
Gadchiroli,2013,41541,589
Gondia,2013,26763,393
Hingoli,2013,19227,0
Jalgaon,2013,53687,2336
Jalna,2013,42066,691
Kolhapur,2013,50559,709
Latur,2013,46347,884
Mumbai,2013,30480,2054
Nagpur,2013,87159,1909
Nanded,2013,48340,1078
Nandurbar,2013,36028,1177
Nashik,2013,93524,2292
Palghar,2013,4498,18
Parbhani,2013,27056,937
Pune,2013,141504,4144
Raigad,2013,32146,626
Ratnagiri,2013,18978,308
Sangli,2013,45106,362
Satara,2013,44515,382
Sindhudurg,2013,8332,45
Solapur,2013,66652,1912
Thane,2013,169704,4589
Wardha,2013,24496,303
Washim,2013,19387,350
Yavatmal,2013,38986,1915
Ahilyanagar,2012,42365,1676
Akola,2012,39799,768
Amravati,2012,43831,2046
Beed,2012,28286,573
Bhandara,2012,13189,222
Buldhana,2012,24017,2478
Chandrapur,2012,27653,2007
Chh. Sambhaji Nagar,2012,37648,2061
Dharashiv,2012,20233,721
Dhule,2012,11804,1580
Gadchiroli,2012,11167,1412
Gondia,2012,13663,306
Hingoli,2012,13513,645
Jalgaon,2012,35204,3862
Jalna,2012,26998,1946
Kolhapur,2012,28217,725
Latur,2012,30788,1621
Mumbai,2012,17514,2130
Nagpur,2012,79744,2299
Nanded,2012,38756,2608
Nandurbar,2012,20818,2263
Nashik,2012,40394,3430
Palghar,2012,,
Parbhani,2012,19076,1389
Pune,2012,88176,5823
Raigad,2012,19549,573
Ratnagiri,2012,16146,272
Sangli,2012,30682,854
Satara,2012,31970,1092
Sindhudurg,2012,7250,134
Solapur,2012,39946,2497
Thane,2012,104964,7320
Wardha,2012,12634,339
Washim,2012,12001,303
Yavatmal,2012,27417,1405
Ahilyanagar,2011,39059,2819
Akola,2011,20568,362
Amravati,2011,38053,2974
Beed,2011,21821,467
Bhandara,2011,14587,996
Buldhana,2011,20202,2841
Chandrapur,2011,26838,2339
Chh. Sambhaji Nagar,2011,28039,2875
Dharashiv,2011,17981,1705
Dhule,2011,8998,1540
Gadchiroli,2011,17023,2853
Gondia,2011,14593,936
Hingoli,2011,12827,992
Jalgaon,2011,32798,5260
Jalna,2011,15575,1718
Kolhapur,2011,26283,1583
Latur,2011,30408,2182
Mumbai,2011,26015,1069
Nagpur,2011,68021,2325
Nanded,2011,37032,3959
Nandurbar,2011,15311,2081
Nashik,2011,28582,4269
Palghar,2011,,
Parbhani,2011,14199,1559
Pune,2011,63107,4202
Raigad,2011,16751,1170
Ratnagiri,2011,16569,592
Sangli,2011,21716,1214
Satara,2011,26104,1883
Sindhudurg,2011,7993,502
Solapur,2011,37057,2582
Thane,2011,63839,4434
Wardha,2011,10234,117
Washim,2011,8814,442
Yavatmal,2011,26971,2987
Ahilyanagar,2010,,
Akola,2010,4334,1866
Amravati,2010,4921,64
Beed,2010,,
Bhandara,2010,,
Buldhana,2010,,
Chandrapur,2010,,
Chh. Sambhaji Nagar,2010,18,
Dharashiv,2010,19,
Dhule,2010,26,
Gadchiroli,2010,,
Gondia,2010,,
Hingoli,2010,,
Jalgaon,2010,,
Jalna,2010,16378,1418
Kolhapur,2010,,
Latur,2010,,
Mumbai,2010,,
Nagpur,2010,,
Nanded,2010,,
Nandurbar,2010,,
Nashik,2010,,
Palghar,2010,,
Parbhani,2010,,
Pune,2010,,
Raigad,2010,,
Ratnagiri,2010,,
Sangli,2010,3963,138
Satara,2010,,
Sindhudurg,2010,,
Solapur,2010,29557,9016
Thane,2010,530,530
Wardha,2010,,
Washim,2010,,
Yavatmal,2010,,
Ahilyanagar,2009,,
Akola,2009,,
Amravati,2009,653,175
Beed,2009,,
Bhandara,2009,,
Buldhana,2009,,
Chandrapur,2009,,
Chh. Sambhaji Nagar,2009,,
Dharashiv,2009,,
Dhule,2009,,
Gadchiroli,2009,,
Gondia,2009,,
Hingoli,2009,,
Jalgaon,2009,,
Jalna,2009,16276,1252
Kolhapur,2009,,
Latur,2009,,
Mumbai,2009,,
Nagpur,2009,1105,1105
Nanded,2009,,
Nandurbar,2009,,
Nashik,2009,,
Palghar,2009,,
Parbhani,2009,,
Pune,2009,1236,672
Raigad,2009,,
Ratnagiri,2009,,
Sangli,2009,,
Satara,2009,,
Sindhudurg,2009,,
Solapur,2009,15518,11280
Thane,2009,,
Wardha,2009,,
Washim,2009,,
Yavatmal,2009,,
Ahilyanagar,2008,,
Akola,2008,,
Amravati,2008,,
Beed,2008,,
Bhandara,2008,,
Buldhana,2008,,
Chandrapur,2008,,
Chh. Sambhaji Nagar,2008,,
Dharashiv,2008,,
Dhule,2008,,
Gadchiroli,2008,,
Gondia,2008,,
Hingoli,2008,,
Jalgaon,2008,,
Jalna,2008,,
Kolhapur,2008,,
Latur,2008,,
Mumbai,2008,,
Nagpur,2008,,
Nanded,2008,,
Nandurbar,2008,,
Nashik,2008,,
Palghar,2008,,
Parbhani,2008,,
Pune,2008,,
Raigad,2008,,
Ratnagiri,2008,,
Sangli,2008,,
Satara,2008,,
Sindhudurg,2008,,
Solapur,2008,,
Thane,2008,,
Wardha,2008,,
Washim,2008,,
Yavatmal,2008,,
